2026-02-04 16:47:44,257 [INFO] [rank=0] [QUANTUM] ========================================
2026-02-04 16:47:44,258 [INFO] [rank=0] [QUANTUM] Modalità QUANTUM STATES attiva!
2026-02-04 16:47:44,259 [INFO] [rank=0] [QUANTUM] ========================================
2026-02-04 16:47:44,259 [INFO] [rank=0] [QUANTUM] Frasi quantistiche (num_states): 100
2026-02-04 16:47:44,259 [INFO] [rank=0] [QUANTUM] Parole per frase (max_time): 5
2026-02-04 16:47:44,259 [INFO] [rank=0] [QUANTUM] ✓ PROIEZIONE ABILITATA: 10 qubit -> 4 qubit
2026-02-04 16:47:44,259 [INFO] [rank=0] [QUANTUM] Dimensione Hilbert sorgente: 2^10 = 1024
2026-02-04 16:47:44,259 [INFO] [rank=0] [QUANTUM] Dimensione Hilbert target: 2^4 = 16
2026-02-04 16:47:44,260 [INFO] [rank=0] [QUANTUM] MPI ranks: 1
2026-02-04 16:47:44,260 [INFO] [rank=0] [QUANTUM] Frasi per rank: ~100
2026-02-04 16:47:44,260 [INFO] [rank=0] [QUANTUM] Rank 0: Generazione OTTIMIZZATA di 100 frasi quantistiche...
2026-02-04 16:47:44,260 [INFO] [rank=0] [QUANTUM] Dimensione target: 2^10 = 1024, memoria stimata: 7 MB
2026-02-04 16:47:45,388 [INFO] [rank=0] [QUANTUM] Batch 1: generazione 20 frasi (0-19)...
2026-02-04 16:48:10,450 [INFO] [rank=0] [QUANTUM] Batch completato, totale frasi: 20/100
2026-02-04 16:48:10,450 [INFO] [rank=0] [QUANTUM] Batch 2: generazione 20 frasi (20-39)...
2026-02-04 16:48:36,163 [INFO] [rank=0] [QUANTUM] Batch completato, totale frasi: 40/100
2026-02-04 16:48:36,164 [INFO] [rank=0] [QUANTUM] Batch 3: generazione 20 frasi (40-59)...
2026-02-04 16:49:07,333 [INFO] [rank=0] [QUANTUM] Batch completato, totale frasi: 60/100
2026-02-04 16:49:07,333 [INFO] [rank=0] [QUANTUM] Batch 4: generazione 20 frasi (60-79)...
2026-02-04 16:49:36,812 [INFO] [rank=0] [QUANTUM] Batch completato, totale frasi: 80/100
2026-02-04 16:49:36,813 [INFO] [rank=0] [QUANTUM] Batch 5: generazione 20 frasi (80-99)...
2026-02-04 16:50:07,873 [INFO] [rank=0] [QUANTUM] Batch completato, totale frasi: 100/100
2026-02-04 16:50:07,875 [INFO] [rank=0] [QUANTUM] ✓ Tutte le 100 frasi generate: shape=(100, 5, 1024)
2026-02-04 16:50:08,069 [INFO] [rank=0] [QUANTUM] Verifica diversità: ||frase_0 - frase_1|| = 3.162278
2026-02-04 16:50:08,075 [INFO] [rank=0] [QUANTUM] Salvate in quantum_states_generated.npy
2026-02-04 16:50:08,075 [INFO] [rank=0] [QUANTUM] Rank 0: Ricevute frasi quantistiche, shape=(100, 5, 1024)
2026-02-04 16:50:08,075 [INFO] [rank=0] [QUANTUM] Rank 0: Assegnate 100 frasi (IDs: [0, 1, 2, 3, 4, 5, 6, 7, 8, 9, 10, 11, 12, 13, 14, 15, 16, 17, 18, 19, 20, 21, 22, 23, 24, 25, 26, 27, 28, 29, 30, 31, 32, 33, 34, 35, 36, 37, 38, 39, 40, 41, 42, 43, 44, 45, 46, 47, 48, 49, 50, 51, 52, 53, 54, 55, 56, 57, 58, 59, 60, 61, 62, 63, 64, 65, 66, 67, 68, 69, 70, 71, 72, 73, 74, 75, 76, 77, 78, 79, 80, 81, 82, 83, 84, 85, 86, 87, 88, 89, 90, 91, 92, 93, 94, 95, 96, 97, 98, 99])
2026-02-04 16:50:08,079 [INFO] [rank=0] [PROJECTION] ✓ Projector creato: 1024 -> 16
2026-02-04 16:50:08,080 [INFO] [rank=0] [QUANTUM] P sostituisce E (embedding): (16, 1024)
2026-02-04 16:50:08,080 [INFO] [rank=0] [QUANTUM] V non serve in quantum mode (target = stati proiettati)
2026-02-04 16:50:08,080 [INFO] [rank=0] Parametri: quantum=480 embed=0 rot=0 proj=16384 tot=16864 shape_half=(5, 2, 2, 4, 3)
2026-02-04 16:50:08,100 [INFO] [rank=0] Inizio ottimizzazione con COBYLA (NO early stopping): maxiter=150, tol=1e-05
2026-02-04 16:50:08,101 [INFO] [rank=0] [STOPPING CONFIG] HARD CONSTRAINT: Stop ONLY at 100 loss evaluations
2026-02-04 16:50:08,101 [INFO] [rank=0] [STOPPING CONFIG] All early stopping logic DISABLED
2026-02-04 16:50:08,210 [INFO] [rank=0] [LOSS EVAL 1/100] Starting evaluation...
2026-02-04 17:09:39,835 [INFO] [rank=0] [QUANTUM] ========================================
2026-02-04 17:09:39,837 [INFO] [rank=0] [QUANTUM] Modalità QUANTUM STATES attiva!
2026-02-04 17:09:39,837 [INFO] [rank=0] [QUANTUM] ========================================
2026-02-04 17:09:39,837 [INFO] [rank=0] [QUANTUM] Frasi quantistiche (num_states): 100
2026-02-04 17:09:39,837 [INFO] [rank=0] [QUANTUM] Parole per frase (max_time): 5
2026-02-04 17:09:39,837 [INFO] [rank=0] [QUANTUM] ✓ PROIEZIONE ABILITATA: 10 qubit -> 4 qubit
2026-02-04 17:09:39,838 [INFO] [rank=0] [QUANTUM] Dimensione Hilbert sorgente: 2^10 = 1024
2026-02-04 17:09:39,838 [INFO] [rank=0] [QUANTUM] Dimensione Hilbert target: 2^4 = 16
2026-02-04 17:09:39,838 [INFO] [rank=0] [QUANTUM] MPI ranks: 100
2026-02-04 17:09:39,838 [INFO] [rank=0] [QUANTUM] Frasi per rank: ~1
2026-02-04 17:09:39,838 [INFO] [rank=0] [QUANTUM] Rank 0: Generazione OTTIMIZZATA di 100 frasi quantistiche...
2026-02-04 17:09:39,838 [INFO] [rank=0] [QUANTUM] Dimensione target: 2^10 = 1024, memoria stimata: 7 MB
2026-02-04 17:09:40,617 [INFO] [rank=0] [QUANTUM] Batch 1: generazione 20 frasi (0-19)...
2026-02-04 17:10:00,600 [INFO] [rank=0] [QUANTUM] Batch completato, totale frasi: 20/100
2026-02-04 17:10:00,600 [INFO] [rank=0] [QUANTUM] Batch 2: generazione 20 frasi (20-39)...
2026-02-04 17:10:20,601 [INFO] [rank=0] [QUANTUM] Batch completato, totale frasi: 40/100
2026-02-04 17:10:20,602 [INFO] [rank=0] [QUANTUM] Batch 3: generazione 20 frasi (40-59)...
2026-02-04 17:10:40,677 [INFO] [rank=0] [QUANTUM] Batch completato, totale frasi: 60/100
2026-02-04 17:10:40,678 [INFO] [rank=0] [QUANTUM] Batch 4: generazione 20 frasi (60-79)...
2026-02-04 17:11:00,450 [INFO] [rank=0] [QUANTUM] Batch completato, totale frasi: 80/100
2026-02-04 17:11:00,450 [INFO] [rank=0] [QUANTUM] Batch 5: generazione 20 frasi (80-99)...
2026-02-04 17:11:20,361 [INFO] [rank=0] [QUANTUM] Batch completato, totale frasi: 100/100
2026-02-04 17:11:20,365 [INFO] [rank=0] [QUANTUM] ✓ Tutte le 100 frasi generate: shape=(100, 5, 1024)
2026-02-04 17:11:20,461 [INFO] [rank=0] [QUANTUM] Verifica diversità: ||frase_0 - frase_1|| = 3.162278
2026-02-04 17:11:20,467 [INFO] [rank=0] [QUANTUM] Salvate in quantum_states_generated.npy
2026-02-04 17:11:20,584 [INFO] [rank=0] [QUANTUM] Rank 0: Ricevute frasi quantistiche, shape=(100, 5, 1024)
2026-02-04 17:11:20,584 [INFO] [rank=0] [QUANTUM] Rank 0: Assegnate 1 frasi (IDs: [0])
2026-02-04 17:11:20,585 [INFO] [rank=0] [PROJECTION] ✓ Projector creato: 1024 -> 16
2026-02-04 17:11:20,585 [INFO] [rank=0] [QUANTUM] P sostituisce E (embedding): (16, 1024)
2026-02-04 17:11:20,585 [INFO] [rank=0] [QUANTUM] V non serve in quantum mode (target = stati proiettati)
2026-02-04 17:11:20,586 [INFO] [rank=0] Parametri: quantum=480 embed=0 rot=0 proj=16384 tot=16864 shape_half=(5, 2, 2, 4, 3)
2026-02-04 17:11:20,794 [INFO] [rank=0] Inizio ottimizzazione con COBYLA (NO early stopping): maxiter=150, tol=1e-05
2026-02-04 17:11:20,794 [INFO] [rank=0] [STOPPING CONFIG] HARD CONSTRAINT: Stop ONLY at 100 loss evaluations
2026-02-04 17:11:20,794 [INFO] [rank=0] [STOPPING CONFIG] All early stopping logic DISABLED
2026-02-04 17:11:21,184 [INFO] [rank=0] [LOSS EVAL 1/100] Starting evaluation...
2026-02-04 18:07:44,505 [INFO] [rank=0] [QUANTUM] ========================================
2026-02-04 18:07:44,516 [INFO] [rank=0] [QUANTUM] Modalità QUANTUM STATES attiva!
2026-02-04 18:07:44,516 [INFO] [rank=0] [QUANTUM] ========================================
2026-02-04 18:07:44,516 [INFO] [rank=0] [QUANTUM] Frasi quantistiche (num_states): 100
2026-02-04 18:07:44,516 [INFO] [rank=0] [QUANTUM] Parole per frase (max_time): 5
2026-02-04 18:07:44,516 [INFO] [rank=0] [QUANTUM] ✓ PROIEZIONE ABILITATA: 10 qubit -> 2 qubit
2026-02-04 18:07:44,517 [INFO] [rank=0] [QUANTUM] Dimensione Hilbert sorgente: 2^10 = 1024
2026-02-04 18:07:44,517 [INFO] [rank=0] [QUANTUM] Dimensione Hilbert target: 2^2 = 4
2026-02-04 18:07:44,517 [INFO] [rank=0] [QUANTUM] MPI ranks: 100
2026-02-04 18:07:44,517 [INFO] [rank=0] [QUANTUM] Frasi per rank: ~1
2026-02-04 18:07:44,517 [INFO] [rank=0] [QUANTUM] Rank 0: Generazione OTTIMIZZATA di 100 frasi quantistiche...
2026-02-04 18:07:44,517 [INFO] [rank=0] [QUANTUM] Dimensione target: 2^10 = 1024, memoria stimata: 7 MB
2026-02-04 18:07:45,268 [INFO] [rank=0] [QUANTUM] Batch 1: generazione 20 frasi (0-19)...
2026-02-04 18:08:07,363 [INFO] [rank=0] [QUANTUM] Batch completato, totale frasi: 20/100
2026-02-04 18:08:07,363 [INFO] [rank=0] [QUANTUM] Batch 2: generazione 20 frasi (20-39)...
2026-02-04 18:08:29,541 [INFO] [rank=0] [QUANTUM] Batch completato, totale frasi: 40/100
2026-02-04 18:08:29,541 [INFO] [rank=0] [QUANTUM] Batch 3: generazione 20 frasi (40-59)...
2026-02-04 18:08:51,158 [INFO] [rank=0] [QUANTUM] Batch completato, totale frasi: 60/100
2026-02-04 18:08:51,159 [INFO] [rank=0] [QUANTUM] Batch 4: generazione 20 frasi (60-79)...
2026-02-04 18:09:12,868 [INFO] [rank=0] [QUANTUM] Batch completato, totale frasi: 80/100
2026-02-04 18:09:12,868 [INFO] [rank=0] [QUANTUM] Batch 5: generazione 20 frasi (80-99)...
2026-02-04 18:09:35,487 [INFO] [rank=0] [QUANTUM] Batch completato, totale frasi: 100/100
2026-02-04 18:09:35,490 [INFO] [rank=0] [QUANTUM] ✓ Tutte le 100 frasi generate: shape=(100, 5, 1024)
2026-02-04 18:09:35,593 [INFO] [rank=0] [QUANTUM] Verifica diversità: ||frase_0 - frase_1|| = 3.162278
2026-02-04 18:09:35,599 [INFO] [rank=0] [QUANTUM] Salvate in quantum_states_generated.npy
2026-02-04 18:09:35,722 [INFO] [rank=0] [QUANTUM] Rank 0: Ricevute frasi quantistiche, shape=(100, 5, 1024)
2026-02-04 18:09:35,723 [INFO] [rank=0] [QUANTUM] Rank 0: Assegnate 1 frasi (IDs: [0])
2026-02-04 18:09:35,724 [INFO] [rank=0] [PROJECTION] ✓ Projector creato: 1024 -> 4
2026-02-04 18:09:35,724 [INFO] [rank=0] [QUANTUM] P sostituisce E (embedding): (4, 1024)
2026-02-04 18:09:35,724 [INFO] [rank=0] [QUANTUM] V non serve in quantum mode (target = stati proiettati)
2026-02-04 18:09:35,724 [INFO] [rank=0] Parametri: quantum=480 embed=0 rot=0 proj=4096 tot=4576 shape_half=(5, 2, 2, 4, 3)
2026-02-04 18:09:35,901 [INFO] [rank=0] Inizio ottimizzazione con COBYLA (NO early stopping): maxiter=150, tol=1e-05
2026-02-04 18:09:35,901 [INFO] [rank=0] [STOPPING CONFIG] HARD CONSTRAINT: Stop ONLY at 100 loss evaluations
2026-02-04 18:09:35,902 [INFO] [rank=0] [STOPPING CONFIG] All early stopping logic DISABLED
2026-02-04 18:09:36,341 [INFO] [rank=0] [LOSS EVAL 1/100] Starting evaluation...
2026-02-04 18:10:03,542 [INFO] [rank=0] [TRAIN] Loss (circuito): 4.938731
2026-02-04 18:10:03,545 [INFO] [rank=0] [TRAIN] Loss (formula L=-2ln(mean_sqrt_p)): 4.706619
2026-02-04 18:10:03,546 [INFO] [rank=0] [TRAIN] PPL (exp(L)): 110.677315
2026-02-04 18:10:03,549 [INFO] [rank=0] [TRACKER] New best! Loss=4.938731 at iter 1
2026-02-04 18:10:03,550 [INFO] [rank=0] [TRACKING] iter=1, loss=4.938731, best=4.938731, evals=1/100
2026-02-04 18:10:04,307 [INFO] [rank=0] [LOSS EVAL 2/100] Starting evaluation...
2026-02-04 18:10:04,310 [WARNING] [rank=0] [MEMORY] Soglia memoria 1.0GB superata al processo 0/1
2026-02-04 18:10:31,804 [INFO] [rank=0] [TRAIN] Loss (circuito): 4.092015
2026-02-04 18:10:31,805 [INFO] [rank=0] [TRAIN] Loss (formula L=-2ln(mean_sqrt_p)): 3.947251
2026-02-04 18:10:31,805 [INFO] [rank=0] [TRAIN] PPL (exp(L)): 51.792793
2026-02-04 18:10:31,808 [INFO] [rank=0] [TRACKER] New best! Loss=4.092015 at iter 2
2026-02-04 18:10:31,809 [INFO] [rank=0] [TRACKING] iter=2, loss=4.092015, best=4.092015, evals=2/100
2026-02-04 18:10:31,934 [INFO] [rank=0] [LOSS EVAL 3/100] Starting evaluation...
2026-02-04 18:10:31,936 [WARNING] [rank=0] [MEMORY] Soglia memoria 1.0GB superata al processo 0/1
2026-02-04 18:10:59,435 [INFO] [rank=0] [TRAIN] Loss (circuito): 4.950503
2026-02-04 18:10:59,436 [INFO] [rank=0] [TRAIN] Loss (formula L=-2ln(mean_sqrt_p)): 4.690862
2026-02-04 18:10:59,438 [INFO] [rank=0] [TRAIN] PPL (exp(L)): 108.947012
2026-02-04 18:10:59,440 [INFO] [rank=0] [TRACKING] iter=3, loss=4.950503, best=4.092015, evals=3/100
2026-02-04 18:10:59,564 [INFO] [rank=0] [LOSS EVAL 4/100] Starting evaluation...
2026-02-04 18:10:59,566 [WARNING] [rank=0] [MEMORY] Soglia memoria 1.0GB superata al processo 0/1
2026-02-04 18:11:27,095 [INFO] [rank=0] [TRAIN] Loss (circuito): 3.435815
2026-02-04 18:11:27,096 [INFO] [rank=0] [TRAIN] Loss (formula L=-2ln(mean_sqrt_p)): 3.367836
2026-02-04 18:11:27,097 [INFO] [rank=0] [TRAIN] PPL (exp(L)): 29.015657
2026-02-04 18:11:27,099 [INFO] [rank=0] [TRACKER] New best! Loss=3.435815 at iter 4
2026-02-04 18:11:27,099 [INFO] [rank=0] [TRACKING] iter=4, loss=3.435815, best=3.435815, evals=4/100
2026-02-04 18:11:27,223 [INFO] [rank=0] [LOSS EVAL 5/100] Starting evaluation...
2026-02-04 18:11:27,226 [WARNING] [rank=0] [MEMORY] Soglia memoria 1.0GB superata al processo 0/1
2026-02-04 18:11:54,724 [INFO] [rank=0] [TRAIN] Loss (circuito): 3.075320
2026-02-04 18:11:54,725 [INFO] [rank=0] [TRAIN] Loss (formula L=-2ln(mean_sqrt_p)): 3.028368
2026-02-04 18:11:54,726 [INFO] [rank=0] [TRAIN] PPL (exp(L)): 20.663484
2026-02-04 18:11:54,729 [INFO] [rank=0] [TRACKER] New best! Loss=3.075320 at iter 5
2026-02-04 18:11:54,731 [INFO] [rank=0] [TRACKING] iter=5, loss=3.075320, best=3.075320, evals=5/100
2026-02-04 18:11:54,853 [INFO] [rank=0] [LOSS EVAL 6/100] Starting evaluation...
2026-02-04 18:11:54,856 [WARNING] [rank=0] [MEMORY] Soglia memoria 1.0GB superata al processo 0/1
2026-02-04 18:12:22,397 [INFO] [rank=0] [TRAIN] Loss (circuito): 2.957931
2026-02-04 18:12:22,399 [INFO] [rank=0] [TRAIN] Loss (formula L=-2ln(mean_sqrt_p)): 2.914248
2026-02-04 18:12:22,401 [INFO] [rank=0] [TRAIN] PPL (exp(L)): 18.434941
2026-02-04 18:12:22,403 [INFO] [rank=0] [TRACKER] New best! Loss=2.957931 at iter 6
2026-02-04 18:12:22,404 [INFO] [rank=0] [TRACKING] iter=6, loss=2.957931, best=2.957931, evals=6/100
2026-02-04 18:12:22,526 [INFO] [rank=0] [LOSS EVAL 7/100] Starting evaluation...
2026-02-04 18:12:22,528 [WARNING] [rank=0] [MEMORY] Soglia memoria 1.0GB superata al processo 0/1
2026-02-04 18:12:50,040 [INFO] [rank=0] [TRAIN] Loss (circuito): 2.669070
2026-02-04 18:12:50,041 [INFO] [rank=0] [TRAIN] Loss (formula L=-2ln(mean_sqrt_p)): 2.631060
2026-02-04 18:12:50,042 [INFO] [rank=0] [TRAIN] PPL (exp(L)): 13.888482
2026-02-04 18:12:50,045 [INFO] [rank=0] [TRACKER] New best! Loss=2.669070 at iter 7
2026-02-04 18:12:50,046 [INFO] [rank=0] [TRACKING] iter=7, loss=2.669070, best=2.669070, evals=7/100
2026-02-04 18:12:50,169 [INFO] [rank=0] [LOSS EVAL 8/100] Starting evaluation...
2026-02-04 18:12:50,172 [WARNING] [rank=0] [MEMORY] Soglia memoria 1.0GB superata al processo 0/1
2026-02-04 18:13:17,730 [INFO] [rank=0] [TRAIN] Loss (circuito): 3.114494
2026-02-04 18:13:17,733 [INFO] [rank=0] [TRAIN] Loss (formula L=-2ln(mean_sqrt_p)): 3.057764
2026-02-04 18:13:17,733 [INFO] [rank=0] [TRAIN] PPL (exp(L)): 21.279922
2026-02-04 18:13:17,734 [INFO] [rank=0] [TRACKING] iter=8, loss=3.114494, best=2.669070, evals=8/100
2026-02-04 18:13:17,858 [INFO] [rank=0] [LOSS EVAL 9/100] Starting evaluation...
2026-02-04 18:13:17,861 [WARNING] [rank=0] [MEMORY] Soglia memoria 1.0GB superata al processo 0/1
2026-02-04 18:13:45,413 [INFO] [rank=0] [TRAIN] Loss (circuito): 3.009446
2026-02-04 18:13:45,415 [INFO] [rank=0] [TRAIN] Loss (formula L=-2ln(mean_sqrt_p)): 2.956697
2026-02-04 18:13:45,416 [INFO] [rank=0] [TRAIN] PPL (exp(L)): 19.234333
2026-02-04 18:13:45,417 [INFO] [rank=0] [TRACKING] iter=9, loss=3.009446, best=2.669070, evals=9/100
2026-02-04 18:13:45,542 [INFO] [rank=0] [LOSS EVAL 10/100] Starting evaluation...
2026-02-04 18:13:45,544 [INFO] [rank=0] [PROJECTION] P matrix set: shape=(4, 1024), norm=116.4543
2026-02-04 18:13:45,544 [WARNING] [rank=0] [MEMORY] Soglia memoria 1.0GB superata al processo 0/1
2026-02-04 18:14:13,146 [INFO] [rank=0] [TRAIN] Loss (circuito): 2.467408
2026-02-04 18:14:13,147 [INFO] [rank=0] [TRAIN] Loss (formula L=-2ln(mean_sqrt_p)): 2.432543
2026-02-04 18:14:13,148 [INFO] [rank=0] [TRAIN] PPL (exp(L)): 11.387807
2026-02-04 18:14:13,150 [INFO] [rank=0] [TRACKER] New best! Loss=2.467408 at iter 10
2026-02-04 18:14:13,151 [INFO] [rank=0] [TRACKING] iter=10, loss=2.467408, best=2.467408, evals=10/100
2026-02-04 18:14:13,274 [INFO] [rank=0] [LOSS EVAL 11/100] Starting evaluation...
2026-02-04 18:14:13,277 [WARNING] [rank=0] [MEMORY] Soglia memoria 1.0GB superata al processo 0/1
2026-02-04 18:14:40,862 [INFO] [rank=0] [TRAIN] Loss (circuito): 2.578292
2026-02-04 18:14:40,864 [INFO] [rank=0] [TRAIN] Loss (formula L=-2ln(mean_sqrt_p)): 2.544553
2026-02-04 18:14:40,866 [INFO] [rank=0] [TRAIN] PPL (exp(L)): 12.737530
2026-02-04 18:14:40,866 [INFO] [rank=0] [TRACKING] iter=11, loss=2.578292, best=2.467408, evals=11/100
2026-02-04 18:14:40,991 [INFO] [rank=0] [LOSS EVAL 12/100] Starting evaluation...
2026-02-04 18:14:40,994 [WARNING] [rank=0] [MEMORY] Soglia memoria 1.0GB superata al processo 0/1
2026-02-04 18:15:08,596 [INFO] [rank=0] [TRAIN] Loss (circuito): 2.290065
2026-02-04 18:15:08,597 [INFO] [rank=0] [TRAIN] Loss (formula L=-2ln(mean_sqrt_p)): 2.260967
2026-02-04 18:15:08,599 [INFO] [rank=0] [TRAIN] PPL (exp(L)): 9.592356
2026-02-04 18:15:08,600 [INFO] [rank=0] [TRACKER] New best! Loss=2.290065 at iter 12
2026-02-04 18:15:08,601 [INFO] [rank=0] [TRACKING] iter=12, loss=2.290065, best=2.290065, evals=12/100
2026-02-04 18:15:08,725 [INFO] [rank=0] [LOSS EVAL 13/100] Starting evaluation...
2026-02-04 18:15:08,727 [WARNING] [rank=0] [MEMORY] Soglia memoria 1.0GB superata al processo 0/1
2026-02-04 18:15:36,289 [INFO] [rank=0] [TRAIN] Loss (circuito): 2.755479
2026-02-04 18:15:36,292 [INFO] [rank=0] [TRAIN] Loss (formula L=-2ln(mean_sqrt_p)): 2.716953
2026-02-04 18:15:36,293 [INFO] [rank=0] [TRAIN] PPL (exp(L)): 15.134143
2026-02-04 18:15:36,294 [INFO] [rank=0] [TRACKING] iter=13, loss=2.755479, best=2.290065, evals=13/100
2026-02-04 18:15:36,419 [INFO] [rank=0] [LOSS EVAL 14/100] Starting evaluation...
2026-02-04 18:15:36,421 [WARNING] [rank=0] [MEMORY] Soglia memoria 1.0GB superata al processo 0/1
2026-02-04 18:16:04,000 [INFO] [rank=0] [TRAIN] Loss (circuito): 2.580840
2026-02-04 18:16:04,002 [INFO] [rank=0] [TRAIN] Loss (formula L=-2ln(mean_sqrt_p)): 2.539599
2026-02-04 18:16:04,004 [INFO] [rank=0] [TRAIN] PPL (exp(L)): 12.674587
2026-02-04 18:16:04,004 [INFO] [rank=0] [TRACKING] iter=14, loss=2.580840, best=2.290065, evals=14/100
2026-02-04 18:16:04,130 [INFO] [rank=0] [LOSS EVAL 15/100] Starting evaluation...
2026-02-04 18:16:04,132 [WARNING] [rank=0] [MEMORY] Soglia memoria 1.0GB superata al processo 0/1
2026-02-04 18:16:31,721 [INFO] [rank=0] [TRAIN] Loss (circuito): 2.430736
2026-02-04 18:16:31,722 [INFO] [rank=0] [TRAIN] Loss (formula L=-2ln(mean_sqrt_p)): 2.399955
2026-02-04 18:16:31,723 [INFO] [rank=0] [TRAIN] PPL (exp(L)): 11.022680
2026-02-04 18:16:31,723 [INFO] [rank=0] [TRACKING] iter=15, loss=2.430736, best=2.290065, evals=15/100
2026-02-04 18:16:31,851 [INFO] [rank=0] [LOSS EVAL 16/100] Starting evaluation...
2026-02-04 18:16:31,854 [WARNING] [rank=0] [MEMORY] Soglia memoria 1.0GB superata al processo 0/1
2026-02-04 18:16:59,453 [INFO] [rank=0] [TRAIN] Loss (circuito): 2.296995
2026-02-04 18:16:59,455 [INFO] [rank=0] [TRAIN] Loss (formula L=-2ln(mean_sqrt_p)): 2.270856
2026-02-04 18:16:59,455 [INFO] [rank=0] [TRAIN] PPL (exp(L)): 9.687687
2026-02-04 18:16:59,456 [INFO] [rank=0] [TRACKING] iter=16, loss=2.296995, best=2.290065, evals=16/100
2026-02-04 18:16:59,583 [INFO] [rank=0] [LOSS EVAL 17/100] Starting evaluation...
2026-02-04 18:16:59,585 [WARNING] [rank=0] [MEMORY] Soglia memoria 1.0GB superata al processo 0/1
2026-02-04 18:17:27,211 [INFO] [rank=0] [TRAIN] Loss (circuito): 2.144685
2026-02-04 18:17:27,212 [INFO] [rank=0] [TRAIN] Loss (formula L=-2ln(mean_sqrt_p)): 2.121040
2026-02-04 18:17:27,213 [INFO] [rank=0] [TRAIN] PPL (exp(L)): 8.339804
2026-02-04 18:17:27,216 [INFO] [rank=0] [TRACKER] New best! Loss=2.144685 at iter 17
2026-02-04 18:17:27,216 [INFO] [rank=0] [TRACKING] iter=17, loss=2.144685, best=2.144685, evals=17/100
2026-02-04 18:17:27,341 [INFO] [rank=0] [LOSS EVAL 18/100] Starting evaluation...
2026-02-04 18:17:27,344 [WARNING] [rank=0] [MEMORY] Soglia memoria 1.0GB superata al processo 0/1
2026-02-04 18:17:54,971 [INFO] [rank=0] [TRAIN] Loss (circuito): 2.196334
2026-02-04 18:17:54,972 [INFO] [rank=0] [TRAIN] Loss (formula L=-2ln(mean_sqrt_p)): 2.169816
2026-02-04 18:17:54,973 [INFO] [rank=0] [TRAIN] PPL (exp(L)): 8.756677
2026-02-04 18:17:54,973 [INFO] [rank=0] [TRACKING] iter=18, loss=2.196334, best=2.144685, evals=18/100
2026-02-04 18:17:55,102 [INFO] [rank=0] [LOSS EVAL 19/100] Starting evaluation...
2026-02-04 18:17:55,104 [WARNING] [rank=0] [MEMORY] Soglia memoria 1.0GB superata al processo 0/1
2026-02-04 18:18:22,727 [INFO] [rank=0] [TRAIN] Loss (circuito): 2.235714
2026-02-04 18:18:22,728 [INFO] [rank=0] [TRAIN] Loss (formula L=-2ln(mean_sqrt_p)): 2.210545
2026-02-04 18:18:22,730 [INFO] [rank=0] [TRAIN] PPL (exp(L)): 9.120686
2026-02-04 18:18:22,730 [INFO] [rank=0] [TRACKING] iter=19, loss=2.235714, best=2.144685, evals=19/100
2026-02-04 18:18:22,857 [INFO] [rank=0] [LOSS EVAL 20/100] Starting evaluation...
2026-02-04 18:18:22,859 [INFO] [rank=0] [PROJECTION] P matrix set: shape=(4, 1024), norm=116.4543
2026-02-04 18:18:22,860 [WARNING] [rank=0] [MEMORY] Soglia memoria 1.0GB superata al processo 0/1
2026-02-04 18:18:50,490 [INFO] [rank=0] [TRAIN] Loss (circuito): 2.210017
2026-02-04 18:18:50,491 [INFO] [rank=0] [TRAIN] Loss (formula L=-2ln(mean_sqrt_p)): 2.183325
2026-02-04 18:18:50,493 [INFO] [rank=0] [TRAIN] PPL (exp(L)): 8.875768
2026-02-04 18:18:50,494 [INFO] [rank=0] [TRACKING] iter=20, loss=2.210017, best=2.144685, evals=20/100
2026-02-04 18:18:50,621 [INFO] [rank=0] [LOSS EVAL 21/100] Starting evaluation...
2026-02-04 18:18:50,624 [WARNING] [rank=0] [MEMORY] Soglia memoria 1.0GB superata al processo 0/1
2026-02-04 18:19:18,256 [INFO] [rank=0] [TRAIN] Loss (circuito): 2.360502
2026-02-04 18:19:18,257 [INFO] [rank=0] [TRAIN] Loss (formula L=-2ln(mean_sqrt_p)): 2.330410
2026-02-04 18:19:18,258 [INFO] [rank=0] [TRAIN] PPL (exp(L)): 10.282160
2026-02-04 18:19:18,259 [INFO] [rank=0] [TRACKING] iter=21, loss=2.360502, best=2.144685, evals=21/100
2026-02-04 18:19:18,387 [INFO] [rank=0] [LOSS EVAL 22/100] Starting evaluation...
2026-02-04 18:19:18,389 [WARNING] [rank=0] [MEMORY] Soglia memoria 1.0GB superata al processo 0/1
2026-02-04 18:19:46,049 [INFO] [rank=0] [TRAIN] Loss (circuito): 2.404384
2026-02-04 18:19:46,051 [INFO] [rank=0] [TRAIN] Loss (formula L=-2ln(mean_sqrt_p)): 2.376484
2026-02-04 18:19:46,053 [INFO] [rank=0] [TRAIN] PPL (exp(L)): 10.766976
2026-02-04 18:19:46,055 [INFO] [rank=0] [TRACKING] iter=22, loss=2.404384, best=2.144685, evals=22/100
2026-02-04 18:19:46,178 [INFO] [rank=0] [LOSS EVAL 23/100] Starting evaluation...
2026-02-04 18:19:46,181 [WARNING] [rank=0] [MEMORY] Soglia memoria 1.0GB superata al processo 0/1
2026-02-04 18:20:13,839 [INFO] [rank=0] [TRAIN] Loss (circuito): 2.288093
2026-02-04 18:20:13,841 [INFO] [rank=0] [TRAIN] Loss (formula L=-2ln(mean_sqrt_p)): 2.258226
2026-02-04 18:20:13,842 [INFO] [rank=0] [TRAIN] PPL (exp(L)): 9.566107
2026-02-04 18:20:13,843 [INFO] [rank=0] [TRACKING] iter=23, loss=2.288093, best=2.144685, evals=23/100
2026-02-04 18:20:13,969 [INFO] [rank=0] [LOSS EVAL 24/100] Starting evaluation...
2026-02-04 18:20:13,971 [WARNING] [rank=0] [MEMORY] Soglia memoria 1.0GB superata al processo 0/1
2026-02-04 18:20:41,641 [INFO] [rank=0] [TRAIN] Loss (circuito): 2.372131
2026-02-04 18:20:41,642 [INFO] [rank=0] [TRAIN] Loss (formula L=-2ln(mean_sqrt_p)): 2.342758
2026-02-04 18:20:41,643 [INFO] [rank=0] [TRAIN] PPL (exp(L)): 10.409906
2026-02-04 18:20:41,645 [INFO] [rank=0] [TRACKING] iter=24, loss=2.372131, best=2.144685, evals=24/100
2026-02-04 18:20:41,772 [INFO] [rank=0] [LOSS EVAL 25/100] Starting evaluation...
2026-02-04 18:20:41,774 [WARNING] [rank=0] [MEMORY] Soglia memoria 1.0GB superata al processo 0/1
2026-02-04 18:21:09,428 [INFO] [rank=0] [TRAIN] Loss (circuito): 2.358319
2026-02-04 18:21:09,429 [INFO] [rank=0] [TRAIN] Loss (formula L=-2ln(mean_sqrt_p)): 2.334391
2026-02-04 18:21:09,430 [INFO] [rank=0] [TRAIN] PPL (exp(L)): 10.323167
2026-02-04 18:21:09,431 [INFO] [rank=0] [TRACKING] iter=25, loss=2.358319, best=2.144685, evals=25/100
2026-02-04 18:21:09,559 [INFO] [rank=0] [LOSS EVAL 26/100] Starting evaluation...
2026-02-04 18:21:09,561 [WARNING] [rank=0] [MEMORY] Soglia memoria 1.0GB superata al processo 0/1
2026-02-04 18:21:37,270 [INFO] [rank=0] [TRAIN] Loss (circuito): 2.190176
2026-02-04 18:21:37,271 [INFO] [rank=0] [TRAIN] Loss (formula L=-2ln(mean_sqrt_p)): 2.164943
2026-02-04 18:21:37,272 [INFO] [rank=0] [TRAIN] PPL (exp(L)): 8.714103
2026-02-04 18:21:37,274 [INFO] [rank=0] [TRACKING] iter=26, loss=2.190176, best=2.144685, evals=26/100
2026-02-04 18:21:37,401 [INFO] [rank=0] [LOSS EVAL 27/100] Starting evaluation...
2026-02-04 18:21:37,404 [WARNING] [rank=0] [MEMORY] Soglia memoria 1.0GB superata al processo 0/1
2026-02-04 18:22:05,076 [INFO] [rank=0] [TRAIN] Loss (circuito): 2.292214
2026-02-04 18:22:05,077 [INFO] [rank=0] [TRAIN] Loss (formula L=-2ln(mean_sqrt_p)): 2.267731
2026-02-04 18:22:05,079 [INFO] [rank=0] [TRAIN] PPL (exp(L)): 9.657460
2026-02-04 18:22:05,081 [INFO] [rank=0] [TRACKING] iter=27, loss=2.292214, best=2.144685, evals=27/100
2026-02-04 18:22:05,207 [INFO] [rank=0] [LOSS EVAL 28/100] Starting evaluation...
2026-02-04 18:22:05,209 [WARNING] [rank=0] [MEMORY] Soglia memoria 1.0GB superata al processo 0/1
2026-02-04 18:22:32,884 [INFO] [rank=0] [TRAIN] Loss (circuito): 2.142782
2026-02-04 18:22:32,886 [INFO] [rank=0] [TRAIN] Loss (formula L=-2ln(mean_sqrt_p)): 2.120182
2026-02-04 18:22:32,888 [INFO] [rank=0] [TRAIN] PPL (exp(L)): 8.332654
2026-02-04 18:22:32,889 [INFO] [rank=0] [TRACKER] New best! Loss=2.142782 at iter 28
2026-02-04 18:22:32,891 [INFO] [rank=0] [TRACKING] iter=28, loss=2.142782, best=2.142782, evals=28/100
2026-02-04 18:22:33,016 [INFO] [rank=0] [LOSS EVAL 29/100] Starting evaluation...
2026-02-04 18:22:33,019 [WARNING] [rank=0] [MEMORY] Soglia memoria 1.0GB superata al processo 0/1
2026-02-04 18:23:00,688 [INFO] [rank=0] [TRAIN] Loss (circuito): 2.211346
2026-02-04 18:23:00,690 [INFO] [rank=0] [TRAIN] Loss (formula L=-2ln(mean_sqrt_p)): 2.185529
2026-02-04 18:23:00,691 [INFO] [rank=0] [TRAIN] PPL (exp(L)): 8.895355
2026-02-04 18:23:00,692 [INFO] [rank=0] [TRACKING] iter=29, loss=2.211346, best=2.142782, evals=29/100
2026-02-04 18:23:00,819 [INFO] [rank=0] [LOSS EVAL 30/100] Starting evaluation...
2026-02-04 18:23:00,821 [INFO] [rank=0] [PROJECTION] P matrix set: shape=(4, 1024), norm=116.4543
2026-02-04 18:23:00,822 [WARNING] [rank=0] [MEMORY] Soglia memoria 1.0GB superata al processo 0/1
2026-02-04 18:23:28,508 [INFO] [rank=0] [TRAIN] Loss (circuito): 2.204066
2026-02-04 18:23:28,509 [INFO] [rank=0] [TRAIN] Loss (formula L=-2ln(mean_sqrt_p)): 2.181855
2026-02-04 18:23:28,509 [INFO] [rank=0] [TRAIN] PPL (exp(L)): 8.862731
2026-02-04 18:23:28,510 [INFO] [rank=0] [TRACKING] iter=30, loss=2.204066, best=2.142782, evals=30/100
2026-02-04 18:23:28,639 [INFO] [rank=0] [LOSS EVAL 31/100] Starting evaluation...
2026-02-04 18:23:28,642 [WARNING] [rank=0] [MEMORY] Soglia memoria 1.0GB superata al processo 0/1
2026-02-04 18:23:56,314 [INFO] [rank=0] [TRAIN] Loss (circuito): 2.259505
2026-02-04 18:23:56,315 [INFO] [rank=0] [TRAIN] Loss (formula L=-2ln(mean_sqrt_p)): 2.232328
2026-02-04 18:23:56,317 [INFO] [rank=0] [TRAIN] PPL (exp(L)): 9.321545
2026-02-04 18:23:56,318 [INFO] [rank=0] [TRACKING] iter=31, loss=2.259505, best=2.142782, evals=31/100
2026-02-04 18:23:56,446 [INFO] [rank=0] [LOSS EVAL 32/100] Starting evaluation...
2026-02-04 18:23:56,448 [WARNING] [rank=0] [MEMORY] Soglia memoria 1.0GB superata al processo 0/1
2026-02-04 18:24:24,148 [INFO] [rank=0] [TRAIN] Loss (circuito): 2.543956
2026-02-04 18:24:24,149 [INFO] [rank=0] [TRAIN] Loss (formula L=-2ln(mean_sqrt_p)): 2.514018
2026-02-04 18:24:24,151 [INFO] [rank=0] [TRAIN] PPL (exp(L)): 12.354468
2026-02-04 18:24:24,151 [INFO] [rank=0] [TRACKING] iter=32, loss=2.543956, best=2.142782, evals=32/100
2026-02-04 18:24:24,280 [INFO] [rank=0] [LOSS EVAL 33/100] Starting evaluation...
2026-02-04 18:24:24,283 [WARNING] [rank=0] [MEMORY] Soglia memoria 1.0GB superata al processo 0/1
2026-02-04 18:24:51,986 [INFO] [rank=0] [TRAIN] Loss (circuito): 2.154933
2026-02-04 18:24:51,987 [INFO] [rank=0] [TRAIN] Loss (formula L=-2ln(mean_sqrt_p)): 2.131078
2026-02-04 18:24:51,988 [INFO] [rank=0] [TRAIN] PPL (exp(L)): 8.423946
2026-02-04 18:24:51,988 [INFO] [rank=0] [TRACKING] iter=33, loss=2.154933, best=2.142782, evals=33/100
2026-02-04 18:24:52,118 [INFO] [rank=0] [LOSS EVAL 34/100] Starting evaluation...
2026-02-04 18:24:52,121 [WARNING] [rank=0] [MEMORY] Soglia memoria 1.0GB superata al processo 0/1
2026-02-04 18:25:19,853 [INFO] [rank=0] [TRAIN] Loss (circuito): 1.981635
2026-02-04 18:25:19,855 [INFO] [rank=0] [TRAIN] Loss (formula L=-2ln(mean_sqrt_p)): 1.961987
2026-02-04 18:25:19,856 [INFO] [rank=0] [TRAIN] PPL (exp(L)): 7.113448
2026-02-04 18:25:19,858 [INFO] [rank=0] [TRACKER] New best! Loss=1.981635 at iter 34
2026-02-04 18:25:19,859 [INFO] [rank=0] [TRACKING] iter=34, loss=1.981635, best=1.981635, evals=34/100
2026-02-04 18:25:19,986 [INFO] [rank=0] [LOSS EVAL 35/100] Starting evaluation...
2026-02-04 18:25:19,988 [WARNING] [rank=0] [MEMORY] Soglia memoria 1.0GB superata al processo 0/1
2026-02-04 18:25:47,719 [INFO] [rank=0] [TRAIN] Loss (circuito): 2.393004
2026-02-04 18:25:47,720 [INFO] [rank=0] [TRAIN] Loss (formula L=-2ln(mean_sqrt_p)): 2.365124
2026-02-04 18:25:47,721 [INFO] [rank=0] [TRAIN] PPL (exp(L)): 10.645363
2026-02-04 18:25:47,724 [INFO] [rank=0] [TRACKING] iter=35, loss=2.393004, best=1.981635, evals=35/100
2026-02-04 18:25:47,850 [INFO] [rank=0] [LOSS EVAL 36/100] Starting evaluation...
2026-02-04 18:25:47,853 [WARNING] [rank=0] [MEMORY] Soglia memoria 1.0GB superata al processo 0/1
2026-02-04 18:26:15,584 [INFO] [rank=0] [TRAIN] Loss (circuito): 2.042143
2026-02-04 18:26:15,585 [INFO] [rank=0] [TRAIN] Loss (formula L=-2ln(mean_sqrt_p)): 2.021107
2026-02-04 18:26:15,587 [INFO] [rank=0] [TRAIN] PPL (exp(L)): 7.546673
2026-02-04 18:26:15,588 [INFO] [rank=0] [TRACKING] iter=36, loss=2.042143, best=1.981635, evals=36/100
2026-02-04 18:26:15,715 [INFO] [rank=0] [LOSS EVAL 37/100] Starting evaluation...
2026-02-04 18:26:15,718 [WARNING] [rank=0] [MEMORY] Soglia memoria 1.0GB superata al processo 0/1
2026-02-04 18:26:43,471 [INFO] [rank=0] [TRAIN] Loss (circuito): 2.233426
2026-02-04 18:26:43,472 [INFO] [rank=0] [TRAIN] Loss (formula L=-2ln(mean_sqrt_p)): 2.210307
2026-02-04 18:26:43,474 [INFO] [rank=0] [TRAIN] PPL (exp(L)): 9.118515
2026-02-04 18:26:43,475 [INFO] [rank=0] [TRACKING] iter=37, loss=2.233426, best=1.981635, evals=37/100
2026-02-04 18:26:43,603 [INFO] [rank=0] [LOSS EVAL 38/100] Starting evaluation...
2026-02-04 18:26:43,605 [WARNING] [rank=0] [MEMORY] Soglia memoria 1.0GB superata al processo 0/1
2026-02-04 18:27:11,378 [INFO] [rank=0] [TRAIN] Loss (circuito): 2.185845
2026-02-04 18:27:11,380 [INFO] [rank=0] [TRAIN] Loss (formula L=-2ln(mean_sqrt_p)): 2.163686
2026-02-04 18:27:11,381 [INFO] [rank=0] [TRAIN] PPL (exp(L)): 8.703155
2026-02-04 18:27:11,382 [INFO] [rank=0] [TRACKING] iter=38, loss=2.185845, best=1.981635, evals=38/100
2026-02-04 18:27:11,509 [INFO] [rank=0] [LOSS EVAL 39/100] Starting evaluation...
2026-02-04 18:27:11,511 [WARNING] [rank=0] [MEMORY] Soglia memoria 1.0GB superata al processo 0/1
2026-02-04 18:27:39,260 [INFO] [rank=0] [TRAIN] Loss (circuito): 2.192561
2026-02-04 18:27:39,262 [INFO] [rank=0] [TRAIN] Loss (formula L=-2ln(mean_sqrt_p)): 2.167556
2026-02-04 18:27:39,263 [INFO] [rank=0] [TRAIN] PPL (exp(L)): 8.736904
2026-02-04 18:27:39,263 [INFO] [rank=0] [TRACKING] iter=39, loss=2.192561, best=1.981635, evals=39/100
2026-02-04 18:27:39,391 [INFO] [rank=0] [LOSS EVAL 40/100] Starting evaluation...
2026-02-04 18:27:39,393 [INFO] [rank=0] [PROJECTION] P matrix set: shape=(4, 1024), norm=116.4543
2026-02-04 18:27:39,394 [WARNING] [rank=0] [MEMORY] Soglia memoria 1.0GB superata al processo 0/1
2026-02-04 18:28:07,160 [INFO] [rank=0] [TRAIN] Loss (circuito): 1.954590
2026-02-04 18:28:07,161 [INFO] [rank=0] [TRAIN] Loss (formula L=-2ln(mean_sqrt_p)): 1.935523
2026-02-04 18:28:07,162 [INFO] [rank=0] [TRAIN] PPL (exp(L)): 6.927666
2026-02-04 18:28:07,164 [INFO] [rank=0] [TRACKER] New best! Loss=1.954590 at iter 40
2026-02-04 18:28:07,165 [INFO] [rank=0] [TRACKING] iter=40, loss=1.954590, best=1.954590, evals=40/100
2026-02-04 18:28:07,292 [INFO] [rank=0] [LOSS EVAL 41/100] Starting evaluation...
2026-02-04 18:28:07,294 [WARNING] [rank=0] [MEMORY] Soglia memoria 1.0GB superata al processo 0/1
2026-02-04 18:28:35,037 [INFO] [rank=0] [TRAIN] Loss (circuito): 2.072161
2026-02-04 18:28:35,038 [INFO] [rank=0] [TRAIN] Loss (formula L=-2ln(mean_sqrt_p)): 2.053006
2026-02-04 18:28:35,038 [INFO] [rank=0] [TRAIN] PPL (exp(L)): 7.791288
2026-02-04 18:28:35,038 [INFO] [rank=0] [TRACKING] iter=41, loss=2.072161, best=1.954590, evals=41/100
2026-02-04 18:28:35,167 [INFO] [rank=0] [LOSS EVAL 42/100] Starting evaluation...
2026-02-04 18:28:35,170 [WARNING] [rank=0] [MEMORY] Soglia memoria 1.0GB superata al processo 0/1
2026-02-04 18:29:02,951 [INFO] [rank=0] [TRAIN] Loss (circuito): 2.056593
2026-02-04 18:29:02,952 [INFO] [rank=0] [TRAIN] Loss (formula L=-2ln(mean_sqrt_p)): 2.037445
2026-02-04 18:29:02,953 [INFO] [rank=0] [TRAIN] PPL (exp(L)): 7.670985
2026-02-04 18:29:02,954 [INFO] [rank=0] [TRACKING] iter=42, loss=2.056593, best=1.954590, evals=42/100
2026-02-04 18:29:03,082 [INFO] [rank=0] [LOSS EVAL 43/100] Starting evaluation...
2026-02-04 18:29:03,084 [WARNING] [rank=0] [MEMORY] Soglia memoria 1.0GB superata al processo 0/1
2026-02-04 18:29:30,860 [INFO] [rank=0] [TRAIN] Loss (circuito): 2.022265
2026-02-04 18:29:30,862 [INFO] [rank=0] [TRAIN] Loss (formula L=-2ln(mean_sqrt_p)): 2.002777
2026-02-04 18:29:30,863 [INFO] [rank=0] [TRAIN] PPL (exp(L)): 7.409601
2026-02-04 18:29:30,864 [INFO] [rank=0] [TRACKING] iter=43, loss=2.022265, best=1.954590, evals=43/100
2026-02-04 18:29:30,991 [INFO] [rank=0] [LOSS EVAL 44/100] Starting evaluation...
2026-02-04 18:29:30,994 [WARNING] [rank=0] [MEMORY] Soglia memoria 1.0GB superata al processo 0/1
2026-02-04 18:29:58,795 [INFO] [rank=0] [TRAIN] Loss (circuito): 1.953988
2026-02-04 18:29:58,796 [INFO] [rank=0] [TRAIN] Loss (formula L=-2ln(mean_sqrt_p)): 1.936104
2026-02-04 18:29:58,798 [INFO] [rank=0] [TRAIN] PPL (exp(L)): 6.931694
2026-02-04 18:29:58,800 [INFO] [rank=0] [TRACKER] New best! Loss=1.953988 at iter 44
2026-02-04 18:29:58,801 [INFO] [rank=0] [TRACKING] iter=44, loss=1.953988, best=1.953988, evals=44/100
2026-02-04 18:29:58,927 [INFO] [rank=0] [LOSS EVAL 45/100] Starting evaluation...
2026-02-04 18:29:58,929 [WARNING] [rank=0] [MEMORY] Soglia memoria 1.0GB superata al processo 0/1
2026-02-04 18:30:26,730 [INFO] [rank=0] [TRAIN] Loss (circuito): 1.988449
2026-02-04 18:30:26,730 [INFO] [rank=0] [TRAIN] Loss (formula L=-2ln(mean_sqrt_p)): 1.969782
2026-02-04 18:30:26,732 [INFO] [rank=0] [TRAIN] PPL (exp(L)): 7.169116
2026-02-04 18:30:26,733 [INFO] [rank=0] [TRACKING] iter=45, loss=1.988449, best=1.953988, evals=45/100
2026-02-04 18:30:26,862 [INFO] [rank=0] [LOSS EVAL 46/100] Starting evaluation...
2026-02-04 18:30:26,864 [WARNING] [rank=0] [MEMORY] Soglia memoria 1.0GB superata al processo 0/1
2026-02-04 18:30:54,684 [INFO] [rank=0] [TRAIN] Loss (circuito): 2.308611
2026-02-04 18:30:54,687 [INFO] [rank=0] [TRAIN] Loss (formula L=-2ln(mean_sqrt_p)): 2.285358
2026-02-04 18:30:54,688 [INFO] [rank=0] [TRAIN] PPL (exp(L)): 9.829206
2026-02-04 18:30:54,689 [INFO] [rank=0] [TRACKING] iter=46, loss=2.308611, best=1.953988, evals=46/100
2026-02-04 18:30:54,816 [INFO] [rank=0] [LOSS EVAL 47/100] Starting evaluation...
2026-02-04 18:30:54,819 [WARNING] [rank=0] [MEMORY] Soglia memoria 1.0GB superata al processo 0/1
2026-02-04 18:31:22,626 [INFO] [rank=0] [TRAIN] Loss (circuito): 2.130275
2026-02-04 18:31:22,628 [INFO] [rank=0] [TRAIN] Loss (formula L=-2ln(mean_sqrt_p)): 2.108002
2026-02-04 18:31:22,630 [INFO] [rank=0] [TRAIN] PPL (exp(L)): 8.231781
2026-02-04 18:31:22,630 [INFO] [rank=0] [TRACKING] iter=47, loss=2.130275, best=1.953988, evals=47/100
2026-02-04 18:31:22,757 [INFO] [rank=0] [LOSS EVAL 48/100] Starting evaluation...
2026-02-04 18:31:22,760 [WARNING] [rank=0] [MEMORY] Soglia memoria 1.0GB superata al processo 0/1
2026-02-04 18:31:50,588 [INFO] [rank=0] [TRAIN] Loss (circuito): 2.042958
2026-02-04 18:31:50,589 [INFO] [rank=0] [TRAIN] Loss (formula L=-2ln(mean_sqrt_p)): 2.026730
2026-02-04 18:31:50,590 [INFO] [rank=0] [TRAIN] PPL (exp(L)): 7.589226
2026-02-04 18:31:50,591 [INFO] [rank=0] [TRACKING] iter=48, loss=2.042958, best=1.953988, evals=48/100
2026-02-04 18:31:50,719 [INFO] [rank=0] [LOSS EVAL 49/100] Starting evaluation...
2026-02-04 18:31:50,721 [WARNING] [rank=0] [MEMORY] Soglia memoria 1.0GB superata al processo 0/1
2026-02-04 18:32:18,548 [INFO] [rank=0] [TRAIN] Loss (circuito): 1.993346
2026-02-04 18:32:18,549 [INFO] [rank=0] [TRAIN] Loss (formula L=-2ln(mean_sqrt_p)): 1.974034
2026-02-04 18:32:18,551 [INFO] [rank=0] [TRAIN] PPL (exp(L)): 7.199660
2026-02-04 18:32:18,552 [INFO] [rank=0] [TRACKING] iter=49, loss=1.993346, best=1.953988, evals=49/100
2026-02-04 18:32:18,680 [INFO] [rank=0] [LOSS EVAL 50/100] Starting evaluation...
2026-02-04 18:32:18,682 [INFO] [rank=0] [PROJECTION] P matrix set: shape=(4, 1024), norm=116.4543
2026-02-04 18:32:18,683 [WARNING] [rank=0] [MEMORY] Soglia memoria 1.0GB superata al processo 0/1
2026-02-04 18:32:46,532 [INFO] [rank=0] [TRAIN] Loss (circuito): 2.097109
2026-02-04 18:32:46,534 [INFO] [rank=0] [TRAIN] Loss (formula L=-2ln(mean_sqrt_p)): 2.079592
2026-02-04 18:32:46,534 [INFO] [rank=0] [TRAIN] PPL (exp(L)): 8.001203
2026-02-04 18:32:46,536 [INFO] [rank=0] [TRACKING] iter=50, loss=2.097109, best=1.953988, evals=50/100
2026-02-04 18:32:46,664 [INFO] [rank=0] [LOSS EVAL 51/100] Starting evaluation...
2026-02-04 18:32:46,667 [WARNING] [rank=0] [MEMORY] Soglia memoria 1.0GB superata al processo 0/1
2026-02-04 18:33:14,498 [INFO] [rank=0] [TRAIN] Loss (circuito): 2.210390
2026-02-04 18:33:14,501 [INFO] [rank=0] [TRAIN] Loss (formula L=-2ln(mean_sqrt_p)): 2.189364
2026-02-04 18:33:14,502 [INFO] [rank=0] [TRAIN] PPL (exp(L)): 8.929532
2026-02-04 18:33:14,503 [INFO] [rank=0] [TRACKING] iter=51, loss=2.210390, best=1.953988, evals=51/100
2026-02-04 18:33:14,630 [INFO] [rank=0] [LOSS EVAL 52/100] Starting evaluation...
2026-02-04 18:33:14,633 [WARNING] [rank=0] [MEMORY] Soglia memoria 1.0GB superata al processo 0/1
2026-02-04 18:33:42,473 [INFO] [rank=0] [TRAIN] Loss (circuito): 2.113916
2026-02-04 18:33:42,474 [INFO] [rank=0] [TRAIN] Loss (formula L=-2ln(mean_sqrt_p)): 2.095421
2026-02-04 18:33:42,475 [INFO] [rank=0] [TRAIN] PPL (exp(L)): 8.128859
2026-02-04 18:33:42,476 [INFO] [rank=0] [TRACKING] iter=52, loss=2.113916, best=1.953988, evals=52/100
2026-02-04 18:33:42,605 [INFO] [rank=0] [LOSS EVAL 53/100] Starting evaluation...
2026-02-04 18:33:42,607 [WARNING] [rank=0] [MEMORY] Soglia memoria 1.0GB superata al processo 0/1
2026-02-04 18:34:10,441 [INFO] [rank=0] [TRAIN] Loss (circuito): 2.017885
2026-02-04 18:34:10,442 [INFO] [rank=0] [TRAIN] Loss (formula L=-2ln(mean_sqrt_p)): 1.998055
2026-02-04 18:34:10,443 [INFO] [rank=0] [TRAIN] PPL (exp(L)): 7.374695
2026-02-04 18:34:10,445 [INFO] [rank=0] [TRACKING] iter=53, loss=2.017885, best=1.953988, evals=53/100
2026-02-04 18:34:10,573 [INFO] [rank=0] [LOSS EVAL 54/100] Starting evaluation...
2026-02-04 18:34:10,576 [WARNING] [rank=0] [MEMORY] Soglia memoria 1.0GB superata al processo 0/1
2026-02-04 18:34:38,420 [INFO] [rank=0] [TRAIN] Loss (circuito): 1.960145
2026-02-04 18:34:38,421 [INFO] [rank=0] [TRAIN] Loss (formula L=-2ln(mean_sqrt_p)): 1.943736
2026-02-04 18:34:38,421 [INFO] [rank=0] [TRAIN] PPL (exp(L)): 6.984797
2026-02-04 18:34:38,423 [INFO] [rank=0] [TRACKING] iter=54, loss=1.960145, best=1.953988, evals=54/100
2026-02-04 18:34:38,552 [INFO] [rank=0] [LOSS EVAL 55/100] Starting evaluation...
2026-02-04 18:34:38,554 [WARNING] [rank=0] [MEMORY] Soglia memoria 1.0GB superata al processo 0/1
2026-02-04 18:35:06,389 [INFO] [rank=0] [TRAIN] Loss (circuito): 2.176034
2026-02-04 18:35:06,390 [INFO] [rank=0] [TRAIN] Loss (formula L=-2ln(mean_sqrt_p)): 2.155884
2026-02-04 18:35:06,391 [INFO] [rank=0] [TRAIN] PPL (exp(L)): 8.635525
2026-02-04 18:35:06,391 [INFO] [rank=0] [TRACKING] iter=55, loss=2.176034, best=1.953988, evals=55/100
2026-02-04 18:35:06,521 [INFO] [rank=0] [LOSS EVAL 56/100] Starting evaluation...
2026-02-04 18:35:06,524 [WARNING] [rank=0] [MEMORY] Soglia memoria 1.0GB superata al processo 0/1
2026-02-04 18:35:34,345 [INFO] [rank=0] [TRAIN] Loss (circuito): 2.043744
2026-02-04 18:35:34,346 [INFO] [rank=0] [TRAIN] Loss (formula L=-2ln(mean_sqrt_p)): 2.026927
2026-02-04 18:35:34,346 [INFO] [rank=0] [TRAIN] PPL (exp(L)): 7.590721
2026-02-04 18:35:34,348 [INFO] [rank=0] [TRACKING] iter=56, loss=2.043744, best=1.953988, evals=56/100
2026-02-04 18:35:34,478 [INFO] [rank=0] [LOSS EVAL 57/100] Starting evaluation...
2026-02-04 18:35:34,480 [WARNING] [rank=0] [MEMORY] Soglia memoria 1.0GB superata al processo 0/1
2026-02-04 18:36:02,778 [INFO] [rank=0] [TRAIN] Loss (circuito): 2.104820
2026-02-04 18:36:02,779 [INFO] [rank=0] [TRAIN] Loss (formula L=-2ln(mean_sqrt_p)): 2.084134
2026-02-04 18:36:02,780 [INFO] [rank=0] [TRAIN] PPL (exp(L)): 8.037628
2026-02-04 18:36:02,781 [INFO] [rank=0] [TRACKING] iter=57, loss=2.104820, best=1.953988, evals=57/100
2026-02-04 18:36:02,911 [INFO] [rank=0] [LOSS EVAL 58/100] Starting evaluation...
2026-02-04 18:36:02,914 [WARNING] [rank=0] [MEMORY] Soglia memoria 1.0GB superata al processo 0/1
2026-02-04 18:36:30,747 [INFO] [rank=0] [TRAIN] Loss (circuito): 2.150093
2026-02-04 18:36:30,749 [INFO] [rank=0] [TRAIN] Loss (formula L=-2ln(mean_sqrt_p)): 2.126389
2026-02-04 18:36:30,750 [INFO] [rank=0] [TRAIN] PPL (exp(L)): 8.384539
2026-02-04 18:36:30,751 [INFO] [rank=0] [TRACKING] iter=58, loss=2.150093, best=1.953988, evals=58/100
2026-02-04 18:36:30,880 [INFO] [rank=0] [LOSS EVAL 59/100] Starting evaluation...
2026-02-04 18:36:30,882 [WARNING] [rank=0] [MEMORY] Soglia memoria 1.0GB superata al processo 0/1
2026-02-04 18:36:58,697 [INFO] [rank=0] [TRAIN] Loss (circuito): 2.234464
2026-02-04 18:36:58,698 [INFO] [rank=0] [TRAIN] Loss (formula L=-2ln(mean_sqrt_p)): 2.212622
2026-02-04 18:36:58,698 [INFO] [rank=0] [TRAIN] PPL (exp(L)): 9.139652
2026-02-04 18:36:58,700 [INFO] [rank=0] [TRACKING] iter=59, loss=2.234464, best=1.953988, evals=59/100
2026-02-04 18:36:58,830 [INFO] [rank=0] [LOSS EVAL 60/100] Starting evaluation...
2026-02-04 18:36:58,833 [INFO] [rank=0] [PROJECTION] P matrix set: shape=(4, 1024), norm=116.4543
2026-02-04 18:36:58,833 [WARNING] [rank=0] [MEMORY] Soglia memoria 1.0GB superata al processo 0/1
2026-02-04 18:37:26,656 [INFO] [rank=0] [TRAIN] Loss (circuito): 1.914963
2026-02-04 18:37:26,657 [INFO] [rank=0] [TRAIN] Loss (formula L=-2ln(mean_sqrt_p)): 1.898495
2026-02-04 18:37:26,659 [INFO] [rank=0] [TRAIN] PPL (exp(L)): 6.675842
2026-02-04 18:37:26,662 [INFO] [rank=0] [TRACKER] New best! Loss=1.914963 at iter 60
2026-02-04 18:37:26,663 [INFO] [rank=0] [TRACKING] iter=60, loss=1.914963, best=1.914963, evals=60/100
2026-02-04 18:37:26,788 [INFO] [rank=0] [LOSS EVAL 61/100] Starting evaluation...
2026-02-04 18:37:26,791 [WARNING] [rank=0] [MEMORY] Soglia memoria 1.0GB superata al processo 0/1
2026-02-04 18:37:54,624 [INFO] [rank=0] [TRAIN] Loss (circuito): 2.261243
2026-02-04 18:37:54,625 [INFO] [rank=0] [TRAIN] Loss (formula L=-2ln(mean_sqrt_p)): 2.237235
2026-02-04 18:37:54,626 [INFO] [rank=0] [TRAIN] PPL (exp(L)): 9.367396
2026-02-04 18:37:54,628 [INFO] [rank=0] [TRACKING] iter=61, loss=2.261243, best=1.914963, evals=61/100
2026-02-04 18:37:54,757 [INFO] [rank=0] [LOSS EVAL 62/100] Starting evaluation...
2026-02-04 18:37:54,760 [WARNING] [rank=0] [MEMORY] Soglia memoria 1.0GB superata al processo 0/1
2026-02-04 18:38:22,599 [INFO] [rank=0] [TRAIN] Loss (circuito): 2.070251
2026-02-04 18:38:22,601 [INFO] [rank=0] [TRAIN] Loss (formula L=-2ln(mean_sqrt_p)): 2.051295
2026-02-04 18:38:22,601 [INFO] [rank=0] [TRAIN] PPL (exp(L)): 7.777969
2026-02-04 18:38:22,602 [INFO] [rank=0] [TRACKING] iter=62, loss=2.070251, best=1.914963, evals=62/100
2026-02-04 18:38:22,731 [INFO] [rank=0] [LOSS EVAL 63/100] Starting evaluation...
2026-02-04 18:38:22,735 [WARNING] [rank=0] [MEMORY] Soglia memoria 1.0GB superata al processo 0/1
2026-02-04 18:38:50,553 [INFO] [rank=0] [TRAIN] Loss (circuito): 1.868510
2026-02-04 18:38:50,553 [INFO] [rank=0] [TRAIN] Loss (formula L=-2ln(mean_sqrt_p)): 1.854867
2026-02-04 18:38:50,554 [INFO] [rank=0] [TRAIN] PPL (exp(L)): 6.390848
2026-02-04 18:38:50,556 [INFO] [rank=0] [TRACKER] New best! Loss=1.868510 at iter 63
2026-02-04 18:38:50,557 [INFO] [rank=0] [TRACKING] iter=63, loss=1.868510, best=1.868510, evals=63/100
2026-02-04 18:38:50,684 [INFO] [rank=0] [LOSS EVAL 64/100] Starting evaluation...
2026-02-04 18:38:50,687 [WARNING] [rank=0] [MEMORY] Soglia memoria 1.0GB superata al processo 0/1
2026-02-04 18:39:18,524 [INFO] [rank=0] [TRAIN] Loss (circuito): 2.122070
2026-02-04 18:39:18,525 [INFO] [rank=0] [TRAIN] Loss (formula L=-2ln(mean_sqrt_p)): 2.107275
2026-02-04 18:39:18,526 [INFO] [rank=0] [TRAIN] PPL (exp(L)): 8.225797
2026-02-04 18:39:18,527 [INFO] [rank=0] [TRACKING] iter=64, loss=2.122070, best=1.868510, evals=64/100
2026-02-04 18:39:18,657 [INFO] [rank=0] [LOSS EVAL 65/100] Starting evaluation...
2026-02-04 18:39:18,659 [WARNING] [rank=0] [MEMORY] Soglia memoria 1.0GB superata al processo 0/1
2026-02-04 18:39:46,505 [INFO] [rank=0] [TRAIN] Loss (circuito): 2.075031
2026-02-04 18:39:46,506 [INFO] [rank=0] [TRAIN] Loss (formula L=-2ln(mean_sqrt_p)): 2.056595
2026-02-04 18:39:46,507 [INFO] [rank=0] [TRAIN] PPL (exp(L)): 7.819297
2026-02-04 18:39:46,508 [INFO] [rank=0] [TRACKING] iter=65, loss=2.075031, best=1.868510, evals=65/100
2026-02-04 18:39:46,639 [INFO] [rank=0] [LOSS EVAL 66/100] Starting evaluation...
2026-02-04 18:39:46,641 [WARNING] [rank=0] [MEMORY] Soglia memoria 1.0GB superata al processo 0/1
2026-02-04 18:40:14,484 [INFO] [rank=0] [TRAIN] Loss (circuito): 1.868979
2026-02-04 18:40:14,485 [INFO] [rank=0] [TRAIN] Loss (formula L=-2ln(mean_sqrt_p)): 1.854271
2026-02-04 18:40:14,485 [INFO] [rank=0] [TRAIN] PPL (exp(L)): 6.387041
2026-02-04 18:40:14,487 [INFO] [rank=0] [TRACKING] iter=66, loss=1.868979, best=1.868510, evals=66/100
2026-02-04 18:40:14,616 [INFO] [rank=0] [LOSS EVAL 67/100] Starting evaluation...
2026-02-04 18:40:14,619 [WARNING] [rank=0] [MEMORY] Soglia memoria 1.0GB superata al processo 0/1
2026-02-04 18:40:42,449 [INFO] [rank=0] [TRAIN] Loss (circuito): 1.959491
2026-02-04 18:40:42,452 [INFO] [rank=0] [TRAIN] Loss (formula L=-2ln(mean_sqrt_p)): 1.946511
2026-02-04 18:40:42,453 [INFO] [rank=0] [TRAIN] PPL (exp(L)): 7.004208
2026-02-04 18:40:42,453 [INFO] [rank=0] [TRACKING] iter=67, loss=1.959491, best=1.868510, evals=67/100
2026-02-04 18:40:42,582 [INFO] [rank=0] [LOSS EVAL 68/100] Starting evaluation...
2026-02-04 18:40:42,584 [WARNING] [rank=0] [MEMORY] Soglia memoria 1.0GB superata al processo 0/1
2026-02-04 18:41:10,414 [INFO] [rank=0] [TRAIN] Loss (circuito): 1.962385
2026-02-04 18:41:10,414 [INFO] [rank=0] [TRAIN] Loss (formula L=-2ln(mean_sqrt_p)): 1.949095
2026-02-04 18:41:10,415 [INFO] [rank=0] [TRAIN] PPL (exp(L)): 7.022329
2026-02-04 18:41:10,417 [INFO] [rank=0] [TRACKING] iter=68, loss=1.962385, best=1.868510, evals=68/100
2026-02-04 18:41:10,546 [INFO] [rank=0] [LOSS EVAL 69/100] Starting evaluation...
2026-02-04 18:41:10,549 [WARNING] [rank=0] [MEMORY] Soglia memoria 1.0GB superata al processo 0/1
2026-02-04 18:41:38,399 [INFO] [rank=0] [TRAIN] Loss (circuito): 2.080905
2026-02-04 18:41:38,400 [INFO] [rank=0] [TRAIN] Loss (formula L=-2ln(mean_sqrt_p)): 2.063069
2026-02-04 18:41:38,402 [INFO] [rank=0] [TRAIN] PPL (exp(L)): 7.870086
2026-02-04 18:41:38,403 [INFO] [rank=0] [TRACKING] iter=69, loss=2.080905, best=1.868510, evals=69/100
2026-02-04 18:41:38,532 [INFO] [rank=0] [LOSS EVAL 70/100] Starting evaluation...
2026-02-04 18:41:38,535 [INFO] [rank=0] [PROJECTION] P matrix set: shape=(4, 1024), norm=116.4543
2026-02-04 18:41:38,535 [WARNING] [rank=0] [MEMORY] Soglia memoria 1.0GB superata al processo 0/1
2026-02-04 18:42:06,391 [INFO] [rank=0] [TRAIN] Loss (circuito): 2.006222
2026-02-04 18:42:06,392 [INFO] [rank=0] [TRAIN] Loss (formula L=-2ln(mean_sqrt_p)): 1.992980
2026-02-04 18:42:06,393 [INFO] [rank=0] [TRAIN] PPL (exp(L)): 7.337368
2026-02-04 18:42:06,393 [INFO] [rank=0] [TRACKING] iter=70, loss=2.006222, best=1.868510, evals=70/100
2026-02-04 18:42:06,525 [INFO] [rank=0] [LOSS EVAL 71/100] Starting evaluation...
2026-02-04 18:42:06,528 [WARNING] [rank=0] [MEMORY] Soglia memoria 1.0GB superata al processo 0/1
2026-02-04 18:42:34,383 [INFO] [rank=0] [TRAIN] Loss (circuito): 2.086895
2026-02-04 18:42:34,383 [INFO] [rank=0] [TRAIN] Loss (formula L=-2ln(mean_sqrt_p)): 2.069343
2026-02-04 18:42:34,385 [INFO] [rank=0] [TRAIN] PPL (exp(L)): 7.919620
2026-02-04 18:42:34,387 [INFO] [rank=0] [TRACKING] iter=71, loss=2.086895, best=1.868510, evals=71/100
2026-02-04 18:42:34,515 [INFO] [rank=0] [LOSS EVAL 72/100] Starting evaluation...
2026-02-04 18:42:34,518 [WARNING] [rank=0] [MEMORY] Soglia memoria 1.0GB superata al processo 0/1
2026-02-04 18:43:02,386 [INFO] [rank=0] [TRAIN] Loss (circuito): 1.872842
2026-02-04 18:43:02,388 [INFO] [rank=0] [TRAIN] Loss (formula L=-2ln(mean_sqrt_p)): 1.858163
2026-02-04 18:43:02,389 [INFO] [rank=0] [TRAIN] PPL (exp(L)): 6.411950
2026-02-04 18:43:02,389 [INFO] [rank=0] [TRACKING] iter=72, loss=1.872842, best=1.868510, evals=72/100
2026-02-04 18:43:02,520 [INFO] [rank=0] [LOSS EVAL 73/100] Starting evaluation...
2026-02-04 18:43:02,523 [WARNING] [rank=0] [MEMORY] Soglia memoria 1.0GB superata al processo 0/1
2026-02-04 18:43:30,383 [INFO] [rank=0] [TRAIN] Loss (circuito): 2.033892
2026-02-04 18:43:30,385 [INFO] [rank=0] [TRAIN] Loss (formula L=-2ln(mean_sqrt_p)): 2.016929
2026-02-04 18:43:30,385 [INFO] [rank=0] [TRAIN] PPL (exp(L)): 7.515208
2026-02-04 18:43:30,386 [INFO] [rank=0] [TRACKING] iter=73, loss=2.033892, best=1.868510, evals=73/100
2026-02-04 18:43:30,519 [INFO] [rank=0] [LOSS EVAL 74/100] Starting evaluation...
2026-02-04 18:43:30,522 [WARNING] [rank=0] [MEMORY] Soglia memoria 1.0GB superata al processo 0/1
2026-02-04 18:43:58,406 [INFO] [rank=0] [TRAIN] Loss (circuito): 2.039366
2026-02-04 18:43:58,408 [INFO] [rank=0] [TRAIN] Loss (formula L=-2ln(mean_sqrt_p)): 2.023833
2026-02-04 18:43:58,409 [INFO] [rank=0] [TRAIN] PPL (exp(L)): 7.567275
2026-02-04 18:43:58,410 [INFO] [rank=0] [TRACKING] iter=74, loss=2.039366, best=1.868510, evals=74/100
2026-02-04 18:43:58,540 [INFO] [rank=0] [LOSS EVAL 75/100] Starting evaluation...
2026-02-04 18:43:58,543 [WARNING] [rank=0] [MEMORY] Soglia memoria 1.0GB superata al processo 0/1
2026-02-04 18:44:26,390 [INFO] [rank=0] [TRAIN] Loss (circuito): 2.118545
2026-02-04 18:44:26,390 [INFO] [rank=0] [TRAIN] Loss (formula L=-2ln(mean_sqrt_p)): 2.101638
2026-02-04 18:44:26,392 [INFO] [rank=0] [TRAIN] PPL (exp(L)): 8.179553
2026-02-04 18:44:26,395 [INFO] [rank=0] [TRACKING] iter=75, loss=2.118545, best=1.868510, evals=75/100
2026-02-04 18:44:26,523 [INFO] [rank=0] [LOSS EVAL 76/100] Starting evaluation...
2026-02-04 18:44:26,525 [WARNING] [rank=0] [MEMORY] Soglia memoria 1.0GB superata al processo 0/1
2026-02-04 18:44:54,432 [INFO] [rank=0] [TRAIN] Loss (circuito): 2.043148
2026-02-04 18:44:54,434 [INFO] [rank=0] [TRAIN] Loss (formula L=-2ln(mean_sqrt_p)): 2.027472
2026-02-04 18:44:54,435 [INFO] [rank=0] [TRAIN] PPL (exp(L)): 7.594859
2026-02-04 18:44:54,437 [INFO] [rank=0] [TRACKING] iter=76, loss=2.043148, best=1.868510, evals=76/100
2026-02-04 18:44:54,565 [INFO] [rank=0] [LOSS EVAL 77/100] Starting evaluation...
2026-02-04 18:44:54,567 [WARNING] [rank=0] [MEMORY] Soglia memoria 1.0GB superata al processo 0/1
2026-02-04 18:45:22,450 [INFO] [rank=0] [TRAIN] Loss (circuito): 1.935708
2026-02-04 18:45:22,451 [INFO] [rank=0] [TRAIN] Loss (formula L=-2ln(mean_sqrt_p)): 1.918632
2026-02-04 18:45:22,453 [INFO] [rank=0] [TRAIN] PPL (exp(L)): 6.811632
2026-02-04 18:45:22,455 [INFO] [rank=0] [TRACKING] iter=77, loss=1.935708, best=1.868510, evals=77/100
2026-02-04 18:45:22,586 [INFO] [rank=0] [LOSS EVAL 78/100] Starting evaluation...
2026-02-04 18:45:22,588 [WARNING] [rank=0] [MEMORY] Soglia memoria 1.0GB superata al processo 0/1
2026-02-04 18:45:50,484 [INFO] [rank=0] [TRAIN] Loss (circuito): 2.016782
2026-02-04 18:45:50,485 [INFO] [rank=0] [TRAIN] Loss (formula L=-2ln(mean_sqrt_p)): 2.003288
2026-02-04 18:45:50,485 [INFO] [rank=0] [TRAIN] PPL (exp(L)): 7.413395
2026-02-04 18:45:50,486 [INFO] [rank=0] [TRACKING] iter=78, loss=2.016782, best=1.868510, evals=78/100
2026-02-04 18:45:50,619 [INFO] [rank=0] [LOSS EVAL 79/100] Starting evaluation...
2026-02-04 18:45:50,621 [WARNING] [rank=0] [MEMORY] Soglia memoria 1.0GB superata al processo 0/1
2026-02-04 18:46:18,500 [INFO] [rank=0] [TRAIN] Loss (circuito): 1.925120
2026-02-04 18:46:18,501 [INFO] [rank=0] [TRAIN] Loss (formula L=-2ln(mean_sqrt_p)): 1.908627
2026-02-04 18:46:18,502 [INFO] [rank=0] [TRAIN] PPL (exp(L)): 6.743826
2026-02-04 18:46:18,504 [INFO] [rank=0] [TRACKING] iter=79, loss=1.925120, best=1.868510, evals=79/100
2026-02-04 18:46:18,634 [INFO] [rank=0] [LOSS EVAL 80/100] Starting evaluation...
2026-02-04 18:46:18,636 [INFO] [rank=0] [PROJECTION] P matrix set: shape=(4, 1024), norm=116.4543
2026-02-04 18:46:18,637 [WARNING] [rank=0] [MEMORY] Soglia memoria 1.0GB superata al processo 0/1
2026-02-04 18:46:46,553 [INFO] [rank=0] [TRAIN] Loss (circuito): 1.983725
2026-02-04 18:46:46,556 [INFO] [rank=0] [TRAIN] Loss (formula L=-2ln(mean_sqrt_p)): 1.966349
2026-02-04 18:46:46,557 [INFO] [rank=0] [TRAIN] PPL (exp(L)): 7.144543
2026-02-04 18:46:46,557 [INFO] [rank=0] [TRACKING] iter=80, loss=1.983725, best=1.868510, evals=80/100
2026-02-04 18:46:46,688 [INFO] [rank=0] [LOSS EVAL 81/100] Starting evaluation...
2026-02-04 18:46:46,690 [WARNING] [rank=0] [MEMORY] Soglia memoria 1.0GB superata al processo 0/1
2026-02-04 18:47:14,575 [INFO] [rank=0] [TRAIN] Loss (circuito): 1.900062
2026-02-04 18:47:14,576 [INFO] [rank=0] [TRAIN] Loss (formula L=-2ln(mean_sqrt_p)): 1.886745
2026-02-04 18:47:14,577 [INFO] [rank=0] [TRAIN] PPL (exp(L)): 6.597855
2026-02-04 18:47:14,578 [INFO] [rank=0] [TRACKING] iter=81, loss=1.900062, best=1.868510, evals=81/100
2026-02-04 18:47:14,711 [INFO] [rank=0] [LOSS EVAL 82/100] Starting evaluation...
2026-02-04 18:47:14,713 [WARNING] [rank=0] [MEMORY] Soglia memoria 1.0GB superata al processo 0/1
2026-02-04 18:47:42,622 [INFO] [rank=0] [TRAIN] Loss (circuito): 2.069562
2026-02-04 18:47:42,623 [INFO] [rank=0] [TRAIN] Loss (formula L=-2ln(mean_sqrt_p)): 2.055211
2026-02-04 18:47:42,626 [INFO] [rank=0] [TRAIN] PPL (exp(L)): 7.808484
2026-02-04 18:47:42,626 [INFO] [rank=0] [TRACKING] iter=82, loss=2.069562, best=1.868510, evals=82/100
2026-02-04 18:47:42,758 [INFO] [rank=0] [LOSS EVAL 83/100] Starting evaluation...
2026-02-04 18:47:42,760 [WARNING] [rank=0] [MEMORY] Soglia memoria 1.0GB superata al processo 0/1
2026-02-04 18:48:10,660 [INFO] [rank=0] [TRAIN] Loss (circuito): 2.030595
2026-02-04 18:48:10,661 [INFO] [rank=0] [TRAIN] Loss (formula L=-2ln(mean_sqrt_p)): 2.011164
2026-02-04 18:48:10,663 [INFO] [rank=0] [TRAIN] PPL (exp(L)): 7.472012
2026-02-04 18:48:10,664 [INFO] [rank=0] [TRACKING] iter=83, loss=2.030595, best=1.868510, evals=83/100
2026-02-04 18:48:10,795 [INFO] [rank=0] [LOSS EVAL 84/100] Starting evaluation...
2026-02-04 18:48:10,798 [WARNING] [rank=0] [MEMORY] Soglia memoria 1.0GB superata al processo 0/1
2026-02-04 18:48:38,730 [INFO] [rank=0] [TRAIN] Loss (circuito): 2.002494
2026-02-04 18:48:38,731 [INFO] [rank=0] [TRAIN] Loss (formula L=-2ln(mean_sqrt_p)): 1.986013
2026-02-04 18:48:38,731 [INFO] [rank=0] [TRAIN] PPL (exp(L)): 7.286426
2026-02-04 18:48:38,732 [INFO] [rank=0] [TRACKING] iter=84, loss=2.002494, best=1.868510, evals=84/100
2026-02-04 18:48:38,864 [INFO] [rank=0] [LOSS EVAL 85/100] Starting evaluation...
2026-02-04 18:48:38,867 [WARNING] [rank=0] [MEMORY] Soglia memoria 1.0GB superata al processo 0/1
2026-02-04 18:49:06,794 [INFO] [rank=0] [TRAIN] Loss (circuito): 1.969107
2026-02-04 18:49:06,795 [INFO] [rank=0] [TRAIN] Loss (formula L=-2ln(mean_sqrt_p)): 1.957007
2026-02-04 18:49:06,795 [INFO] [rank=0] [TRAIN] PPL (exp(L)): 7.078112
2026-02-04 18:49:06,797 [INFO] [rank=0] [TRACKING] iter=85, loss=1.969107, best=1.868510, evals=85/100
2026-02-04 18:49:06,929 [INFO] [rank=0] [LOSS EVAL 86/100] Starting evaluation...
2026-02-04 18:49:06,932 [WARNING] [rank=0] [MEMORY] Soglia memoria 1.0GB superata al processo 0/1
2026-02-04 18:49:34,868 [INFO] [rank=0] [TRAIN] Loss (circuito): 1.760844
2026-02-04 18:49:34,869 [INFO] [rank=0] [TRAIN] Loss (formula L=-2ln(mean_sqrt_p)): 1.748271
2026-02-04 18:49:34,870 [INFO] [rank=0] [TRAIN] PPL (exp(L)): 5.744663
2026-02-04 18:49:34,872 [INFO] [rank=0] [TRACKER] New best! Loss=1.760844 at iter 86
2026-02-04 18:49:34,872 [INFO] [rank=0] [TRACKING] iter=86, loss=1.760844, best=1.760844, evals=86/100
2026-02-04 18:49:35,003 [INFO] [rank=0] [LOSS EVAL 87/100] Starting evaluation...
2026-02-04 18:49:35,006 [WARNING] [rank=0] [MEMORY] Soglia memoria 1.0GB superata al processo 0/1
2026-02-04 18:50:02,926 [INFO] [rank=0] [TRAIN] Loss (circuito): 1.988799
2026-02-04 18:50:02,927 [INFO] [rank=0] [TRAIN] Loss (formula L=-2ln(mean_sqrt_p)): 1.972811
2026-02-04 18:50:02,928 [INFO] [rank=0] [TRAIN] PPL (exp(L)): 7.190865
2026-02-04 18:50:02,930 [INFO] [rank=0] [TRACKING] iter=87, loss=1.988799, best=1.760844, evals=87/100
2026-02-04 18:50:03,060 [INFO] [rank=0] [LOSS EVAL 88/100] Starting evaluation...
2026-02-04 18:50:03,063 [WARNING] [rank=0] [MEMORY] Soglia memoria 1.0GB superata al processo 0/1
2026-02-04 18:50:31,005 [INFO] [rank=0] [TRAIN] Loss (circuito): 1.887144
2026-02-04 18:50:31,006 [INFO] [rank=0] [TRAIN] Loss (formula L=-2ln(mean_sqrt_p)): 1.873015
2026-02-04 18:50:31,007 [INFO] [rank=0] [TRAIN] PPL (exp(L)): 6.507885
2026-02-04 18:50:31,009 [INFO] [rank=0] [TRACKING] iter=88, loss=1.887144, best=1.760844, evals=88/100
2026-02-04 18:50:31,140 [INFO] [rank=0] [LOSS EVAL 89/100] Starting evaluation...
2026-02-04 18:50:31,143 [WARNING] [rank=0] [MEMORY] Soglia memoria 1.0GB superata al processo 0/1
2026-02-04 18:50:59,057 [INFO] [rank=0] [TRAIN] Loss (circuito): 1.938063
2026-02-04 18:50:59,058 [INFO] [rank=0] [TRAIN] Loss (formula L=-2ln(mean_sqrt_p)): 1.924582
2026-02-04 18:50:59,060 [INFO] [rank=0] [TRAIN] PPL (exp(L)): 6.852282
2026-02-04 18:50:59,061 [INFO] [rank=0] [TRACKING] iter=89, loss=1.938063, best=1.760844, evals=89/100
2026-02-04 18:50:59,190 [INFO] [rank=0] [LOSS EVAL 90/100] Starting evaluation...
2026-02-04 18:50:59,193 [INFO] [rank=0] [PROJECTION] P matrix set: shape=(4, 1024), norm=116.4543
2026-02-04 18:50:59,193 [WARNING] [rank=0] [MEMORY] Soglia memoria 1.0GB superata al processo 0/1
2026-02-04 18:51:27,149 [INFO] [rank=0] [TRAIN] Loss (circuito): 1.835634
2026-02-04 18:51:27,150 [INFO] [rank=0] [TRAIN] Loss (formula L=-2ln(mean_sqrt_p)): 1.821973
2026-02-04 18:51:27,150 [INFO] [rank=0] [TRAIN] PPL (exp(L)): 6.184050
2026-02-04 18:51:27,151 [INFO] [rank=0] [TRACKING] iter=90, loss=1.835634, best=1.760844, evals=90/100
2026-02-04 18:51:27,283 [INFO] [rank=0] [LOSS EVAL 91/100] Starting evaluation...
2026-02-04 18:51:27,285 [WARNING] [rank=0] [MEMORY] Soglia memoria 1.0GB superata al processo 0/1
2026-02-04 18:51:55,243 [INFO] [rank=0] [TRAIN] Loss (circuito): 1.959238
2026-02-04 18:51:55,246 [INFO] [rank=0] [TRAIN] Loss (formula L=-2ln(mean_sqrt_p)): 1.945581
2026-02-04 18:51:55,247 [INFO] [rank=0] [TRAIN] PPL (exp(L)): 6.997695
2026-02-04 18:51:55,248 [INFO] [rank=0] [TRACKING] iter=91, loss=1.959238, best=1.760844, evals=91/100
2026-02-04 18:51:55,379 [INFO] [rank=0] [LOSS EVAL 92/100] Starting evaluation...
2026-02-04 18:51:55,381 [WARNING] [rank=0] [MEMORY] Soglia memoria 1.0GB superata al processo 0/1
2026-02-04 18:52:23,313 [INFO] [rank=0] [TRAIN] Loss (circuito): 1.954182
2026-02-04 18:52:23,315 [INFO] [rank=0] [TRAIN] Loss (formula L=-2ln(mean_sqrt_p)): 1.938373
2026-02-04 18:52:23,317 [INFO] [rank=0] [TRAIN] PPL (exp(L)): 6.947438
2026-02-04 18:52:23,318 [INFO] [rank=0] [TRACKING] iter=92, loss=1.954182, best=1.760844, evals=92/100
2026-02-04 18:52:23,448 [INFO] [rank=0] [LOSS EVAL 93/100] Starting evaluation...
2026-02-04 18:52:23,450 [WARNING] [rank=0] [MEMORY] Soglia memoria 1.0GB superata al processo 0/1
2026-02-04 18:52:51,369 [INFO] [rank=0] [TRAIN] Loss (circuito): 1.811777
2026-02-04 18:52:51,370 [INFO] [rank=0] [TRAIN] Loss (formula L=-2ln(mean_sqrt_p)): 1.797581
2026-02-04 18:52:51,371 [INFO] [rank=0] [TRAIN] PPL (exp(L)): 6.035029
2026-02-04 18:52:51,373 [INFO] [rank=0] [TRACKING] iter=93, loss=1.811777, best=1.760844, evals=93/100
2026-02-04 18:52:51,503 [INFO] [rank=0] [LOSS EVAL 94/100] Starting evaluation...
2026-02-04 18:52:51,506 [WARNING] [rank=0] [MEMORY] Soglia memoria 1.0GB superata al processo 0/1
2026-02-04 18:53:19,438 [INFO] [rank=0] [TRAIN] Loss (circuito): 1.843134
2026-02-04 18:53:19,439 [INFO] [rank=0] [TRAIN] Loss (formula L=-2ln(mean_sqrt_p)): 1.829368
2026-02-04 18:53:19,440 [INFO] [rank=0] [TRAIN] PPL (exp(L)): 6.229946
2026-02-04 18:53:19,441 [INFO] [rank=0] [TRACKING] iter=94, loss=1.843134, best=1.760844, evals=94/100
2026-02-04 18:53:19,574 [INFO] [rank=0] [LOSS EVAL 95/100] Starting evaluation...
2026-02-04 18:53:19,576 [WARNING] [rank=0] [MEMORY] Soglia memoria 1.0GB superata al processo 0/1
2026-02-04 18:53:47,478 [INFO] [rank=0] [TRAIN] Loss (circuito): 1.922763
2026-02-04 18:53:47,480 [INFO] [rank=0] [TRAIN] Loss (formula L=-2ln(mean_sqrt_p)): 1.907301
2026-02-04 18:53:47,481 [INFO] [rank=0] [TRAIN] PPL (exp(L)): 6.734889
2026-02-04 18:53:47,482 [INFO] [rank=0] [TRACKING] iter=95, loss=1.922763, best=1.760844, evals=95/100
2026-02-04 18:53:47,613 [INFO] [rank=0] [LOSS EVAL 96/100] Starting evaluation...
2026-02-04 18:53:47,616 [WARNING] [rank=0] [MEMORY] Soglia memoria 1.0GB superata al processo 0/1
2026-02-04 18:54:15,553 [INFO] [rank=0] [TRAIN] Loss (circuito): 1.807677
2026-02-04 18:54:15,554 [INFO] [rank=0] [TRAIN] Loss (formula L=-2ln(mean_sqrt_p)): 1.796754
2026-02-04 18:54:15,555 [INFO] [rank=0] [TRAIN] PPL (exp(L)): 6.030043
2026-02-04 18:54:15,556 [INFO] [rank=0] [TRACKING] iter=96, loss=1.807677, best=1.760844, evals=96/100
2026-02-04 18:54:15,688 [INFO] [rank=0] [LOSS EVAL 97/100] Starting evaluation...
2026-02-04 18:54:15,690 [WARNING] [rank=0] [MEMORY] Soglia memoria 1.0GB superata al processo 0/1
2026-02-04 18:54:43,619 [INFO] [rank=0] [TRAIN] Loss (circuito): 1.947057
2026-02-04 18:54:43,620 [INFO] [rank=0] [TRAIN] Loss (formula L=-2ln(mean_sqrt_p)): 1.931264
2026-02-04 18:54:43,623 [INFO] [rank=0] [TRAIN] PPL (exp(L)): 6.898225
2026-02-04 18:54:43,624 [INFO] [rank=0] [TRACKING] iter=97, loss=1.947057, best=1.760844, evals=97/100
2026-02-04 18:54:43,753 [INFO] [rank=0] [LOSS EVAL 98/100] Starting evaluation...
2026-02-04 18:54:43,756 [WARNING] [rank=0] [MEMORY] Soglia memoria 1.0GB superata al processo 0/1
2026-02-04 18:55:11,708 [INFO] [rank=0] [TRAIN] Loss (circuito): 1.936694
2026-02-04 18:55:11,709 [INFO] [rank=0] [TRAIN] Loss (formula L=-2ln(mean_sqrt_p)): 1.921382
2026-02-04 18:55:11,709 [INFO] [rank=0] [TRAIN] PPL (exp(L)): 6.830395
2026-02-04 18:55:11,710 [INFO] [rank=0] [TRACKING] iter=98, loss=1.936694, best=1.760844, evals=98/100
2026-02-04 18:55:11,843 [INFO] [rank=0] [LOSS EVAL 99/100] Starting evaluation...
2026-02-04 18:55:11,845 [WARNING] [rank=0] [MEMORY] Soglia memoria 1.0GB superata al processo 0/1
2026-02-04 18:55:39,778 [INFO] [rank=0] [TRAIN] Loss (circuito): 2.027292
2026-02-04 18:55:39,780 [INFO] [rank=0] [TRAIN] Loss (formula L=-2ln(mean_sqrt_p)): 2.009930
2026-02-04 18:55:39,780 [INFO] [rank=0] [TRAIN] PPL (exp(L)): 7.462796
2026-02-04 18:55:39,781 [INFO] [rank=0] [TRACKING] iter=99, loss=2.027292, best=1.760844, evals=99/100
2026-02-04 18:55:39,913 [INFO] [rank=0] [LOSS EVAL 100/100] Starting evaluation...
2026-02-04 18:55:39,913 [INFO] [rank=0] [MAX EVALUATIONS REACHED] Stopping at 100 loss evaluations. This is the ONLY stopping condition (early stopping is DISABLED).
2026-02-04 18:55:39,913 [INFO] [rank=0] ======================================================================
2026-02-04 18:55:39,914 [INFO] [rank=0] [MAX EVALUATIONS] Training reached 100 loss evaluations
2026-02-04 18:55:39,914 [INFO] [rank=0] [MAX EVALUATIONS] This is the intended stopping condition
2026-02-04 18:55:39,914 [INFO] [rank=0] ======================================================================
2026-02-04 18:55:39,914 [INFO] [rank=0] [FINAL PARAMS] Using best parameters found: loss=1.760844, iteration=86
2026-02-04 18:55:39,914 [INFO] [rank=0] [STOPPING REASON] Reached max 100 loss evaluations
2026-02-04 18:55:39,938 [INFO] [rank=0] [COBYLA] 🛑 Terminato per SMART EARLY STOPPING dopo 86 iterazioni
2026-02-04 18:55:39,939 [INFO] [rank=0] [COBYLA] Reason: Reached max 100 loss evaluations
2026-02-04 18:55:39,939 [INFO] [rank=0] [COBYLA] Final loss: 1.760844
2026-02-04 18:55:39,939 [INFO] [rank=0] [SAVE] Inizio salvataggio TUTTE le matrici U, W, E, F, P...
2026-02-04 18:55:39,941 [INFO] [rank=0] [SAVE] Salvataggio matrici in: results/run_20260204_185539_seed42
2026-02-04 18:55:39,941 [INFO] [rank=0] [SAVE] Run ID: run_20260204_185539_seed42
2026-02-04 18:55:40,000 [INFO] [rank=0] [SAVE] U shape: (16, 16) -> results/run_20260204_185539_seed42/matrices/U_matrix.npy
2026-02-04 18:55:40,000 [INFO] [rank=0] [SAVE] W shape: (16, 16) -> results/run_20260204_185539_seed42/matrices/W_matrix.npy
2026-02-04 18:55:40,001 [INFO] [rank=0] [SAVE] E shape: (0,) -> results/run_20260204_185539_seed42/matrices/E_matrix.npy
2026-02-04 18:55:40,001 [INFO] [rank=0] [SAVE] F shape: (0,) -> results/run_20260204_185539_seed42/matrices/F_matrix.npy
2026-02-04 18:55:40,001 [INFO] [rank=0] [SAVE] V_rotation shape: (0,) -> results/run_20260204_185539_seed42/matrices/V_rotation.npy
2026-02-04 18:55:40,001 [INFO] [rank=0] [SAVE] P shape: (4, 1024) -> results/run_20260204_185539_seed42/matrices/P_matrix.npy
2026-02-04 18:55:40,001 [INFO] [rank=0] [SAVE] Parametri theta: (4576,) -> results/run_20260204_185539_seed42/matrices/best_params_native.npy
2026-02-04 18:55:40,002 [INFO] [rank=0] [SAVE] Metadata salvato
2026-02-04 18:55:40,002 [INFO] [rank=0] [SAVE] ✓ Tutte le matrici salvate in: results/run_20260204_185539_seed42
2026-02-04 18:55:40,002 [INFO] [rank=0] [ANCILLAE] ⏭ Analisi registro C skippata (disabilitata)
2026-02-04 18:55:40,002 [INFO] [rank=0] [CV] Inizio 3-fold cross validation...
2026-02-04 18:55:40,003 [INFO] [rank=0] 
================================================================================
2026-02-04 18:55:40,003 [INFO] [rank=0] === 3-FOLD CROSS VALIDATION (POST-TRAINING) ===
2026-02-04 18:55:40,003 [INFO] [rank=0] ================================================================================
2026-02-04 18:55:40,003 [INFO] [rank=0] [CV] Caricamento parametri da: results/run_20260204_185539_seed42
2026-02-04 18:55:40,006 [INFO] [rank=0] [CV] ✓ U caricata: (16, 16)
2026-02-04 18:55:40,007 [INFO] [rank=0] [CV] ✓ W caricata: (16, 16)
2026-02-04 18:55:40,007 [INFO] [rank=0] [CV] ✓ E caricata: (0,)
2026-02-04 18:55:40,007 [INFO] [rank=0] [CV] ✓ F caricata: (0,)
2026-02-04 18:55:40,007 [INFO] [rank=0] [CV] ✓ V_rotation caricata: (0,)
2026-02-04 18:55:40,007 [INFO] [rank=0] [CV] ✓ P caricata: (4, 1024)
2026-02-04 18:55:40,007 [INFO] [rank=0] [CV] ✓ Parametri theta caricati: (4576,)
2026-02-04 18:55:40,007 [INFO] [rank=0] [CV] Run ID: run_20260204_185539_seed42
2026-02-04 18:55:40,007 [INFO] [rank=0] [CV] ✓ Projector configurato: 1024 -> 4
2026-02-04 18:55:40,007 [INFO] [rank=0] [CV] Config: max_sentences=100, sentence_length=5
2026-02-04 18:55:40,008 [INFO] [rank=0] [CV] Generazione 100 stati quantistici test (D=10, max_time=5)
2026-02-04 18:57:25,218 [INFO] [rank=0] [CV] Frasi test totali: 100
2026-02-04 18:57:25,219 [INFO] [rank=0] 
[CV] === Fold 1/3 === (33 frasi, 5 parole/frase)
2026-02-04 18:57:25,219 [INFO] [rank=0] [CV] Fold 1 - Usa stati quantistici, encoding=None
2026-02-04 19:10:15,313 [INFO] [rank=0] [CV] Fold 1 - Frasi: 33, Parole/frase: 5, Totale parole: 165
2026-02-04 19:10:15,372 [INFO] [rank=0] [CV] Fold 1 - Loss (L=-2ln(mean_sqrt_p)): 1.817824
2026-02-04 19:10:15,374 [INFO] [rank=0] [CV] Fold 1 - PPL (exp(L)): 6.158444
2026-02-04 19:10:15,377 [INFO] [rank=0] [CV] Fold 1 - PPL ((mean_sqrt_p)^-2): 6.158444
2026-02-04 19:10:15,377 [INFO] [rank=0] [CV] Fold 1 - Consistency check: True
2026-02-04 19:10:15,379 [INFO] [rank=0] 
[CV] === Fold 2/3 === (33 frasi, 5 parole/frase)
2026-02-04 19:10:15,381 [INFO] [rank=0] [CV] Fold 2 - Usa stati quantistici, encoding=None
2026-02-04 19:23:09,334 [INFO] [rank=0] [CV] Fold 2 - Frasi: 33, Parole/frase: 5, Totale parole: 165
2026-02-04 19:23:09,394 [INFO] [rank=0] [CV] Fold 2 - Loss (L=-2ln(mean_sqrt_p)): 1.793667
2026-02-04 19:23:09,396 [INFO] [rank=0] [CV] Fold 2 - PPL (exp(L)): 6.011457
2026-02-04 19:23:09,399 [INFO] [rank=0] [CV] Fold 2 - PPL ((mean_sqrt_p)^-2): 6.011457
2026-02-04 19:23:09,399 [INFO] [rank=0] [CV] Fold 2 - Consistency check: True
2026-02-04 19:23:09,399 [INFO] [rank=0] 
[CV] === Fold 3/3 === (34 frasi, 5 parole/frase)
2026-02-04 19:23:09,402 [INFO] [rank=0] [CV] Fold 3 - Usa stati quantistici, encoding=None
2026-02-04 19:36:28,421 [INFO] [rank=0] [CV] Fold 3 - Frasi: 34, Parole/frase: 5, Totale parole: 170
2026-02-04 19:36:28,481 [INFO] [rank=0] [CV] Fold 3 - Loss (L=-2ln(mean_sqrt_p)): 1.739476
2026-02-04 19:36:28,484 [INFO] [rank=0] [CV] Fold 3 - PPL (exp(L)): 5.694361
2026-02-04 19:36:28,486 [INFO] [rank=0] [CV] Fold 3 - PPL ((mean_sqrt_p)^-2): 5.694361
2026-02-04 19:36:28,487 [INFO] [rank=0] [CV] Fold 3 - Consistency check: True
2026-02-04 19:36:28,489 [INFO] [rank=0] 
[CV] Fold con dati validi: 3/3
2026-02-04 19:36:28,492 [INFO] [rank=0] 
================================================================================
2026-02-04 19:36:28,494 [INFO] [rank=0] === 3-FOLD CV RESULTS ===
2026-02-04 19:36:28,497 [INFO] [rank=0] ================================================================================
2026-02-04 19:36:28,499 [INFO] [rank=0] Formula Loss: L = -2 ln(1/T * sum(sqrt(p(y_t|x))))
2026-02-04 19:36:28,501 [INFO] [rank=0] Formula PPL:  exp(L) = (mean_sqrt_p)^(-2)
2026-02-04 19:36:28,503 [INFO] [rank=0] 
2026-02-04 19:36:28,506 [INFO] [rank=0] Configurazione test:
2026-02-04 19:36:28,508 [INFO] [rank=0]   - Numero frasi per fold: ~33
2026-02-04 19:36:28,510 [INFO] [rank=0]   - Parole per frase: 5
2026-02-04 19:36:28,512 [INFO] [rank=0]   - Totale frasi: 100
2026-02-04 19:36:28,513 [INFO] [rank=0]   - Parametri usati: U, W, E, F (caricati da run_20260204_185539_seed42)
2026-02-04 19:36:28,513 [INFO] [rank=0] 
2026-02-04 19:36:28,513 [INFO] [rank=0] === LOSS E PPL PER FOLD ===
2026-02-04 19:36:28,513 [INFO] [rank=0]   Fold 1: Loss=1.817824, PPL=6.158444
2026-02-04 19:36:28,513 [INFO] [rank=0]   Fold 2: Loss=1.793667, PPL=6.011457
2026-02-04 19:36:28,513 [INFO] [rank=0]   Fold 3: Loss=1.739476, PPL=5.694361
2026-02-04 19:36:28,513 [INFO] [rank=0] 
2026-02-04 19:36:28,513 [INFO] [rank=0] Risultati (3 fold validi):
2026-02-04 19:36:28,513 [INFO] [rank=0]   Loss (media)  = 1.783656
2026-02-04 19:36:28,514 [INFO] [rank=0]   Loss (std)    = 0.040122  
2026-02-04 19:36:28,514 [INFO] [rank=0]   Loss (sem)    = 0.023164  
2026-02-04 19:36:28,514 [INFO] [rank=0] 
2026-02-04 19:36:28,514 [INFO] [rank=0]   PPL (media)   = 5.954754
2026-02-04 19:36:28,514 [INFO] [rank=0]   PPL (std)     = 0.237181  
2026-02-04 19:36:28,514 [INFO] [rank=0]   PPL (sem)     = 0.136936  
2026-02-04 19:36:28,514 [INFO] [rank=0] 
2026-02-04 19:36:28,514 [INFO] [rank=0] ================================================================================
2026-02-04 19:36:28,514 [INFO] [rank=0] METRICHE STATISTICHE RICHIESTE:
2026-02-04 19:36:28,515 [INFO] [rank=0] ================================================================================
2026-02-04 19:36:28,515 [INFO] [rank=0]   📊 ERRORE MEDIO (std Loss)         = 0.040122  [n=3]
2026-02-04 19:36:28,515 [INFO] [rank=0]   📊 DEVIAZIONE STANDARD (std PPL)   = 0.237181  [n=3]
2026-02-04 19:36:28,515 [INFO] [rank=0]   📊 STANDARD ERROR MEAN (sem Loss)  = 0.023164  [n=3]
2026-02-04 19:36:28,515 [INFO] [rank=0]   📊 STANDARD ERROR MEAN (sem PPL)   = 0.136936  [n=3]
2026-02-04 19:36:28,515 [INFO] [rank=0] ================================================================================
2026-02-04 19:36:28,515 [INFO] [rank=0] 
2026-02-04 19:36:28,515 [INFO] [rank=0] Consistency check per fold:
2026-02-04 19:36:28,515 [INFO] [rank=0]   Fold 1: exp(1.817824) = 6.158444 vs 6.158444 [exp: True, alt: True]
2026-02-04 19:36:28,516 [INFO] [rank=0]   Fold 2: exp(1.793667) = 6.011457 vs 6.011457 [exp: True, alt: True]
2026-02-04 19:36:28,516 [INFO] [rank=0]   Fold 3: exp(1.739476) = 5.694361 vs 5.694361 [exp: True, alt: True]
2026-02-04 19:36:28,516 [INFO] [rank=0] ================================================================================

2026-02-04 19:36:28,520 [INFO] [rank=0] [CV] ✓ Cross validation completata: 3 folds
2026-02-04 19:36:28,521 [INFO] [rank=0] 
================================================================================
2026-02-04 19:36:28,521 [INFO] [rank=0] === TRAINING SUMMARY ===
2026-02-04 19:36:28,521 [INFO] [rank=0] ================================================================================
2026-02-04 19:36:28,521 [INFO] [rank=0] 
[FORMULE]
2026-02-04 19:36:28,521 [INFO] [rank=0]   Loss: L = -2 ln(1/T * sum(sqrt(p(y_t|x))))
2026-02-04 19:36:28,521 [INFO] [rank=0]   PPL:  exp(L)
2026-02-04 19:36:28,521 [INFO] [rank=0] 
[LOSS EVALUATIONS]
2026-02-04 19:36:28,522 [INFO] [rank=0]   Total loss evaluations: 100
2026-02-04 19:36:28,522 [INFO] [rank=0]   Maximum allowed: 100
2026-02-04 19:36:28,522 [INFO] [rank=0]   Stopping condition: Reached max evaluations
2026-02-04 19:36:28,522 [INFO] [rank=0] 
[FINAL LOSS]
2026-02-04 19:36:28,522 [INFO] [rank=0]   Final loss (last evaluation): 1.76084406
2026-02-04 19:36:28,522 [INFO] [rank=0]   Best loss seen: 1.76084406
2026-02-04 19:36:28,522 [INFO] [rank=0]   Final PPL = exp(1.76084406) = 5.81734549
2026-02-04 19:36:28,522 [INFO] [rank=0]   Best PPL  = exp(1.76084406) = 5.81734549
2026-02-04 19:36:28,522 [INFO] [rank=0] 
[FINAL PARAMETERS]
2026-02-04 19:36:28,524 [INFO] [rank=0]   Total parameters: 4576
2026-02-04 19:36:28,524 [INFO] [rank=0]   U parameters (Query): 240 (shape: (5, 2, 2, 4, 3))
2026-02-04 19:36:28,524 [INFO] [rank=0]   W parameters (Key): 240 (shape: (5, 2, 2, 4, 3))
2026-02-04 19:36:28,524 [INFO] [rank=0]   P parameters (Projection): 4096
2026-02-04 19:36:28,524 [INFO] [rank=0]   P shape: 4 x 1024 (2^2 x 2^10)
2026-02-04 19:36:28,524 [INFO] [rank=0]   E parameters: 0 (not used in quantum mode)
2026-02-04 19:36:28,524 [INFO] [rank=0]   V parameters: 0 (not used in quantum mode)
2026-02-04 19:36:28,524 [INFO] [rank=0] 
[QUANTUM REGISTERS]
2026-02-04 19:36:28,524 [INFO] [rank=0]   Total qubits: 7
2026-02-04 19:36:28,525 [INFO] [rank=0]   Target qubits (A+B registers): 4
2026-02-04 19:36:28,525 [INFO] [rank=0]   Control qubits (C register/ancillae): 3
2026-02-04 19:36:28,525 [INFO] [rank=0]   Embedding dimension: 4
2026-02-04 19:36:28,525 [INFO] [rank=0]   Sentence length: 5
2026-02-04 19:36:28,525 [INFO] [rank=0]   Hilbert space dimension: 128
2026-02-04 19:36:28,525 [INFO] [rank=0] 
[PERPLEXITY ON TEST DATA]
2026-02-04 19:36:28,525 [INFO] [rank=0]   Test Loss: 1.78365586
2026-02-04 19:36:28,525 [INFO] [rank=0]   Test PPL = exp(1.78365586) = 5.95475379
2026-02-04 19:36:28,525 [INFO] [rank=0]   Test sentences used: 100/100
2026-02-04 19:36:28,526 [INFO] [rank=0]   Verifica consistency: exp(L) == PPL
2026-02-04 19:36:28,526 [INFO] [rank=0]   Consistency check: False
2026-02-04 19:36:28,526 [INFO] [rank=0] 
[METADATA]
2026-02-04 19:36:28,526 [INFO] [rank=0]   Timestamp: 20260204_185539
2026-02-04 19:36:28,526 [INFO] [rank=0]   Optimizer: COBYLA
2026-02-04 19:36:28,526 [INFO] [rank=0]   Number of layers: 5
2026-02-04 19:36:28,526 [INFO] [rank=0]   Qubits per ansatz: 4
2026-02-04 19:36:28,526 [INFO] [rank=0]   Early stopping: DISABLED (HARD CONSTRAINT)
2026-02-04 19:36:28,526 [INFO] [rank=0]   Stopping criterion: 100 loss evaluations ONLY
2026-02-04 19:36:28,526 [INFO] [rank=0] 
================================================================================
2026-02-04 19:36:28,527 [INFO] [rank=0] === END OF TRAINING SUMMARY ===
2026-02-04 19:36:28,527 [INFO] [rank=0] ================================================================================

2026-02-04 19:36:28,546 [INFO] [rank=0] [SAVE] Parametri salvati in results/run_20260204_185539_seed42/parameters/theta_finali_native.npy
2026-02-04 19:36:28,552 [INFO] [rank=0] [SAVE] Summary salvato in results/run_20260204_185539_seed42/summaries/training_summary.txt
2026-02-04 19:36:28,561 [INFO] [rank=0] [SAVE] Storia loss salvata in results/run_20260204_185539_seed42/summaries/loss_history.txt
2026-02-04 19:36:30,041 [INFO] [rank=0] [SAVE] ✓ Grafico training loss salvato in results/run_20260204_185539_seed42/plots/training_loss.png
2026-02-04 19:36:30,041 [INFO] [rank=0] [COMPLETE] Ottimizzazione completata. Loss media finale: 1.760844
2026-02-04 19:36:30,041 [INFO] [rank=0] [COMPLETE] Tutti i file salvati in: results/run_20260204_185539_seed42
2026-02-04 19:36:30,041 [INFO] [rank=0] [COMPLETE] - Parametri: results/run_20260204_185539_seed42/parameters
2026-02-04 19:36:30,042 [INFO] [rank=0] [COMPLETE] - Summaries: results/run_20260204_185539_seed42/summaries
2026-02-04 19:36:30,042 [INFO] [rank=0] [COMPLETE] - Plots: results/run_20260204_185539_seed42/plots
2026-02-04 19:36:30,042 [INFO] [rank=0] [COMPLETE] - Matrici: results/run_20260204_185539_seed42/matrices
2026-02-05 08:50:13,214 [INFO] [rank=0] [QUANTUM] ========================================
2026-02-05 08:50:13,222 [INFO] [rank=0] [QUANTUM] Modalità QUANTUM STATES attiva!
2026-02-05 08:50:13,222 [INFO] [rank=0] [QUANTUM] ========================================
2026-02-05 08:50:13,222 [INFO] [rank=0] [QUANTUM] Frasi quantistiche (num_states): 300
2026-02-05 08:50:13,222 [INFO] [rank=0] [QUANTUM] Parole per frase (max_time): 5
2026-02-05 08:50:13,222 [INFO] [rank=0] [QUANTUM] ✓ PROIEZIONE ABILITATA: 10 qubit -> 2 qubit
2026-02-05 08:50:13,222 [INFO] [rank=0] [QUANTUM] Dimensione Hilbert sorgente: 2^10 = 1024
2026-02-05 08:50:13,222 [INFO] [rank=0] [QUANTUM] Dimensione Hilbert target: 2^2 = 4
2026-02-05 08:50:13,222 [INFO] [rank=0] [QUANTUM] MPI ranks: 150
2026-02-05 08:50:13,222 [INFO] [rank=0] [QUANTUM] Frasi per rank: ~2
2026-02-05 08:50:13,222 [INFO] [rank=0] [QUANTUM] Rank 0: Generazione OTTIMIZZATA di 300 frasi quantistiche...
2026-02-05 08:50:13,222 [INFO] [rank=0] [QUANTUM] Dimensione target: 2^10 = 1024, memoria stimata: 23 MB
2026-02-05 08:50:14,036 [INFO] [rank=0] [QUANTUM] Batch 1: generazione 20 frasi (0-19)...
2026-02-05 08:50:41,084 [INFO] [rank=0] [QUANTUM] Batch completato, totale frasi: 20/300
2026-02-05 08:50:41,084 [INFO] [rank=0] [QUANTUM] Batch 2: generazione 20 frasi (20-39)...
2026-02-05 08:51:08,038 [INFO] [rank=0] [QUANTUM] Batch completato, totale frasi: 40/300
2026-02-05 08:51:08,038 [INFO] [rank=0] [QUANTUM] Batch 3: generazione 20 frasi (40-59)...
2026-02-05 08:51:34,591 [INFO] [rank=0] [QUANTUM] Batch completato, totale frasi: 60/300
2026-02-05 08:51:34,592 [INFO] [rank=0] [QUANTUM] Batch 4: generazione 20 frasi (60-79)...
2026-02-05 08:52:01,721 [INFO] [rank=0] [QUANTUM] Batch completato, totale frasi: 80/300
2026-02-05 08:52:01,721 [INFO] [rank=0] [QUANTUM] Batch 5: generazione 20 frasi (80-99)...
2026-02-05 08:52:28,542 [INFO] [rank=0] [QUANTUM] Batch completato, totale frasi: 100/300
2026-02-05 08:52:28,542 [INFO] [rank=0] [QUANTUM] Batch 6: generazione 20 frasi (100-119)...
2026-02-05 08:52:55,389 [INFO] [rank=0] [QUANTUM] Batch completato, totale frasi: 120/300
2026-02-05 08:52:55,390 [INFO] [rank=0] [QUANTUM] Batch 7: generazione 20 frasi (120-139)...
2026-02-05 08:53:22,085 [INFO] [rank=0] [QUANTUM] Batch completato, totale frasi: 140/300
2026-02-05 08:53:22,086 [INFO] [rank=0] [QUANTUM] Batch 8: generazione 20 frasi (140-159)...
2026-02-05 08:53:48,711 [INFO] [rank=0] [QUANTUM] Batch completato, totale frasi: 160/300
2026-02-05 08:53:48,711 [INFO] [rank=0] [QUANTUM] Batch 9: generazione 20 frasi (160-179)...
2026-02-05 08:54:15,639 [INFO] [rank=0] [QUANTUM] Batch completato, totale frasi: 180/300
2026-02-05 08:54:15,640 [INFO] [rank=0] [QUANTUM] Batch 10: generazione 20 frasi (180-199)...
2026-02-05 08:54:42,405 [INFO] [rank=0] [QUANTUM] Batch completato, totale frasi: 200/300
2026-02-05 08:54:42,406 [INFO] [rank=0] [QUANTUM] Batch 11: generazione 20 frasi (200-219)...
2026-02-05 08:55:08,512 [INFO] [rank=0] [QUANTUM] Batch completato, totale frasi: 220/300
2026-02-05 08:55:08,512 [INFO] [rank=0] [QUANTUM] Batch 12: generazione 20 frasi (220-239)...
2026-02-05 08:55:34,930 [INFO] [rank=0] [QUANTUM] Batch completato, totale frasi: 240/300
2026-02-05 08:55:34,930 [INFO] [rank=0] [QUANTUM] Batch 13: generazione 20 frasi (240-259)...
2026-02-05 08:56:01,844 [INFO] [rank=0] [QUANTUM] Batch completato, totale frasi: 260/300
2026-02-05 08:56:01,845 [INFO] [rank=0] [QUANTUM] Batch 14: generazione 20 frasi (260-279)...
2026-02-05 08:56:28,210 [INFO] [rank=0] [QUANTUM] Batch completato, totale frasi: 280/300
2026-02-05 08:56:28,211 [INFO] [rank=0] [QUANTUM] Batch 15: generazione 20 frasi (280-299)...
2026-02-05 08:56:54,733 [INFO] [rank=0] [QUANTUM] Batch completato, totale frasi: 300/300
2026-02-05 08:56:54,745 [INFO] [rank=0] [QUANTUM] ✓ Tutte le 300 frasi generate: shape=(300, 5, 1024)
2026-02-05 08:56:54,874 [INFO] [rank=0] [QUANTUM] Verifica diversità: ||frase_0 - frase_1|| = 3.162278
2026-02-05 08:56:54,891 [INFO] [rank=0] [QUANTUM] Salvate in quantum_states_generated.npy
2026-02-05 08:56:55,088 [INFO] [rank=0] [QUANTUM] Rank 0: Ricevute frasi quantistiche, shape=(300, 5, 1024)
2026-02-05 08:56:55,088 [INFO] [rank=0] [QUANTUM] Rank 0: Assegnate 2 frasi (IDs: [0, 1])
2026-02-05 08:56:55,090 [INFO] [rank=0] [PROJECTION] ✓ Projector creato: 1024 -> 4
2026-02-05 08:56:55,090 [INFO] [rank=0] [QUANTUM] P sostituisce E (embedding): (4, 1024)
2026-02-05 08:56:55,090 [INFO] [rank=0] [QUANTUM] V non serve in quantum mode (target = stati proiettati)
2026-02-05 08:56:55,090 [INFO] [rank=0] Parametri: quantum=480 embed=0 rot=0 proj=4096 tot=4576 shape_half=(5, 2, 2, 4, 3)
2026-02-05 08:56:55,292 [INFO] [rank=0] Inizio ottimizzazione con COBYLA (NO early stopping): maxiter=150, tol=1e-05
2026-02-05 08:56:55,292 [INFO] [rank=0] [STOPPING CONFIG] HARD CONSTRAINT: Stop ONLY at 100 loss evaluations
2026-02-05 08:56:55,292 [INFO] [rank=0] [STOPPING CONFIG] All early stopping logic DISABLED
2026-02-05 08:56:55,602 [INFO] [rank=0] [LOSS EVAL 1/100] Starting evaluation...
2026-02-05 08:57:56,002 [INFO] [rank=0] [TRAIN] Loss (circuito): 5.000296
2026-02-05 08:57:56,006 [INFO] [rank=0] [TRAIN] Loss (formula L=-2ln(mean_sqrt_p)): 4.766713
2026-02-05 08:57:56,010 [INFO] [rank=0] [TRAIN] PPL (exp(L)): 117.532226
2026-02-05 08:57:56,014 [INFO] [rank=0] [TRACKER] New best! Loss=5.000296 at iter 1
2026-02-05 08:57:56,015 [INFO] [rank=0] [TRACKING] iter=1, loss=5.000296, best=5.000296, evals=1/100
2026-02-05 08:57:56,937 [INFO] [rank=0] [LOSS EVAL 2/100] Starting evaluation...
2026-02-05 08:57:56,941 [WARNING] [rank=0] [MEMORY] Soglia memoria 1.0GB superata al processo 0/2
2026-02-05 08:58:26,195 [WARNING] [rank=0] [MEMORY] Soglia memoria 1.0GB superata al processo 1/2
2026-02-05 08:58:57,125 [INFO] [rank=0] [TRAIN] Loss (circuito): 4.191583
2026-02-05 08:58:57,127 [INFO] [rank=0] [TRAIN] Loss (formula L=-2ln(mean_sqrt_p)): 4.027502
2026-02-05 08:58:57,128 [INFO] [rank=0] [TRAIN] PPL (exp(L)): 56.120551
2026-02-05 08:58:57,130 [INFO] [rank=0] [TRACKER] New best! Loss=4.191583 at iter 2
2026-02-05 08:58:57,131 [INFO] [rank=0] [TRACKING] iter=2, loss=4.191583, best=4.191583, evals=2/100
2026-02-05 08:58:57,273 [INFO] [rank=0] [LOSS EVAL 3/100] Starting evaluation...
2026-02-05 08:58:57,276 [WARNING] [rank=0] [MEMORY] Soglia memoria 1.0GB superata al processo 0/2
2026-02-05 08:59:26,415 [WARNING] [rank=0] [MEMORY] Soglia memoria 1.0GB superata al processo 1/2
2026-02-05 08:59:57,237 [INFO] [rank=0] [TRAIN] Loss (circuito): 5.007694
2026-02-05 08:59:57,239 [INFO] [rank=0] [TRAIN] Loss (formula L=-2ln(mean_sqrt_p)): 4.757917
2026-02-05 08:59:57,242 [INFO] [rank=0] [TRAIN] PPL (exp(L)): 116.503019
2026-02-05 08:59:57,243 [INFO] [rank=0] [TRACKING] iter=3, loss=5.007694, best=4.191583, evals=3/100
2026-02-05 08:59:57,386 [INFO] [rank=0] [LOSS EVAL 4/100] Starting evaluation...
2026-02-05 08:59:57,389 [WARNING] [rank=0] [MEMORY] Soglia memoria 1.0GB superata al processo 0/2
2026-02-05 09:00:25,893 [WARNING] [rank=0] [MEMORY] Soglia memoria 1.0GB superata al processo 1/2
2026-02-05 09:00:57,428 [INFO] [rank=0] [TRAIN] Loss (circuito): 3.496544
2026-02-05 09:00:57,430 [INFO] [rank=0] [TRAIN] Loss (formula L=-2ln(mean_sqrt_p)): 3.412211
2026-02-05 09:00:57,430 [INFO] [rank=0] [TRAIN] PPL (exp(L)): 30.332240
2026-02-05 09:00:57,434 [INFO] [rank=0] [TRACKER] New best! Loss=3.496544 at iter 4
2026-02-05 09:00:57,434 [INFO] [rank=0] [TRACKING] iter=4, loss=3.496544, best=3.496544, evals=4/100
2026-02-05 09:00:57,575 [INFO] [rank=0] [LOSS EVAL 5/100] Starting evaluation...
2026-02-05 09:00:57,579 [WARNING] [rank=0] [MEMORY] Soglia memoria 1.0GB superata al processo 0/2
2026-02-05 09:01:26,621 [WARNING] [rank=0] [MEMORY] Soglia memoria 1.0GB superata al processo 1/2
2026-02-05 09:01:58,087 [INFO] [rank=0] [TRAIN] Loss (circuito): 3.110794
2026-02-05 09:01:58,089 [INFO] [rank=0] [TRAIN] Loss (formula L=-2ln(mean_sqrt_p)): 3.059209
2026-02-05 09:01:58,091 [INFO] [rank=0] [TRAIN] PPL (exp(L)): 21.310691
2026-02-05 09:01:58,093 [INFO] [rank=0] [TRACKER] New best! Loss=3.110794 at iter 5
2026-02-05 09:01:58,094 [INFO] [rank=0] [TRACKING] iter=5, loss=3.110794, best=3.110794, evals=5/100
2026-02-05 09:01:58,236 [INFO] [rank=0] [LOSS EVAL 6/100] Starting evaluation...
2026-02-05 09:01:58,239 [WARNING] [rank=0] [MEMORY] Soglia memoria 1.0GB superata al processo 0/2
2026-02-05 09:02:27,554 [WARNING] [rank=0] [MEMORY] Soglia memoria 1.0GB superata al processo 1/2
2026-02-05 09:02:58,798 [INFO] [rank=0] [TRAIN] Loss (circuito): 2.963145
2026-02-05 09:02:58,801 [INFO] [rank=0] [TRAIN] Loss (formula L=-2ln(mean_sqrt_p)): 2.917486
2026-02-05 09:02:58,803 [INFO] [rank=0] [TRAIN] PPL (exp(L)): 18.494728
2026-02-05 09:02:58,806 [INFO] [rank=0] [TRACKER] New best! Loss=2.963145 at iter 6
2026-02-05 09:02:58,807 [INFO] [rank=0] [TRACKING] iter=6, loss=2.963145, best=2.963145, evals=6/100
2026-02-05 09:02:58,946 [INFO] [rank=0] [LOSS EVAL 7/100] Starting evaluation...
2026-02-05 09:02:58,950 [WARNING] [rank=0] [MEMORY] Soglia memoria 1.0GB superata al processo 0/2
2026-02-05 09:03:27,933 [WARNING] [rank=0] [MEMORY] Soglia memoria 1.0GB superata al processo 1/2
2026-02-05 09:03:59,278 [INFO] [rank=0] [TRAIN] Loss (circuito): 2.671112
2026-02-05 09:03:59,280 [INFO] [rank=0] [TRAIN] Loss (formula L=-2ln(mean_sqrt_p)): 2.635402
2026-02-05 09:03:59,282 [INFO] [rank=0] [TRAIN] PPL (exp(L)): 13.948920
2026-02-05 09:03:59,286 [INFO] [rank=0] [TRACKER] New best! Loss=2.671112 at iter 7
2026-02-05 09:03:59,287 [INFO] [rank=0] [TRACKING] iter=7, loss=2.671112, best=2.671112, evals=7/100
2026-02-05 09:03:59,429 [INFO] [rank=0] [LOSS EVAL 8/100] Starting evaluation...
2026-02-05 09:03:59,432 [WARNING] [rank=0] [MEMORY] Soglia memoria 1.0GB superata al processo 0/2
2026-02-05 09:04:28,620 [WARNING] [rank=0] [MEMORY] Soglia memoria 1.0GB superata al processo 1/2
2026-02-05 09:04:59,806 [INFO] [rank=0] [TRAIN] Loss (circuito): 3.117487
2026-02-05 09:04:59,808 [INFO] [rank=0] [TRAIN] Loss (formula L=-2ln(mean_sqrt_p)): 3.059974
2026-02-05 09:04:59,809 [INFO] [rank=0] [TRAIN] PPL (exp(L)): 21.326997
2026-02-05 09:04:59,811 [INFO] [rank=0] [TRACKING] iter=8, loss=3.117487, best=2.671112, evals=8/100
2026-02-05 09:04:59,954 [INFO] [rank=0] [LOSS EVAL 9/100] Starting evaluation...
2026-02-05 09:04:59,958 [WARNING] [rank=0] [MEMORY] Soglia memoria 1.0GB superata al processo 0/2
2026-02-05 09:05:28,643 [WARNING] [rank=0] [MEMORY] Soglia memoria 1.0GB superata al processo 1/2
2026-02-05 09:06:00,516 [INFO] [rank=0] [TRAIN] Loss (circuito): 3.028590
2026-02-05 09:06:00,519 [INFO] [rank=0] [TRAIN] Loss (formula L=-2ln(mean_sqrt_p)): 2.974271
2026-02-05 09:06:00,521 [INFO] [rank=0] [TRAIN] PPL (exp(L)): 19.575349
2026-02-05 09:06:00,522 [INFO] [rank=0] [TRACKING] iter=9, loss=3.028590, best=2.671112, evals=9/100
2026-02-05 09:06:00,664 [INFO] [rank=0] [LOSS EVAL 10/100] Starting evaluation...
2026-02-05 09:06:00,667 [INFO] [rank=0] [PROJECTION] P matrix set: shape=(4, 1024), norm=116.4543
2026-02-05 09:06:00,667 [WARNING] [rank=0] [MEMORY] Soglia memoria 1.0GB superata al processo 0/2
2026-02-05 09:06:29,924 [WARNING] [rank=0] [MEMORY] Soglia memoria 1.0GB superata al processo 1/2
2026-02-05 09:07:01,194 [INFO] [rank=0] [TRAIN] Loss (circuito): 2.470066
2026-02-05 09:07:01,196 [INFO] [rank=0] [TRAIN] Loss (formula L=-2ln(mean_sqrt_p)): 2.440662
2026-02-05 09:07:01,196 [INFO] [rank=0] [TRAIN] PPL (exp(L)): 11.480643
2026-02-05 09:07:01,201 [INFO] [rank=0] [TRACKER] New best! Loss=2.470066 at iter 10
2026-02-05 09:07:01,202 [INFO] [rank=0] [TRACKING] iter=10, loss=2.470066, best=2.470066, evals=10/100
2026-02-05 09:07:01,343 [INFO] [rank=0] [LOSS EVAL 11/100] Starting evaluation...
2026-02-05 09:07:01,346 [WARNING] [rank=0] [MEMORY] Soglia memoria 1.0GB superata al processo 0/2
2026-02-05 09:07:30,411 [WARNING] [rank=0] [MEMORY] Soglia memoria 1.0GB superata al processo 1/2
2026-02-05 09:08:01,717 [INFO] [rank=0] [TRAIN] Loss (circuito): 2.554773
2026-02-05 09:08:01,719 [INFO] [rank=0] [TRAIN] Loss (formula L=-2ln(mean_sqrt_p)): 2.524500
2026-02-05 09:08:01,721 [INFO] [rank=0] [TRAIN] PPL (exp(L)): 12.484656
2026-02-05 09:08:01,722 [INFO] [rank=0] [TRACKING] iter=11, loss=2.554773, best=2.470066, evals=11/100
2026-02-05 09:08:01,866 [INFO] [rank=0] [LOSS EVAL 12/100] Starting evaluation...
2026-02-05 09:08:01,869 [WARNING] [rank=0] [MEMORY] Soglia memoria 1.0GB superata al processo 0/2
2026-02-05 09:08:31,023 [WARNING] [rank=0] [MEMORY] Soglia memoria 1.0GB superata al processo 1/2
2026-02-05 09:09:02,195 [INFO] [rank=0] [TRAIN] Loss (circuito): 2.309742
2026-02-05 09:09:02,199 [INFO] [rank=0] [TRAIN] Loss (formula L=-2ln(mean_sqrt_p)): 2.284566
2026-02-05 09:09:02,201 [INFO] [rank=0] [TRAIN] PPL (exp(L)): 9.821421
2026-02-05 09:09:02,204 [INFO] [rank=0] [TRACKER] New best! Loss=2.309742 at iter 12
2026-02-05 09:09:02,207 [INFO] [rank=0] [TRACKING] iter=12, loss=2.309742, best=2.309742, evals=12/100
2026-02-05 09:09:02,345 [INFO] [rank=0] [LOSS EVAL 13/100] Starting evaluation...
2026-02-05 09:09:02,348 [WARNING] [rank=0] [MEMORY] Soglia memoria 1.0GB superata al processo 0/2
2026-02-05 09:09:31,475 [WARNING] [rank=0] [MEMORY] Soglia memoria 1.0GB superata al processo 1/2
2026-02-05 09:10:04,096 [INFO] [rank=0] [TRAIN] Loss (circuito): 2.769504
2026-02-05 09:10:04,099 [INFO] [rank=0] [TRAIN] Loss (formula L=-2ln(mean_sqrt_p)): 2.731564
2026-02-05 09:10:04,100 [INFO] [rank=0] [TRAIN] PPL (exp(L)): 15.356886
2026-02-05 09:10:04,102 [INFO] [rank=0] [TRACKING] iter=13, loss=2.769504, best=2.309742, evals=13/100
2026-02-05 09:10:04,244 [INFO] [rank=0] [LOSS EVAL 14/100] Starting evaluation...
2026-02-05 09:10:04,248 [WARNING] [rank=0] [MEMORY] Soglia memoria 1.0GB superata al processo 0/2
2026-02-05 09:10:33,217 [WARNING] [rank=0] [MEMORY] Soglia memoria 1.0GB superata al processo 1/2
2026-02-05 09:11:04,590 [INFO] [rank=0] [TRAIN] Loss (circuito): 2.597123
2026-02-05 09:11:04,592 [INFO] [rank=0] [TRAIN] Loss (formula L=-2ln(mean_sqrt_p)): 2.563145
2026-02-05 09:11:04,594 [INFO] [rank=0] [TRAIN] PPL (exp(L)): 12.976560
2026-02-05 09:11:04,596 [INFO] [rank=0] [TRACKING] iter=14, loss=2.597123, best=2.309742, evals=14/100
2026-02-05 09:11:04,738 [INFO] [rank=0] [LOSS EVAL 15/100] Starting evaluation...
2026-02-05 09:11:04,742 [WARNING] [rank=0] [MEMORY] Soglia memoria 1.0GB superata al processo 0/2
2026-02-05 09:11:33,710 [WARNING] [rank=0] [MEMORY] Soglia memoria 1.0GB superata al processo 1/2
2026-02-05 09:12:05,290 [INFO] [rank=0] [TRAIN] Loss (circuito): 2.456374
2026-02-05 09:12:05,292 [INFO] [rank=0] [TRAIN] Loss (formula L=-2ln(mean_sqrt_p)): 2.428832
2026-02-05 09:12:05,293 [INFO] [rank=0] [TRAIN] PPL (exp(L)): 11.345626
2026-02-05 09:12:05,294 [INFO] [rank=0] [TRACKING] iter=15, loss=2.456374, best=2.309742, evals=15/100
2026-02-05 09:12:05,439 [INFO] [rank=0] [LOSS EVAL 16/100] Starting evaluation...
2026-02-05 09:12:05,443 [WARNING] [rank=0] [MEMORY] Soglia memoria 1.0GB superata al processo 0/2
2026-02-05 09:12:34,544 [WARNING] [rank=0] [MEMORY] Soglia memoria 1.0GB superata al processo 1/2
2026-02-05 09:13:05,800 [INFO] [rank=0] [TRAIN] Loss (circuito): 2.314898
2026-02-05 09:13:05,802 [INFO] [rank=0] [TRAIN] Loss (formula L=-2ln(mean_sqrt_p)): 2.290965
2026-02-05 09:13:05,802 [INFO] [rank=0] [TRAIN] PPL (exp(L)): 9.884474
2026-02-05 09:13:05,805 [INFO] [rank=0] [TRACKING] iter=16, loss=2.314898, best=2.309742, evals=16/100
2026-02-05 09:13:05,948 [INFO] [rank=0] [LOSS EVAL 17/100] Starting evaluation...
2026-02-05 09:13:05,951 [WARNING] [rank=0] [MEMORY] Soglia memoria 1.0GB superata al processo 0/2
2026-02-05 09:13:34,859 [WARNING] [rank=0] [MEMORY] Soglia memoria 1.0GB superata al processo 1/2
2026-02-05 09:14:06,414 [INFO] [rank=0] [TRAIN] Loss (circuito): 2.173886
2026-02-05 09:14:06,416 [INFO] [rank=0] [TRAIN] Loss (formula L=-2ln(mean_sqrt_p)): 2.152605
2026-02-05 09:14:06,419 [INFO] [rank=0] [TRAIN] PPL (exp(L)): 8.607253
2026-02-05 09:14:06,422 [INFO] [rank=0] [TRACKER] New best! Loss=2.173886 at iter 17
2026-02-05 09:14:06,425 [INFO] [rank=0] [TRACKING] iter=17, loss=2.173886, best=2.173886, evals=17/100
2026-02-05 09:14:06,564 [INFO] [rank=0] [LOSS EVAL 18/100] Starting evaluation...
2026-02-05 09:14:06,567 [WARNING] [rank=0] [MEMORY] Soglia memoria 1.0GB superata al processo 0/2
2026-02-05 09:14:35,680 [WARNING] [rank=0] [MEMORY] Soglia memoria 1.0GB superata al processo 1/2
2026-02-05 09:15:07,037 [INFO] [rank=0] [TRAIN] Loss (circuito): 2.243576
2026-02-05 09:15:07,039 [INFO] [rank=0] [TRAIN] Loss (formula L=-2ln(mean_sqrt_p)): 2.219123
2026-02-05 09:15:07,041 [INFO] [rank=0] [TRAIN] PPL (exp(L)): 9.199259
2026-02-05 09:15:07,042 [INFO] [rank=0] [TRACKING] iter=18, loss=2.243576, best=2.173886, evals=18/100
2026-02-05 09:15:07,186 [INFO] [rank=0] [LOSS EVAL 19/100] Starting evaluation...
2026-02-05 09:15:07,190 [WARNING] [rank=0] [MEMORY] Soglia memoria 1.0GB superata al processo 0/2
2026-02-05 09:15:36,293 [WARNING] [rank=0] [MEMORY] Soglia memoria 1.0GB superata al processo 1/2
2026-02-05 09:16:07,833 [INFO] [rank=0] [TRAIN] Loss (circuito): 2.254447
2026-02-05 09:16:07,834 [INFO] [rank=0] [TRAIN] Loss (formula L=-2ln(mean_sqrt_p)): 2.231308
2026-02-05 09:16:07,835 [INFO] [rank=0] [TRAIN] PPL (exp(L)): 9.312037
2026-02-05 09:16:07,835 [INFO] [rank=0] [TRACKING] iter=19, loss=2.254447, best=2.173886, evals=19/100
2026-02-05 09:16:07,983 [INFO] [rank=0] [LOSS EVAL 20/100] Starting evaluation...
2026-02-05 09:16:07,987 [INFO] [rank=0] [PROJECTION] P matrix set: shape=(4, 1024), norm=116.4543
2026-02-05 09:16:07,987 [WARNING] [rank=0] [MEMORY] Soglia memoria 1.0GB superata al processo 0/2
2026-02-05 09:16:37,178 [WARNING] [rank=0] [MEMORY] Soglia memoria 1.0GB superata al processo 1/2
2026-02-05 09:17:08,541 [INFO] [rank=0] [TRAIN] Loss (circuito): 2.245835
2026-02-05 09:17:08,542 [INFO] [rank=0] [TRAIN] Loss (formula L=-2ln(mean_sqrt_p)): 2.223366
2026-02-05 09:17:08,545 [INFO] [rank=0] [TRAIN] PPL (exp(L)): 9.238373
2026-02-05 09:17:08,546 [INFO] [rank=0] [TRACKING] iter=20, loss=2.245835, best=2.173886, evals=20/100
2026-02-05 09:17:08,689 [INFO] [rank=0] [LOSS EVAL 21/100] Starting evaluation...
2026-02-05 09:17:08,692 [WARNING] [rank=0] [MEMORY] Soglia memoria 1.0GB superata al processo 0/2
2026-02-05 09:17:37,865 [WARNING] [rank=0] [MEMORY] Soglia memoria 1.0GB superata al processo 1/2
2026-02-05 09:18:09,207 [INFO] [rank=0] [TRAIN] Loss (circuito): 2.400990
2026-02-05 09:18:09,210 [INFO] [rank=0] [TRAIN] Loss (formula L=-2ln(mean_sqrt_p)): 2.373855
2026-02-05 09:18:09,212 [INFO] [rank=0] [TRAIN] PPL (exp(L)): 10.738710
2026-02-05 09:18:09,213 [INFO] [rank=0] [TRACKING] iter=21, loss=2.400990, best=2.173886, evals=21/100
2026-02-05 09:18:09,358 [INFO] [rank=0] [LOSS EVAL 22/100] Starting evaluation...
2026-02-05 09:18:09,361 [WARNING] [rank=0] [MEMORY] Soglia memoria 1.0GB superata al processo 0/2
2026-02-05 09:18:38,518 [WARNING] [rank=0] [MEMORY] Soglia memoria 1.0GB superata al processo 1/2
2026-02-05 09:19:10,622 [INFO] [rank=0] [TRAIN] Loss (circuito): 2.421887
2026-02-05 09:19:10,624 [INFO] [rank=0] [TRAIN] Loss (formula L=-2ln(mean_sqrt_p)): 2.394665
2026-02-05 09:19:10,626 [INFO] [rank=0] [TRAIN] PPL (exp(L)): 10.964527
2026-02-05 09:19:10,628 [INFO] [rank=0] [TRACKING] iter=22, loss=2.421887, best=2.173886, evals=22/100
2026-02-05 09:19:10,771 [INFO] [rank=0] [LOSS EVAL 23/100] Starting evaluation...
2026-02-05 09:19:10,775 [WARNING] [rank=0] [MEMORY] Soglia memoria 1.0GB superata al processo 0/2
2026-02-05 09:19:39,974 [WARNING] [rank=0] [MEMORY] Soglia memoria 1.0GB superata al processo 1/2
2026-02-05 09:20:12,054 [INFO] [rank=0] [TRAIN] Loss (circuito): 2.319920
2026-02-05 09:20:12,055 [INFO] [rank=0] [TRAIN] Loss (formula L=-2ln(mean_sqrt_p)): 2.294413
2026-02-05 09:20:12,056 [INFO] [rank=0] [TRAIN] PPL (exp(L)): 9.918616
2026-02-05 09:20:12,059 [INFO] [rank=0] [TRACKING] iter=23, loss=2.319920, best=2.173886, evals=23/100
2026-02-05 09:20:12,203 [INFO] [rank=0] [LOSS EVAL 24/100] Starting evaluation...
2026-02-05 09:20:12,207 [WARNING] [rank=0] [MEMORY] Soglia memoria 1.0GB superata al processo 0/2
2026-02-05 09:20:41,337 [WARNING] [rank=0] [MEMORY] Soglia memoria 1.0GB superata al processo 1/2
2026-02-05 09:21:15,055 [INFO] [rank=0] [TRAIN] Loss (circuito): 2.413351
2026-02-05 09:21:15,058 [INFO] [rank=0] [TRAIN] Loss (formula L=-2ln(mean_sqrt_p)): 2.386859
2026-02-05 09:21:15,062 [INFO] [rank=0] [TRAIN] PPL (exp(L)): 10.879268
2026-02-05 09:21:15,063 [INFO] [rank=0] [TRACKING] iter=24, loss=2.413351, best=2.173886, evals=24/100
2026-02-05 09:21:15,206 [INFO] [rank=0] [LOSS EVAL 25/100] Starting evaluation...
2026-02-05 09:21:15,209 [WARNING] [rank=0] [MEMORY] Soglia memoria 1.0GB superata al processo 0/2
2026-02-05 09:21:44,176 [WARNING] [rank=0] [MEMORY] Soglia memoria 1.0GB superata al processo 1/2
2026-02-05 09:22:16,633 [INFO] [rank=0] [TRAIN] Loss (circuito): 2.387288
2026-02-05 09:22:16,635 [INFO] [rank=0] [TRAIN] Loss (formula L=-2ln(mean_sqrt_p)): 2.364306
2026-02-05 09:22:16,637 [INFO] [rank=0] [TRAIN] PPL (exp(L)): 10.636653
2026-02-05 09:22:16,639 [INFO] [rank=0] [TRACKING] iter=25, loss=2.387288, best=2.173886, evals=25/100
2026-02-05 09:22:16,784 [INFO] [rank=0] [LOSS EVAL 26/100] Starting evaluation...
2026-02-05 09:22:16,787 [WARNING] [rank=0] [MEMORY] Soglia memoria 1.0GB superata al processo 0/2
2026-02-05 09:22:45,874 [WARNING] [rank=0] [MEMORY] Soglia memoria 1.0GB superata al processo 1/2
2026-02-05 09:23:17,949 [INFO] [rank=0] [TRAIN] Loss (circuito): 2.220580
2026-02-05 09:23:17,953 [INFO] [rank=0] [TRAIN] Loss (formula L=-2ln(mean_sqrt_p)): 2.198152
2026-02-05 09:23:17,955 [INFO] [rank=0] [TRAIN] PPL (exp(L)): 9.008348
2026-02-05 09:23:17,957 [INFO] [rank=0] [TRACKING] iter=26, loss=2.220580, best=2.173886, evals=26/100
2026-02-05 09:23:18,100 [INFO] [rank=0] [LOSS EVAL 27/100] Starting evaluation...
2026-02-05 09:23:18,104 [WARNING] [rank=0] [MEMORY] Soglia memoria 1.0GB superata al processo 0/2
2026-02-05 09:23:46,919 [WARNING] [rank=0] [MEMORY] Soglia memoria 1.0GB superata al processo 1/2
2026-02-05 09:24:19,396 [INFO] [rank=0] [TRAIN] Loss (circuito): 2.313972
2026-02-05 09:24:19,398 [INFO] [rank=0] [TRAIN] Loss (formula L=-2ln(mean_sqrt_p)): 2.291782
2026-02-05 09:24:19,399 [INFO] [rank=0] [TRAIN] PPL (exp(L)): 9.892547
2026-02-05 09:24:19,402 [INFO] [rank=0] [TRACKING] iter=27, loss=2.313972, best=2.173886, evals=27/100
2026-02-05 09:24:19,546 [INFO] [rank=0] [LOSS EVAL 28/100] Starting evaluation...
2026-02-05 09:24:19,550 [WARNING] [rank=0] [MEMORY] Soglia memoria 1.0GB superata al processo 0/2
2026-02-05 09:24:48,449 [WARNING] [rank=0] [MEMORY] Soglia memoria 1.0GB superata al processo 1/2
2026-02-05 09:25:20,702 [INFO] [rank=0] [TRAIN] Loss (circuito): 2.173756
2026-02-05 09:25:20,705 [INFO] [rank=0] [TRAIN] Loss (formula L=-2ln(mean_sqrt_p)): 2.153182
2026-02-05 09:25:20,705 [INFO] [rank=0] [TRAIN] PPL (exp(L)): 8.612218
2026-02-05 09:25:20,709 [INFO] [rank=0] [TRACKER] New best! Loss=2.173756 at iter 28
2026-02-05 09:25:20,710 [INFO] [rank=0] [TRACKING] iter=28, loss=2.173756, best=2.173756, evals=28/100
2026-02-05 09:25:20,853 [INFO] [rank=0] [LOSS EVAL 29/100] Starting evaluation...
2026-02-05 09:25:20,857 [WARNING] [rank=0] [MEMORY] Soglia memoria 1.0GB superata al processo 0/2
2026-02-05 09:25:50,122 [WARNING] [rank=0] [MEMORY] Soglia memoria 1.0GB superata al processo 1/2
2026-02-05 09:26:21,844 [INFO] [rank=0] [TRAIN] Loss (circuito): 2.234143
2026-02-05 09:26:21,845 [INFO] [rank=0] [TRAIN] Loss (formula L=-2ln(mean_sqrt_p)): 2.210983
2026-02-05 09:26:21,849 [INFO] [rank=0] [TRAIN] PPL (exp(L)): 9.124677
2026-02-05 09:26:21,850 [INFO] [rank=0] [TRACKING] iter=29, loss=2.234143, best=2.173756, evals=29/100
2026-02-05 09:26:21,994 [INFO] [rank=0] [LOSS EVAL 30/100] Starting evaluation...
2026-02-05 09:26:21,997 [INFO] [rank=0] [PROJECTION] P matrix set: shape=(4, 1024), norm=116.4543
2026-02-05 09:26:21,998 [WARNING] [rank=0] [MEMORY] Soglia memoria 1.0GB superata al processo 0/2
2026-02-05 09:26:51,202 [WARNING] [rank=0] [MEMORY] Soglia memoria 1.0GB superata al processo 1/2
2026-02-05 09:27:23,801 [INFO] [rank=0] [TRAIN] Loss (circuito): 2.238581
2026-02-05 09:27:23,803 [INFO] [rank=0] [TRAIN] Loss (formula L=-2ln(mean_sqrt_p)): 2.216926
2026-02-05 09:27:23,803 [INFO] [rank=0] [TRAIN] PPL (exp(L)): 9.179067
2026-02-05 09:27:23,805 [INFO] [rank=0] [TRACKING] iter=30, loss=2.238581, best=2.173756, evals=30/100
2026-02-05 09:27:23,953 [INFO] [rank=0] [LOSS EVAL 31/100] Starting evaluation...
2026-02-05 09:27:23,957 [WARNING] [rank=0] [MEMORY] Soglia memoria 1.0GB superata al processo 0/2
2026-02-05 09:27:53,015 [WARNING] [rank=0] [MEMORY] Soglia memoria 1.0GB superata al processo 1/2
2026-02-05 09:28:25,123 [INFO] [rank=0] [TRAIN] Loss (circuito): 2.275238
2026-02-05 09:28:25,125 [INFO] [rank=0] [TRAIN] Loss (formula L=-2ln(mean_sqrt_p)): 2.250364
2026-02-05 09:28:25,126 [INFO] [rank=0] [TRAIN] PPL (exp(L)): 9.491192
2026-02-05 09:28:25,127 [INFO] [rank=0] [TRACKING] iter=31, loss=2.275238, best=2.173756, evals=31/100
2026-02-05 09:28:25,275 [INFO] [rank=0] [LOSS EVAL 32/100] Starting evaluation...
2026-02-05 09:28:25,278 [WARNING] [rank=0] [MEMORY] Soglia memoria 1.0GB superata al processo 0/2
2026-02-05 09:28:54,537 [WARNING] [rank=0] [MEMORY] Soglia memoria 1.0GB superata al processo 1/2
2026-02-05 09:29:26,378 [INFO] [rank=0] [TRAIN] Loss (circuito): 2.580116
2026-02-05 09:29:26,380 [INFO] [rank=0] [TRAIN] Loss (formula L=-2ln(mean_sqrt_p)): 2.550061
2026-02-05 09:29:26,382 [INFO] [rank=0] [TRAIN] PPL (exp(L)): 12.807889
2026-02-05 09:29:26,383 [INFO] [rank=0] [TRACKING] iter=32, loss=2.580116, best=2.173756, evals=32/100
2026-02-05 09:29:26,531 [INFO] [rank=0] [LOSS EVAL 33/100] Starting evaluation...
2026-02-05 09:29:26,534 [WARNING] [rank=0] [MEMORY] Soglia memoria 1.0GB superata al processo 0/2
2026-02-05 09:29:55,543 [WARNING] [rank=0] [MEMORY] Soglia memoria 1.0GB superata al processo 1/2
2026-02-05 09:30:27,709 [INFO] [rank=0] [TRAIN] Loss (circuito): 2.183977
2026-02-05 09:30:27,712 [INFO] [rank=0] [TRAIN] Loss (formula L=-2ln(mean_sqrt_p)): 2.162523
2026-02-05 09:30:27,713 [INFO] [rank=0] [TRAIN] PPL (exp(L)): 8.693046
2026-02-05 09:30:27,714 [INFO] [rank=0] [TRACKING] iter=33, loss=2.183977, best=2.173756, evals=33/100
2026-02-05 09:30:27,861 [INFO] [rank=0] [LOSS EVAL 34/100] Starting evaluation...
2026-02-05 09:30:27,865 [WARNING] [rank=0] [MEMORY] Soglia memoria 1.0GB superata al processo 0/2
2026-02-05 09:30:57,013 [WARNING] [rank=0] [MEMORY] Soglia memoria 1.0GB superata al processo 1/2
2026-02-05 09:31:28,745 [INFO] [rank=0] [TRAIN] Loss (circuito): 2.014327
2026-02-05 09:31:28,748 [INFO] [rank=0] [TRAIN] Loss (formula L=-2ln(mean_sqrt_p)): 1.996403
2026-02-05 09:31:28,749 [INFO] [rank=0] [TRAIN] PPL (exp(L)): 7.362525
2026-02-05 09:31:28,752 [INFO] [rank=0] [TRACKER] New best! Loss=2.014327 at iter 34
2026-02-05 09:31:28,753 [INFO] [rank=0] [TRACKING] iter=34, loss=2.014327, best=2.014327, evals=34/100
2026-02-05 09:31:28,896 [INFO] [rank=0] [LOSS EVAL 35/100] Starting evaluation...
2026-02-05 09:31:28,900 [WARNING] [rank=0] [MEMORY] Soglia memoria 1.0GB superata al processo 0/2
2026-02-05 09:31:57,891 [WARNING] [rank=0] [MEMORY] Soglia memoria 1.0GB superata al processo 1/2
2026-02-05 09:32:30,179 [INFO] [rank=0] [TRAIN] Loss (circuito): 2.430263
2026-02-05 09:32:30,182 [INFO] [rank=0] [TRAIN] Loss (formula L=-2ln(mean_sqrt_p)): 2.404982
2026-02-05 09:32:30,183 [INFO] [rank=0] [TRAIN] PPL (exp(L)): 11.078227
2026-02-05 09:32:30,183 [INFO] [rank=0] [TRACKING] iter=35, loss=2.430263, best=2.014327, evals=35/100
2026-02-05 09:32:30,330 [INFO] [rank=0] [LOSS EVAL 36/100] Starting evaluation...
2026-02-05 09:32:30,333 [WARNING] [rank=0] [MEMORY] Soglia memoria 1.0GB superata al processo 0/2
2026-02-05 09:32:58,932 [WARNING] [rank=0] [MEMORY] Soglia memoria 1.0GB superata al processo 1/2
2026-02-05 09:33:31,569 [INFO] [rank=0] [TRAIN] Loss (circuito): 2.074241
2026-02-05 09:33:31,573 [INFO] [rank=0] [TRAIN] Loss (formula L=-2ln(mean_sqrt_p)): 2.054643
2026-02-05 09:33:31,574 [INFO] [rank=0] [TRAIN] PPL (exp(L)): 7.804055
2026-02-05 09:33:31,576 [INFO] [rank=0] [TRACKING] iter=36, loss=2.074241, best=2.014327, evals=36/100
2026-02-05 09:33:31,720 [INFO] [rank=0] [LOSS EVAL 37/100] Starting evaluation...
2026-02-05 09:33:31,724 [WARNING] [rank=0] [MEMORY] Soglia memoria 1.0GB superata al processo 0/2
2026-02-05 09:34:00,383 [WARNING] [rank=0] [MEMORY] Soglia memoria 1.0GB superata al processo 1/2
2026-02-05 09:34:32,741 [INFO] [rank=0] [TRAIN] Loss (circuito): 2.275086
2026-02-05 09:34:32,742 [INFO] [rank=0] [TRAIN] Loss (formula L=-2ln(mean_sqrt_p)): 2.254639
2026-02-05 09:34:32,744 [INFO] [rank=0] [TRAIN] PPL (exp(L)): 9.531852
2026-02-05 09:34:32,746 [INFO] [rank=0] [TRACKING] iter=37, loss=2.275086, best=2.014327, evals=37/100
2026-02-05 09:34:32,894 [INFO] [rank=0] [LOSS EVAL 38/100] Starting evaluation...
2026-02-05 09:34:32,897 [WARNING] [rank=0] [MEMORY] Soglia memoria 1.0GB superata al processo 0/2
2026-02-05 09:35:01,820 [WARNING] [rank=0] [MEMORY] Soglia memoria 1.0GB superata al processo 1/2
2026-02-05 09:35:33,929 [INFO] [rank=0] [TRAIN] Loss (circuito): 2.223135
2026-02-05 09:35:33,933 [INFO] [rank=0] [TRAIN] Loss (formula L=-2ln(mean_sqrt_p)): 2.202255
2026-02-05 09:35:33,935 [INFO] [rank=0] [TRAIN] PPL (exp(L)): 9.045383
2026-02-05 09:35:33,936 [INFO] [rank=0] [TRACKING] iter=38, loss=2.223135, best=2.014327, evals=38/100
2026-02-05 09:35:34,083 [INFO] [rank=0] [LOSS EVAL 39/100] Starting evaluation...
2026-02-05 09:35:34,086 [WARNING] [rank=0] [MEMORY] Soglia memoria 1.0GB superata al processo 0/2
2026-02-05 09:36:03,244 [WARNING] [rank=0] [MEMORY] Soglia memoria 1.0GB superata al processo 1/2
2026-02-05 09:36:34,996 [INFO] [rank=0] [TRAIN] Loss (circuito): 2.228210
2026-02-05 09:36:34,997 [INFO] [rank=0] [TRAIN] Loss (formula L=-2ln(mean_sqrt_p)): 2.205669
2026-02-05 09:36:34,999 [INFO] [rank=0] [TRAIN] PPL (exp(L)): 9.076318
2026-02-05 09:36:35,001 [INFO] [rank=0] [TRACKING] iter=39, loss=2.228210, best=2.014327, evals=39/100
2026-02-05 09:36:35,148 [INFO] [rank=0] [LOSS EVAL 40/100] Starting evaluation...
2026-02-05 09:36:35,151 [INFO] [rank=0] [PROJECTION] P matrix set: shape=(4, 1024), norm=116.4543
2026-02-05 09:36:35,152 [WARNING] [rank=0] [MEMORY] Soglia memoria 1.0GB superata al processo 0/2
2026-02-05 09:37:04,138 [WARNING] [rank=0] [MEMORY] Soglia memoria 1.0GB superata al processo 1/2
2026-02-05 09:37:36,193 [INFO] [rank=0] [TRAIN] Loss (circuito): 1.983163
2026-02-05 09:37:36,195 [INFO] [rank=0] [TRAIN] Loss (formula L=-2ln(mean_sqrt_p)): 1.965753
2026-02-05 09:37:36,195 [INFO] [rank=0] [TRAIN] PPL (exp(L)): 7.140284
2026-02-05 09:37:36,198 [INFO] [rank=0] [TRACKER] New best! Loss=1.983163 at iter 40
2026-02-05 09:37:36,199 [INFO] [rank=0] [TRACKING] iter=40, loss=1.983163, best=1.983163, evals=40/100
2026-02-05 09:37:36,346 [INFO] [rank=0] [LOSS EVAL 41/100] Starting evaluation...
2026-02-05 09:37:36,350 [WARNING] [rank=0] [MEMORY] Soglia memoria 1.0GB superata al processo 0/2
2026-02-05 09:38:05,324 [WARNING] [rank=0] [MEMORY] Soglia memoria 1.0GB superata al processo 1/2
2026-02-05 09:38:37,435 [INFO] [rank=0] [TRAIN] Loss (circuito): 2.095132
2026-02-05 09:38:37,436 [INFO] [rank=0] [TRAIN] Loss (formula L=-2ln(mean_sqrt_p)): 2.075945
2026-02-05 09:38:37,438 [INFO] [rank=0] [TRAIN] PPL (exp(L)): 7.972074
2026-02-05 09:38:37,440 [INFO] [rank=0] [TRACKING] iter=41, loss=2.095132, best=1.983163, evals=41/100
2026-02-05 09:38:37,588 [INFO] [rank=0] [LOSS EVAL 42/100] Starting evaluation...
2026-02-05 09:38:37,591 [WARNING] [rank=0] [MEMORY] Soglia memoria 1.0GB superata al processo 0/2
2026-02-05 09:39:06,862 [WARNING] [rank=0] [MEMORY] Soglia memoria 1.0GB superata al processo 1/2
2026-02-05 09:39:38,696 [INFO] [rank=0] [TRAIN] Loss (circuito): 2.079861
2026-02-05 09:39:38,699 [INFO] [rank=0] [TRAIN] Loss (formula L=-2ln(mean_sqrt_p)): 2.061291
2026-02-05 09:39:38,702 [INFO] [rank=0] [TRAIN] PPL (exp(L)): 7.856105
2026-02-05 09:39:38,703 [INFO] [rank=0] [TRACKING] iter=42, loss=2.079861, best=1.983163, evals=42/100
2026-02-05 09:39:38,851 [INFO] [rank=0] [LOSS EVAL 43/100] Starting evaluation...
2026-02-05 09:39:38,855 [WARNING] [rank=0] [MEMORY] Soglia memoria 1.0GB superata al processo 0/2
2026-02-05 09:40:07,696 [WARNING] [rank=0] [MEMORY] Soglia memoria 1.0GB superata al processo 1/2
2026-02-05 09:40:39,788 [INFO] [rank=0] [TRAIN] Loss (circuito): 2.034496
2026-02-05 09:40:39,790 [INFO] [rank=0] [TRAIN] Loss (formula L=-2ln(mean_sqrt_p)): 2.016139
2026-02-05 09:40:39,793 [INFO] [rank=0] [TRAIN] PPL (exp(L)): 7.509277
2026-02-05 09:40:39,795 [INFO] [rank=0] [TRACKING] iter=43, loss=2.034496, best=1.983163, evals=43/100
2026-02-05 09:40:39,940 [INFO] [rank=0] [LOSS EVAL 44/100] Starting evaluation...
2026-02-05 09:40:39,944 [WARNING] [rank=0] [MEMORY] Soglia memoria 1.0GB superata al processo 0/2
2026-02-05 09:41:08,299 [WARNING] [rank=0] [MEMORY] Soglia memoria 1.0GB superata al processo 1/2
2026-02-05 09:41:40,794 [INFO] [rank=0] [TRAIN] Loss (circuito): 1.980771
2026-02-05 09:41:40,796 [INFO] [rank=0] [TRAIN] Loss (formula L=-2ln(mean_sqrt_p)): 1.964183
2026-02-05 09:41:40,797 [INFO] [rank=0] [TRAIN] PPL (exp(L)): 7.129089
2026-02-05 09:41:40,801 [INFO] [rank=0] [TRACKER] New best! Loss=1.980771 at iter 44
2026-02-05 09:41:40,802 [INFO] [rank=0] [TRACKING] iter=44, loss=1.980771, best=1.980771, evals=44/100
2026-02-05 09:41:40,948 [INFO] [rank=0] [LOSS EVAL 45/100] Starting evaluation...
2026-02-05 09:41:40,951 [WARNING] [rank=0] [MEMORY] Soglia memoria 1.0GB superata al processo 0/2
2026-02-05 09:42:10,144 [WARNING] [rank=0] [MEMORY] Soglia memoria 1.0GB superata al processo 1/2
2026-02-05 09:42:44,233 [INFO] [rank=0] [TRAIN] Loss (circuito): 2.018877
2026-02-05 09:42:44,236 [INFO] [rank=0] [TRAIN] Loss (formula L=-2ln(mean_sqrt_p)): 2.001937
2026-02-05 09:42:44,237 [INFO] [rank=0] [TRAIN] PPL (exp(L)): 7.403380
2026-02-05 09:42:44,238 [INFO] [rank=0] [TRACKING] iter=45, loss=2.018877, best=1.980771, evals=45/100
2026-02-05 09:42:44,386 [INFO] [rank=0] [LOSS EVAL 46/100] Starting evaluation...
2026-02-05 09:42:44,390 [WARNING] [rank=0] [MEMORY] Soglia memoria 1.0GB superata al processo 0/2
2026-02-05 09:43:13,266 [WARNING] [rank=0] [MEMORY] Soglia memoria 1.0GB superata al processo 1/2
2026-02-05 09:43:45,481 [INFO] [rank=0] [TRAIN] Loss (circuito): 2.335424
2026-02-05 09:43:45,482 [INFO] [rank=0] [TRAIN] Loss (formula L=-2ln(mean_sqrt_p)): 2.311533
2026-02-05 09:43:45,483 [INFO] [rank=0] [TRAIN] PPL (exp(L)): 10.089880
2026-02-05 09:43:45,485 [INFO] [rank=0] [TRACKING] iter=46, loss=2.335424, best=1.980771, evals=46/100
2026-02-05 09:43:45,634 [INFO] [rank=0] [LOSS EVAL 47/100] Starting evaluation...
2026-02-05 09:43:45,637 [WARNING] [rank=0] [MEMORY] Soglia memoria 1.0GB superata al processo 0/2
2026-02-05 09:44:14,609 [WARNING] [rank=0] [MEMORY] Soglia memoria 1.0GB superata al processo 1/2
2026-02-05 09:44:47,906 [INFO] [rank=0] [TRAIN] Loss (circuito): 2.162271
2026-02-05 09:44:47,910 [INFO] [rank=0] [TRAIN] Loss (formula L=-2ln(mean_sqrt_p)): 2.141941
2026-02-05 09:44:47,912 [INFO] [rank=0] [TRAIN] PPL (exp(L)): 8.515951
2026-02-05 09:44:47,913 [INFO] [rank=0] [TRACKING] iter=47, loss=2.162271, best=1.980771, evals=47/100
2026-02-05 09:44:48,060 [INFO] [rank=0] [LOSS EVAL 48/100] Starting evaluation...
2026-02-05 09:44:48,064 [WARNING] [rank=0] [MEMORY] Soglia memoria 1.0GB superata al processo 0/2
2026-02-05 09:45:16,595 [WARNING] [rank=0] [MEMORY] Soglia memoria 1.0GB superata al processo 1/2
2026-02-05 09:45:49,210 [INFO] [rank=0] [TRAIN] Loss (circuito): 2.074269
2026-02-05 09:45:49,212 [INFO] [rank=0] [TRAIN] Loss (formula L=-2ln(mean_sqrt_p)): 2.057570
2026-02-05 09:45:49,213 [INFO] [rank=0] [TRAIN] PPL (exp(L)): 7.826924
2026-02-05 09:45:49,215 [INFO] [rank=0] [TRACKING] iter=48, loss=2.074269, best=1.980771, evals=48/100
2026-02-05 09:45:49,362 [INFO] [rank=0] [LOSS EVAL 49/100] Starting evaluation...
2026-02-05 09:45:49,365 [WARNING] [rank=0] [MEMORY] Soglia memoria 1.0GB superata al processo 0/2
2026-02-05 09:46:18,438 [WARNING] [rank=0] [MEMORY] Soglia memoria 1.0GB superata al processo 1/2
2026-02-05 09:46:50,420 [INFO] [rank=0] [TRAIN] Loss (circuito): 2.023203
2026-02-05 09:46:50,423 [INFO] [rank=0] [TRAIN] Loss (formula L=-2ln(mean_sqrt_p)): 2.005581
2026-02-05 09:46:50,425 [INFO] [rank=0] [TRAIN] PPL (exp(L)): 7.430410
2026-02-05 09:46:50,426 [INFO] [rank=0] [TRACKING] iter=49, loss=2.023203, best=1.980771, evals=49/100
2026-02-05 09:46:50,573 [INFO] [rank=0] [LOSS EVAL 50/100] Starting evaluation...
2026-02-05 09:46:50,576 [INFO] [rank=0] [PROJECTION] P matrix set: shape=(4, 1024), norm=116.4543
2026-02-05 09:46:50,577 [WARNING] [rank=0] [MEMORY] Soglia memoria 1.0GB superata al processo 0/2
2026-02-05 09:47:19,608 [WARNING] [rank=0] [MEMORY] Soglia memoria 1.0GB superata al processo 1/2
2026-02-05 09:47:51,596 [INFO] [rank=0] [TRAIN] Loss (circuito): 2.129132
2026-02-05 09:47:51,597 [INFO] [rank=0] [TRAIN] Loss (formula L=-2ln(mean_sqrt_p)): 2.111328
2026-02-05 09:47:51,598 [INFO] [rank=0] [TRAIN] PPL (exp(L)): 8.259198
2026-02-05 09:47:51,601 [INFO] [rank=0] [TRACKING] iter=50, loss=2.129132, best=1.980771, evals=50/100
2026-02-05 09:47:51,750 [INFO] [rank=0] [LOSS EVAL 51/100] Starting evaluation...
2026-02-05 09:47:51,754 [WARNING] [rank=0] [MEMORY] Soglia memoria 1.0GB superata al processo 0/2
2026-02-05 09:48:20,962 [WARNING] [rank=0] [MEMORY] Soglia memoria 1.0GB superata al processo 1/2
2026-02-05 09:48:52,676 [INFO] [rank=0] [TRAIN] Loss (circuito): 2.233575
2026-02-05 09:48:52,677 [INFO] [rank=0] [TRAIN] Loss (formula L=-2ln(mean_sqrt_p)): 2.213793
2026-02-05 09:48:52,680 [INFO] [rank=0] [TRAIN] PPL (exp(L)): 9.150356
2026-02-05 09:48:52,682 [INFO] [rank=0] [TRACKING] iter=51, loss=2.233575, best=1.980771, evals=51/100
2026-02-05 09:48:52,830 [INFO] [rank=0] [LOSS EVAL 52/100] Starting evaluation...
2026-02-05 09:48:52,834 [WARNING] [rank=0] [MEMORY] Soglia memoria 1.0GB superata al processo 0/2
2026-02-05 09:49:21,798 [WARNING] [rank=0] [MEMORY] Soglia memoria 1.0GB superata al processo 1/2
2026-02-05 09:49:53,732 [INFO] [rank=0] [TRAIN] Loss (circuito): 2.148758
2026-02-05 09:49:53,735 [INFO] [rank=0] [TRAIN] Loss (formula L=-2ln(mean_sqrt_p)): 2.129725
2026-02-05 09:49:53,737 [INFO] [rank=0] [TRAIN] PPL (exp(L)): 8.412556
2026-02-05 09:49:53,739 [INFO] [rank=0] [TRACKING] iter=52, loss=2.148758, best=1.980771, evals=52/100
2026-02-05 09:49:53,886 [INFO] [rank=0] [LOSS EVAL 53/100] Starting evaluation...
2026-02-05 09:49:53,890 [WARNING] [rank=0] [MEMORY] Soglia memoria 1.0GB superata al processo 0/2
2026-02-05 09:50:22,614 [WARNING] [rank=0] [MEMORY] Soglia memoria 1.0GB superata al processo 1/2
2026-02-05 09:50:54,834 [INFO] [rank=0] [TRAIN] Loss (circuito): 2.049704
2026-02-05 09:50:54,835 [INFO] [rank=0] [TRAIN] Loss (formula L=-2ln(mean_sqrt_p)): 2.031653
2026-02-05 09:50:54,838 [INFO] [rank=0] [TRAIN] PPL (exp(L)): 7.626682
2026-02-05 09:50:54,838 [INFO] [rank=0] [TRACKING] iter=53, loss=2.049704, best=1.980771, evals=53/100
2026-02-05 09:50:54,988 [INFO] [rank=0] [LOSS EVAL 54/100] Starting evaluation...
2026-02-05 09:50:54,992 [WARNING] [rank=0] [MEMORY] Soglia memoria 1.0GB superata al processo 0/2
2026-02-05 09:51:23,779 [WARNING] [rank=0] [MEMORY] Soglia memoria 1.0GB superata al processo 1/2
2026-02-05 09:51:56,088 [INFO] [rank=0] [TRAIN] Loss (circuito): 1.978756
2026-02-05 09:51:56,090 [INFO] [rank=0] [TRAIN] Loss (formula L=-2ln(mean_sqrt_p)): 1.963227
2026-02-05 09:51:56,090 [INFO] [rank=0] [TRAIN] PPL (exp(L)): 7.122273
2026-02-05 09:51:56,095 [INFO] [rank=0] [TRACKER] New best! Loss=1.978756 at iter 54
2026-02-05 09:51:56,096 [INFO] [rank=0] [TRACKING] iter=54, loss=1.978756, best=1.978756, evals=54/100
2026-02-05 09:51:56,244 [INFO] [rank=0] [LOSS EVAL 55/100] Starting evaluation...
2026-02-05 09:51:56,247 [WARNING] [rank=0] [MEMORY] Soglia memoria 1.0GB superata al processo 0/2
2026-02-05 09:52:25,552 [WARNING] [rank=0] [MEMORY] Soglia memoria 1.0GB superata al processo 1/2
2026-02-05 09:52:57,351 [INFO] [rank=0] [TRAIN] Loss (circuito): 2.153003
2026-02-05 09:52:57,353 [INFO] [rank=0] [TRAIN] Loss (formula L=-2ln(mean_sqrt_p)): 2.135163
2026-02-05 09:52:57,353 [INFO] [rank=0] [TRAIN] PPL (exp(L)): 8.458426
2026-02-05 09:52:57,356 [INFO] [rank=0] [TRACKING] iter=55, loss=2.153003, best=1.978756, evals=55/100
2026-02-05 09:52:57,506 [INFO] [rank=0] [LOSS EVAL 56/100] Starting evaluation...
2026-02-05 09:52:57,510 [WARNING] [rank=0] [MEMORY] Soglia memoria 1.0GB superata al processo 0/2
2026-02-05 09:53:26,684 [WARNING] [rank=0] [MEMORY] Soglia memoria 1.0GB superata al processo 1/2
2026-02-05 09:53:58,748 [INFO] [rank=0] [TRAIN] Loss (circuito): 2.099275
2026-02-05 09:53:58,751 [INFO] [rank=0] [TRAIN] Loss (formula L=-2ln(mean_sqrt_p)): 2.082372
2026-02-05 09:53:58,752 [INFO] [rank=0] [TRAIN] PPL (exp(L)): 8.023476
2026-02-05 09:53:58,754 [INFO] [rank=0] [TRACKING] iter=56, loss=2.099275, best=1.978756, evals=56/100
2026-02-05 09:53:58,903 [INFO] [rank=0] [LOSS EVAL 57/100] Starting evaluation...
2026-02-05 09:53:58,907 [WARNING] [rank=0] [MEMORY] Soglia memoria 1.0GB superata al processo 0/2
2026-02-05 09:54:27,508 [WARNING] [rank=0] [MEMORY] Soglia memoria 1.0GB superata al processo 1/2
2026-02-05 09:55:00,096 [INFO] [rank=0] [TRAIN] Loss (circuito): 2.226480
2026-02-05 09:55:00,100 [INFO] [rank=0] [TRAIN] Loss (formula L=-2ln(mean_sqrt_p)): 2.207621
2026-02-05 09:55:00,102 [INFO] [rank=0] [TRAIN] PPL (exp(L)): 9.094055
2026-02-05 09:55:00,104 [INFO] [rank=0] [TRACKING] iter=57, loss=2.226480, best=1.978756, evals=57/100
2026-02-05 09:55:00,254 [INFO] [rank=0] [LOSS EVAL 58/100] Starting evaluation...
2026-02-05 09:55:00,257 [WARNING] [rank=0] [MEMORY] Soglia memoria 1.0GB superata al processo 0/2
2026-02-05 09:55:29,395 [WARNING] [rank=0] [MEMORY] Soglia memoria 1.0GB superata al processo 1/2
2026-02-05 09:56:01,562 [INFO] [rank=0] [TRAIN] Loss (circuito): 2.143803
2026-02-05 09:56:01,565 [INFO] [rank=0] [TRAIN] Loss (formula L=-2ln(mean_sqrt_p)): 2.125222
2026-02-05 09:56:01,569 [INFO] [rank=0] [TRAIN] PPL (exp(L)): 8.374759
2026-02-05 09:56:01,571 [INFO] [rank=0] [TRACKING] iter=58, loss=2.143803, best=1.978756, evals=58/100
2026-02-05 09:56:01,718 [INFO] [rank=0] [LOSS EVAL 59/100] Starting evaluation...
2026-02-05 09:56:01,721 [WARNING] [rank=0] [MEMORY] Soglia memoria 1.0GB superata al processo 0/2
2026-02-05 09:56:31,241 [WARNING] [rank=0] [MEMORY] Soglia memoria 1.0GB superata al processo 1/2
2026-02-05 09:57:02,975 [INFO] [rank=0] [TRAIN] Loss (circuito): 2.080934
2026-02-05 09:57:02,977 [INFO] [rank=0] [TRAIN] Loss (formula L=-2ln(mean_sqrt_p)): 2.063317
2026-02-05 09:57:02,979 [INFO] [rank=0] [TRAIN] PPL (exp(L)): 7.872038
2026-02-05 09:57:02,981 [INFO] [rank=0] [TRACKING] iter=59, loss=2.080934, best=1.978756, evals=59/100
2026-02-05 09:57:03,132 [INFO] [rank=0] [LOSS EVAL 60/100] Starting evaluation...
2026-02-05 09:57:03,135 [INFO] [rank=0] [PROJECTION] P matrix set: shape=(4, 1024), norm=116.4543
2026-02-05 09:57:03,135 [WARNING] [rank=0] [MEMORY] Soglia memoria 1.0GB superata al processo 0/2
2026-02-05 09:57:32,462 [WARNING] [rank=0] [MEMORY] Soglia memoria 1.0GB superata al processo 1/2
2026-02-05 09:58:04,457 [INFO] [rank=0] [TRAIN] Loss (circuito): 1.936326
2026-02-05 09:58:04,459 [INFO] [rank=0] [TRAIN] Loss (formula L=-2ln(mean_sqrt_p)): 1.922572
2026-02-05 09:58:04,459 [INFO] [rank=0] [TRAIN] PPL (exp(L)): 6.838524
2026-02-05 09:58:04,462 [INFO] [rank=0] [TRACKER] New best! Loss=1.936326 at iter 60
2026-02-05 09:58:04,463 [INFO] [rank=0] [TRACKING] iter=60, loss=1.936326, best=1.936326, evals=60/100
2026-02-05 09:58:04,613 [INFO] [rank=0] [LOSS EVAL 61/100] Starting evaluation...
2026-02-05 09:58:04,617 [WARNING] [rank=0] [MEMORY] Soglia memoria 1.0GB superata al processo 0/2
2026-02-05 09:58:33,717 [WARNING] [rank=0] [MEMORY] Soglia memoria 1.0GB superata al processo 1/2
2026-02-05 09:59:06,030 [INFO] [rank=0] [TRAIN] Loss (circuito): 2.082235
2026-02-05 09:59:06,032 [INFO] [rank=0] [TRAIN] Loss (formula L=-2ln(mean_sqrt_p)): 2.065137
2026-02-05 09:59:06,035 [INFO] [rank=0] [TRAIN] PPL (exp(L)): 7.886382
2026-02-05 09:59:06,036 [INFO] [rank=0] [TRACKING] iter=61, loss=2.082235, best=1.936326, evals=61/100
2026-02-05 09:59:06,188 [INFO] [rank=0] [LOSS EVAL 62/100] Starting evaluation...
2026-02-05 09:59:06,191 [WARNING] [rank=0] [MEMORY] Soglia memoria 1.0GB superata al processo 0/2
2026-02-05 09:59:35,296 [WARNING] [rank=0] [MEMORY] Soglia memoria 1.0GB superata al processo 1/2
2026-02-05 10:00:07,527 [INFO] [rank=0] [TRAIN] Loss (circuito): 2.301259
2026-02-05 10:00:07,531 [INFO] [rank=0] [TRAIN] Loss (formula L=-2ln(mean_sqrt_p)): 2.280142
2026-02-05 10:00:07,532 [INFO] [rank=0] [TRAIN] PPL (exp(L)): 9.778065
2026-02-05 10:00:07,533 [INFO] [rank=0] [TRACKING] iter=62, loss=2.301259, best=1.936326, evals=62/100
2026-02-05 10:00:07,683 [INFO] [rank=0] [LOSS EVAL 63/100] Starting evaluation...
2026-02-05 10:00:07,687 [WARNING] [rank=0] [MEMORY] Soglia memoria 1.0GB superata al processo 0/2
2026-02-05 10:00:36,487 [WARNING] [rank=0] [MEMORY] Soglia memoria 1.0GB superata al processo 1/2
2026-02-05 10:01:09,041 [INFO] [rank=0] [TRAIN] Loss (circuito): 1.896809
2026-02-05 10:01:09,042 [INFO] [rank=0] [TRAIN] Loss (formula L=-2ln(mean_sqrt_p)): 1.884990
2026-02-05 10:01:09,046 [INFO] [rank=0] [TRAIN] PPL (exp(L)): 6.586286
2026-02-05 10:01:09,051 [INFO] [rank=0] [TRACKER] New best! Loss=1.896809 at iter 63
2026-02-05 10:01:09,053 [INFO] [rank=0] [TRACKING] iter=63, loss=1.896809, best=1.896809, evals=63/100
2026-02-05 10:01:09,200 [INFO] [rank=0] [LOSS EVAL 64/100] Starting evaluation...
2026-02-05 10:01:09,204 [WARNING] [rank=0] [MEMORY] Soglia memoria 1.0GB superata al processo 0/2
2026-02-05 10:01:38,795 [WARNING] [rank=0] [MEMORY] Soglia memoria 1.0GB superata al processo 1/2
2026-02-05 10:02:10,378 [INFO] [rank=0] [TRAIN] Loss (circuito): 2.017869
2026-02-05 10:02:10,379 [INFO] [rank=0] [TRAIN] Loss (formula L=-2ln(mean_sqrt_p)): 2.003732
2026-02-05 10:02:10,380 [INFO] [rank=0] [TRAIN] PPL (exp(L)): 7.416685
2026-02-05 10:02:10,381 [INFO] [rank=0] [TRACKING] iter=64, loss=2.017869, best=1.896809, evals=64/100
2026-02-05 10:02:10,532 [INFO] [rank=0] [LOSS EVAL 65/100] Starting evaluation...
2026-02-05 10:02:10,536 [WARNING] [rank=0] [MEMORY] Soglia memoria 1.0GB superata al processo 0/2
2026-02-05 10:02:39,265 [WARNING] [rank=0] [MEMORY] Soglia memoria 1.0GB superata al processo 1/2
2026-02-05 10:03:11,804 [INFO] [rank=0] [TRAIN] Loss (circuito): 2.127628
2026-02-05 10:03:11,806 [INFO] [rank=0] [TRAIN] Loss (formula L=-2ln(mean_sqrt_p)): 2.112927
2026-02-05 10:03:11,807 [INFO] [rank=0] [TRAIN] PPL (exp(L)): 8.272415
2026-02-05 10:03:11,809 [INFO] [rank=0] [TRACKING] iter=65, loss=2.127628, best=1.896809, evals=65/100
2026-02-05 10:03:11,958 [INFO] [rank=0] [LOSS EVAL 66/100] Starting evaluation...
2026-02-05 10:03:11,962 [WARNING] [rank=0] [MEMORY] Soglia memoria 1.0GB superata al processo 0/2
2026-02-05 10:03:40,671 [WARNING] [rank=0] [MEMORY] Soglia memoria 1.0GB superata al processo 1/2
2026-02-05 10:04:13,775 [INFO] [rank=0] [TRAIN] Loss (circuito): 1.795106
2026-02-05 10:04:13,777 [INFO] [rank=0] [TRAIN] Loss (formula L=-2ln(mean_sqrt_p)): 1.783872
2026-02-05 10:04:13,778 [INFO] [rank=0] [TRAIN] PPL (exp(L)): 5.952859
2026-02-05 10:04:13,781 [INFO] [rank=0] [TRACKER] New best! Loss=1.795106 at iter 66
2026-02-05 10:04:13,785 [INFO] [rank=0] [TRACKING] iter=66, loss=1.795106, best=1.795106, evals=66/100
2026-02-05 10:04:13,933 [INFO] [rank=0] [LOSS EVAL 67/100] Starting evaluation...
2026-02-05 10:04:13,937 [WARNING] [rank=0] [MEMORY] Soglia memoria 1.0GB superata al processo 0/2
2026-02-05 10:04:42,741 [WARNING] [rank=0] [MEMORY] Soglia memoria 1.0GB superata al processo 1/2
2026-02-05 10:05:15,318 [INFO] [rank=0] [TRAIN] Loss (circuito): 1.769815
2026-02-05 10:05:15,320 [INFO] [rank=0] [TRAIN] Loss (formula L=-2ln(mean_sqrt_p)): 1.758628
2026-02-05 10:05:15,321 [INFO] [rank=0] [TRAIN] PPL (exp(L)): 5.804469
2026-02-05 10:05:15,324 [INFO] [rank=0] [TRACKER] New best! Loss=1.769815 at iter 67
2026-02-05 10:05:15,325 [INFO] [rank=0] [TRACKING] iter=67, loss=1.769815, best=1.769815, evals=67/100
2026-02-05 10:05:15,475 [INFO] [rank=0] [LOSS EVAL 68/100] Starting evaluation...
2026-02-05 10:05:15,478 [WARNING] [rank=0] [MEMORY] Soglia memoria 1.0GB superata al processo 0/2
2026-02-05 10:05:44,246 [WARNING] [rank=0] [MEMORY] Soglia memoria 1.0GB superata al processo 1/2
2026-02-05 10:06:16,660 [INFO] [rank=0] [TRAIN] Loss (circuito): 1.868067
2026-02-05 10:06:16,664 [INFO] [rank=0] [TRAIN] Loss (formula L=-2ln(mean_sqrt_p)): 1.856180
2026-02-05 10:06:16,664 [INFO] [rank=0] [TRAIN] PPL (exp(L)): 6.399245
2026-02-05 10:06:16,666 [INFO] [rank=0] [TRACKING] iter=68, loss=1.868067, best=1.769815, evals=68/100
2026-02-05 10:06:16,818 [INFO] [rank=0] [LOSS EVAL 69/100] Starting evaluation...
2026-02-05 10:06:16,822 [WARNING] [rank=0] [MEMORY] Soglia memoria 1.0GB superata al processo 0/2
2026-02-05 10:06:45,818 [WARNING] [rank=0] [MEMORY] Soglia memoria 1.0GB superata al processo 1/2
2026-02-05 10:07:18,052 [INFO] [rank=0] [TRAIN] Loss (circuito): 1.924324
2026-02-05 10:07:18,053 [INFO] [rank=0] [TRAIN] Loss (formula L=-2ln(mean_sqrt_p)): 1.911665
2026-02-05 10:07:18,054 [INFO] [rank=0] [TRAIN] PPL (exp(L)): 6.764342
2026-02-05 10:07:18,056 [INFO] [rank=0] [TRACKING] iter=69, loss=1.924324, best=1.769815, evals=69/100
2026-02-05 10:07:18,207 [INFO] [rank=0] [LOSS EVAL 70/100] Starting evaluation...
2026-02-05 10:07:18,210 [INFO] [rank=0] [PROJECTION] P matrix set: shape=(4, 1024), norm=116.4543
2026-02-05 10:07:18,210 [WARNING] [rank=0] [MEMORY] Soglia memoria 1.0GB superata al processo 0/2
2026-02-05 10:07:46,854 [WARNING] [rank=0] [MEMORY] Soglia memoria 1.0GB superata al processo 1/2
2026-02-05 10:08:19,520 [INFO] [rank=0] [TRAIN] Loss (circuito): 1.877089
2026-02-05 10:08:19,524 [INFO] [rank=0] [TRAIN] Loss (formula L=-2ln(mean_sqrt_p)): 1.864722
2026-02-05 10:08:19,525 [INFO] [rank=0] [TRAIN] PPL (exp(L)): 6.454143
2026-02-05 10:08:19,527 [INFO] [rank=0] [TRACKING] iter=70, loss=1.877089, best=1.769815, evals=70/100
2026-02-05 10:08:19,675 [INFO] [rank=0] [LOSS EVAL 71/100] Starting evaluation...
2026-02-05 10:08:19,679 [WARNING] [rank=0] [MEMORY] Soglia memoria 1.0GB superata al processo 0/2
2026-02-05 10:08:49,235 [WARNING] [rank=0] [MEMORY] Soglia memoria 1.0GB superata al processo 1/2
2026-02-05 10:09:20,901 [INFO] [rank=0] [TRAIN] Loss (circuito): 1.914072
2026-02-05 10:09:20,903 [INFO] [rank=0] [TRAIN] Loss (formula L=-2ln(mean_sqrt_p)): 1.901682
2026-02-05 10:09:20,904 [INFO] [rank=0] [TRAIN] PPL (exp(L)): 6.697146
2026-02-05 10:09:20,905 [INFO] [rank=0] [TRACKING] iter=71, loss=1.914072, best=1.769815, evals=71/100
2026-02-05 10:09:21,056 [INFO] [rank=0] [LOSS EVAL 72/100] Starting evaluation...
2026-02-05 10:09:21,060 [WARNING] [rank=0] [MEMORY] Soglia memoria 1.0GB superata al processo 0/2
2026-02-05 10:09:51,027 [WARNING] [rank=0] [MEMORY] Soglia memoria 1.0GB superata al processo 1/2
2026-02-05 10:10:22,254 [INFO] [rank=0] [TRAIN] Loss (circuito): 1.870900
2026-02-05 10:10:22,255 [INFO] [rank=0] [TRAIN] Loss (formula L=-2ln(mean_sqrt_p)): 1.858430
2026-02-05 10:10:22,258 [INFO] [rank=0] [TRAIN] PPL (exp(L)): 6.413659
2026-02-05 10:10:22,260 [INFO] [rank=0] [TRACKING] iter=72, loss=1.870900, best=1.769815, evals=72/100
2026-02-05 10:10:22,411 [INFO] [rank=0] [LOSS EVAL 73/100] Starting evaluation...
2026-02-05 10:10:22,415 [WARNING] [rank=0] [MEMORY] Soglia memoria 1.0GB superata al processo 0/2
2026-02-05 10:10:52,399 [WARNING] [rank=0] [MEMORY] Soglia memoria 1.0GB superata al processo 1/2
2026-02-05 10:11:23,819 [INFO] [rank=0] [TRAIN] Loss (circuito): 1.892304
2026-02-05 10:11:23,821 [INFO] [rank=0] [TRAIN] Loss (formula L=-2ln(mean_sqrt_p)): 1.880171
2026-02-05 10:11:23,821 [INFO] [rank=0] [TRAIN] PPL (exp(L)): 6.554626
2026-02-05 10:11:23,823 [INFO] [rank=0] [TRACKING] iter=73, loss=1.892304, best=1.769815, evals=73/100
2026-02-05 10:11:23,978 [INFO] [rank=0] [LOSS EVAL 74/100] Starting evaluation...
2026-02-05 10:11:23,981 [WARNING] [rank=0] [MEMORY] Soglia memoria 1.0GB superata al processo 0/2
2026-02-05 10:11:53,778 [WARNING] [rank=0] [MEMORY] Soglia memoria 1.0GB superata al processo 1/2
2026-02-05 10:12:25,289 [INFO] [rank=0] [TRAIN] Loss (circuito): 1.951002
2026-02-05 10:12:25,290 [INFO] [rank=0] [TRAIN] Loss (formula L=-2ln(mean_sqrt_p)): 1.937690
2026-02-05 10:12:25,292 [INFO] [rank=0] [TRAIN] PPL (exp(L)): 6.942692
2026-02-05 10:12:25,292 [INFO] [rank=0] [TRACKING] iter=74, loss=1.951002, best=1.769815, evals=74/100
2026-02-05 10:12:25,445 [INFO] [rank=0] [LOSS EVAL 75/100] Starting evaluation...
2026-02-05 10:12:25,449 [WARNING] [rank=0] [MEMORY] Soglia memoria 1.0GB superata al processo 0/2
2026-02-05 10:12:54,922 [WARNING] [rank=0] [MEMORY] Soglia memoria 1.0GB superata al processo 1/2
2026-02-05 10:13:26,806 [INFO] [rank=0] [TRAIN] Loss (circuito): 1.768214
2026-02-05 10:13:26,807 [INFO] [rank=0] [TRAIN] Loss (formula L=-2ln(mean_sqrt_p)): 1.757154
2026-02-05 10:13:26,808 [INFO] [rank=0] [TRAIN] PPL (exp(L)): 5.795921
2026-02-05 10:13:26,813 [INFO] [rank=0] [TRACKER] New best! Loss=1.768214 at iter 75
2026-02-05 10:13:26,814 [INFO] [rank=0] [TRACKING] iter=75, loss=1.768214, best=1.768214, evals=75/100
2026-02-05 10:13:26,963 [INFO] [rank=0] [LOSS EVAL 76/100] Starting evaluation...
2026-02-05 10:13:26,966 [WARNING] [rank=0] [MEMORY] Soglia memoria 1.0GB superata al processo 0/2
2026-02-05 10:13:56,837 [WARNING] [rank=0] [MEMORY] Soglia memoria 1.0GB superata al processo 1/2
2026-02-05 10:14:28,070 [INFO] [rank=0] [TRAIN] Loss (circuito): 1.933985
2026-02-05 10:14:28,072 [INFO] [rank=0] [TRAIN] Loss (formula L=-2ln(mean_sqrt_p)): 1.920344
2026-02-05 10:14:28,074 [INFO] [rank=0] [TRAIN] PPL (exp(L)): 6.823302
2026-02-05 10:14:28,075 [INFO] [rank=0] [TRACKING] iter=76, loss=1.933985, best=1.768214, evals=76/100
2026-02-05 10:14:28,229 [INFO] [rank=0] [LOSS EVAL 77/100] Starting evaluation...
2026-02-05 10:14:28,232 [WARNING] [rank=0] [MEMORY] Soglia memoria 1.0GB superata al processo 0/2
2026-02-05 10:14:57,816 [WARNING] [rank=0] [MEMORY] Soglia memoria 1.0GB superata al processo 1/2
2026-02-05 10:15:29,587 [INFO] [rank=0] [TRAIN] Loss (circuito): 1.864202
2026-02-05 10:15:29,589 [INFO] [rank=0] [TRAIN] Loss (formula L=-2ln(mean_sqrt_p)): 1.850735
2026-02-05 10:15:29,590 [INFO] [rank=0] [TRAIN] PPL (exp(L)): 6.364496
2026-02-05 10:15:29,593 [INFO] [rank=0] [TRACKING] iter=77, loss=1.864202, best=1.768214, evals=77/100
2026-02-05 10:15:29,745 [INFO] [rank=0] [LOSS EVAL 78/100] Starting evaluation...
2026-02-05 10:15:29,748 [WARNING] [rank=0] [MEMORY] Soglia memoria 1.0GB superata al processo 0/2
2026-02-05 10:15:58,964 [WARNING] [rank=0] [MEMORY] Soglia memoria 1.0GB superata al processo 1/2
2026-02-05 10:16:31,301 [INFO] [rank=0] [TRAIN] Loss (circuito): 1.879605
2026-02-05 10:16:31,304 [INFO] [rank=0] [TRAIN] Loss (formula L=-2ln(mean_sqrt_p)): 1.867406
2026-02-05 10:16:31,304 [INFO] [rank=0] [TRAIN] PPL (exp(L)): 6.471489
2026-02-05 10:16:31,305 [INFO] [rank=0] [TRACKING] iter=78, loss=1.879605, best=1.768214, evals=78/100
2026-02-05 10:16:31,458 [INFO] [rank=0] [LOSS EVAL 79/100] Starting evaluation...
2026-02-05 10:16:31,461 [WARNING] [rank=0] [MEMORY] Soglia memoria 1.0GB superata al processo 0/2
2026-02-05 10:17:00,960 [WARNING] [rank=0] [MEMORY] Soglia memoria 1.0GB superata al processo 1/2
2026-02-05 10:17:32,574 [INFO] [rank=0] [TRAIN] Loss (circuito): 1.871244
2026-02-05 10:17:32,575 [INFO] [rank=0] [TRAIN] Loss (formula L=-2ln(mean_sqrt_p)): 1.857863
2026-02-05 10:17:32,576 [INFO] [rank=0] [TRAIN] PPL (exp(L)): 6.410025
2026-02-05 10:17:32,578 [INFO] [rank=0] [TRACKING] iter=79, loss=1.871244, best=1.768214, evals=79/100
2026-02-05 10:17:32,731 [INFO] [rank=0] [LOSS EVAL 80/100] Starting evaluation...
2026-02-05 10:17:32,734 [INFO] [rank=0] [PROJECTION] P matrix set: shape=(4, 1024), norm=116.4543
2026-02-05 10:17:32,735 [WARNING] [rank=0] [MEMORY] Soglia memoria 1.0GB superata al processo 0/2
2026-02-05 10:18:02,257 [WARNING] [rank=0] [MEMORY] Soglia memoria 1.0GB superata al processo 1/2
2026-02-05 10:18:33,919 [INFO] [rank=0] [TRAIN] Loss (circuito): 1.889374
2026-02-05 10:18:33,921 [INFO] [rank=0] [TRAIN] Loss (formula L=-2ln(mean_sqrt_p)): 1.875797
2026-02-05 10:18:33,922 [INFO] [rank=0] [TRAIN] PPL (exp(L)): 6.526016
2026-02-05 10:18:33,924 [INFO] [rank=0] [TRACKING] iter=80, loss=1.889374, best=1.768214, evals=80/100
2026-02-05 10:18:34,076 [INFO] [rank=0] [LOSS EVAL 81/100] Starting evaluation...
2026-02-05 10:18:34,080 [WARNING] [rank=0] [MEMORY] Soglia memoria 1.0GB superata al processo 0/2
2026-02-05 10:19:03,452 [WARNING] [rank=0] [MEMORY] Soglia memoria 1.0GB superata al processo 1/2
2026-02-05 10:19:35,207 [INFO] [rank=0] [TRAIN] Loss (circuito): 2.104486
2026-02-05 10:19:35,210 [INFO] [rank=0] [TRAIN] Loss (formula L=-2ln(mean_sqrt_p)): 2.090119
2026-02-05 10:19:35,211 [INFO] [rank=0] [TRAIN] PPL (exp(L)): 8.085876
2026-02-05 10:19:35,212 [INFO] [rank=0] [TRACKING] iter=81, loss=2.104486, best=1.768214, evals=81/100
2026-02-05 10:19:35,363 [INFO] [rank=0] [LOSS EVAL 82/100] Starting evaluation...
2026-02-05 10:19:35,367 [WARNING] [rank=0] [MEMORY] Soglia memoria 1.0GB superata al processo 0/2
2026-02-05 10:20:04,708 [WARNING] [rank=0] [MEMORY] Soglia memoria 1.0GB superata al processo 1/2
2026-02-05 10:20:36,748 [INFO] [rank=0] [TRAIN] Loss (circuito): 1.946897
2026-02-05 10:20:36,752 [INFO] [rank=0] [TRAIN] Loss (formula L=-2ln(mean_sqrt_p)): 1.934187
2026-02-05 10:20:36,754 [INFO] [rank=0] [TRAIN] PPL (exp(L)): 6.918418
2026-02-05 10:20:36,755 [INFO] [rank=0] [TRACKING] iter=82, loss=1.946897, best=1.768214, evals=82/100
2026-02-05 10:20:36,908 [INFO] [rank=0] [LOSS EVAL 83/100] Starting evaluation...
2026-02-05 10:20:36,911 [WARNING] [rank=0] [MEMORY] Soglia memoria 1.0GB superata al processo 0/2
2026-02-05 10:21:06,370 [WARNING] [rank=0] [MEMORY] Soglia memoria 1.0GB superata al processo 1/2
2026-02-05 10:21:38,292 [INFO] [rank=0] [TRAIN] Loss (circuito): 1.949809
2026-02-05 10:21:38,294 [INFO] [rank=0] [TRAIN] Loss (formula L=-2ln(mean_sqrt_p)): 1.935356
2026-02-05 10:21:38,296 [INFO] [rank=0] [TRAIN] PPL (exp(L)): 6.926510
2026-02-05 10:21:38,297 [INFO] [rank=0] [TRACKING] iter=83, loss=1.949809, best=1.768214, evals=83/100
2026-02-05 10:21:38,444 [INFO] [rank=0] [LOSS EVAL 84/100] Starting evaluation...
2026-02-05 10:21:38,447 [WARNING] [rank=0] [MEMORY] Soglia memoria 1.0GB superata al processo 0/2
2026-02-05 10:22:07,661 [WARNING] [rank=0] [MEMORY] Soglia memoria 1.0GB superata al processo 1/2
2026-02-05 10:22:40,078 [INFO] [rank=0] [TRAIN] Loss (circuito): 1.944292
2026-02-05 10:22:40,080 [INFO] [rank=0] [TRAIN] Loss (formula L=-2ln(mean_sqrt_p)): 1.930302
2026-02-05 10:22:40,082 [INFO] [rank=0] [TRAIN] PPL (exp(L)): 6.891591
2026-02-05 10:22:40,084 [INFO] [rank=0] [TRACKING] iter=84, loss=1.944292, best=1.768214, evals=84/100
2026-02-05 10:22:40,237 [INFO] [rank=0] [LOSS EVAL 85/100] Starting evaluation...
2026-02-05 10:22:40,240 [WARNING] [rank=0] [MEMORY] Soglia memoria 1.0GB superata al processo 0/2
2026-02-05 10:23:09,567 [WARNING] [rank=0] [MEMORY] Soglia memoria 1.0GB superata al processo 1/2
2026-02-05 10:23:41,823 [INFO] [rank=0] [TRAIN] Loss (circuito): 1.941703
2026-02-05 10:23:41,825 [INFO] [rank=0] [TRAIN] Loss (formula L=-2ln(mean_sqrt_p)): 1.928547
2026-02-05 10:23:41,826 [INFO] [rank=0] [TRAIN] PPL (exp(L)): 6.879506
2026-02-05 10:23:41,826 [INFO] [rank=0] [TRACKING] iter=85, loss=1.941703, best=1.768214, evals=85/100
2026-02-05 10:23:41,983 [INFO] [rank=0] [LOSS EVAL 86/100] Starting evaluation...
2026-02-05 10:23:41,987 [WARNING] [rank=0] [MEMORY] Soglia memoria 1.0GB superata al processo 0/2
2026-02-05 10:24:10,998 [WARNING] [rank=0] [MEMORY] Soglia memoria 1.0GB superata al processo 1/2
2026-02-05 10:24:43,521 [INFO] [rank=0] [TRAIN] Loss (circuito): 1.757377
2026-02-05 10:24:43,523 [INFO] [rank=0] [TRAIN] Loss (formula L=-2ln(mean_sqrt_p)): 1.745682
2026-02-05 10:24:43,525 [INFO] [rank=0] [TRAIN] PPL (exp(L)): 5.729808
2026-02-05 10:24:43,529 [INFO] [rank=0] [TRACKER] New best! Loss=1.757377 at iter 86
2026-02-05 10:24:43,531 [INFO] [rank=0] [TRACKING] iter=86, loss=1.757377, best=1.757377, evals=86/100
2026-02-05 10:24:43,680 [INFO] [rank=0] [LOSS EVAL 87/100] Starting evaluation...
2026-02-05 10:24:43,684 [WARNING] [rank=0] [MEMORY] Soglia memoria 1.0GB superata al processo 0/2
2026-02-05 10:25:12,612 [WARNING] [rank=0] [MEMORY] Soglia memoria 1.0GB superata al processo 1/2
2026-02-05 10:25:44,943 [INFO] [rank=0] [TRAIN] Loss (circuito): 1.915366
2026-02-05 10:25:44,945 [INFO] [rank=0] [TRAIN] Loss (formula L=-2ln(mean_sqrt_p)): 1.901277
2026-02-05 10:25:44,946 [INFO] [rank=0] [TRAIN] PPL (exp(L)): 6.694437
2026-02-05 10:25:44,948 [INFO] [rank=0] [TRACKING] iter=87, loss=1.915366, best=1.757377, evals=87/100
2026-02-05 10:25:45,102 [INFO] [rank=0] [LOSS EVAL 88/100] Starting evaluation...
2026-02-05 10:25:45,106 [WARNING] [rank=0] [MEMORY] Soglia memoria 1.0GB superata al processo 0/2
2026-02-05 10:26:14,323 [WARNING] [rank=0] [MEMORY] Soglia memoria 1.0GB superata al processo 1/2
2026-02-05 10:26:46,201 [INFO] [rank=0] [TRAIN] Loss (circuito): 2.048427
2026-02-05 10:26:46,205 [INFO] [rank=0] [TRAIN] Loss (formula L=-2ln(mean_sqrt_p)): 2.030962
2026-02-05 10:26:46,206 [INFO] [rank=0] [TRAIN] PPL (exp(L)): 7.621418
2026-02-05 10:26:46,207 [INFO] [rank=0] [TRACKING] iter=88, loss=2.048427, best=1.757377, evals=88/100
2026-02-05 10:26:46,361 [INFO] [rank=0] [LOSS EVAL 89/100] Starting evaluation...
2026-02-05 10:26:46,365 [WARNING] [rank=0] [MEMORY] Soglia memoria 1.0GB superata al processo 0/2
2026-02-05 10:27:15,054 [WARNING] [rank=0] [MEMORY] Soglia memoria 1.0GB superata al processo 1/2
2026-02-05 10:27:47,528 [INFO] [rank=0] [TRAIN] Loss (circuito): 2.055366
2026-02-05 10:27:47,529 [INFO] [rank=0] [TRAIN] Loss (formula L=-2ln(mean_sqrt_p)): 2.039469
2026-02-05 10:27:47,530 [INFO] [rank=0] [TRAIN] PPL (exp(L)): 7.686528
2026-02-05 10:27:47,530 [INFO] [rank=0] [TRACKING] iter=89, loss=2.055366, best=1.757377, evals=89/100
2026-02-05 10:27:47,684 [INFO] [rank=0] [LOSS EVAL 90/100] Starting evaluation...
2026-02-05 10:27:47,688 [INFO] [rank=0] [PROJECTION] P matrix set: shape=(4, 1024), norm=116.4543
2026-02-05 10:27:47,689 [WARNING] [rank=0] [MEMORY] Soglia memoria 1.0GB superata al processo 0/2
2026-02-05 10:28:17,078 [WARNING] [rank=0] [MEMORY] Soglia memoria 1.0GB superata al processo 1/2
2026-02-05 10:28:48,782 [INFO] [rank=0] [TRAIN] Loss (circuito): 1.760081
2026-02-05 10:28:48,785 [INFO] [rank=0] [TRAIN] Loss (formula L=-2ln(mean_sqrt_p)): 1.748473
2026-02-05 10:28:48,786 [INFO] [rank=0] [TRAIN] PPL (exp(L)): 5.745823
2026-02-05 10:28:48,787 [INFO] [rank=0] [TRACKING] iter=90, loss=1.760081, best=1.757377, evals=90/100
2026-02-05 10:28:48,942 [INFO] [rank=0] [LOSS EVAL 91/100] Starting evaluation...
2026-02-05 10:28:48,945 [WARNING] [rank=0] [MEMORY] Soglia memoria 1.0GB superata al processo 0/2
2026-02-05 10:29:17,814 [WARNING] [rank=0] [MEMORY] Soglia memoria 1.0GB superata al processo 1/2
2026-02-05 10:29:50,067 [INFO] [rank=0] [TRAIN] Loss (circuito): 2.062092
2026-02-05 10:29:50,069 [INFO] [rank=0] [TRAIN] Loss (formula L=-2ln(mean_sqrt_p)): 2.045966
2026-02-05 10:29:50,073 [INFO] [rank=0] [TRAIN] PPL (exp(L)): 7.736630
2026-02-05 10:29:50,074 [INFO] [rank=0] [TRACKING] iter=91, loss=2.062092, best=1.757377, evals=91/100
2026-02-05 10:29:50,227 [INFO] [rank=0] [LOSS EVAL 92/100] Starting evaluation...
2026-02-05 10:29:50,231 [WARNING] [rank=0] [MEMORY] Soglia memoria 1.0GB superata al processo 0/2
2026-02-05 10:30:19,566 [WARNING] [rank=0] [MEMORY] Soglia memoria 1.0GB superata al processo 1/2
2026-02-05 10:30:51,365 [INFO] [rank=0] [TRAIN] Loss (circuito): 1.922159
2026-02-05 10:30:51,366 [INFO] [rank=0] [TRAIN] Loss (formula L=-2ln(mean_sqrt_p)): 1.907601
2026-02-05 10:30:51,367 [INFO] [rank=0] [TRAIN] PPL (exp(L)): 6.736905
2026-02-05 10:30:51,369 [INFO] [rank=0] [TRACKING] iter=92, loss=1.922159, best=1.757377, evals=92/100
2026-02-05 10:30:51,518 [INFO] [rank=0] [LOSS EVAL 93/100] Starting evaluation...
2026-02-05 10:30:51,522 [WARNING] [rank=0] [MEMORY] Soglia memoria 1.0GB superata al processo 0/2
2026-02-05 10:31:20,751 [WARNING] [rank=0] [MEMORY] Soglia memoria 1.0GB superata al processo 1/2
2026-02-05 10:31:52,621 [INFO] [rank=0] [TRAIN] Loss (circuito): 1.985802
2026-02-05 10:31:52,622 [INFO] [rank=0] [TRAIN] Loss (formula L=-2ln(mean_sqrt_p)): 1.969623
2026-02-05 10:31:52,624 [INFO] [rank=0] [TRAIN] PPL (exp(L)): 7.167974
2026-02-05 10:31:52,625 [INFO] [rank=0] [TRACKING] iter=93, loss=1.985802, best=1.757377, evals=93/100
2026-02-05 10:31:52,771 [INFO] [rank=0] [LOSS EVAL 94/100] Starting evaluation...
2026-02-05 10:31:52,774 [WARNING] [rank=0] [MEMORY] Soglia memoria 1.0GB superata al processo 0/2
2026-02-05 10:32:22,030 [WARNING] [rank=0] [MEMORY] Soglia memoria 1.0GB superata al processo 1/2
2026-02-05 10:32:53,896 [INFO] [rank=0] [TRAIN] Loss (circuito): 1.873848
2026-02-05 10:32:53,897 [INFO] [rank=0] [TRAIN] Loss (formula L=-2ln(mean_sqrt_p)): 1.861507
2026-02-05 10:32:53,899 [INFO] [rank=0] [TRAIN] PPL (exp(L)): 6.433422
2026-02-05 10:32:53,901 [INFO] [rank=0] [TRACKING] iter=94, loss=1.873848, best=1.757377, evals=94/100
2026-02-05 10:32:54,057 [INFO] [rank=0] [LOSS EVAL 95/100] Starting evaluation...
2026-02-05 10:32:54,061 [WARNING] [rank=0] [MEMORY] Soglia memoria 1.0GB superata al processo 0/2
2026-02-05 10:33:23,510 [WARNING] [rank=0] [MEMORY] Soglia memoria 1.0GB superata al processo 1/2
2026-02-05 10:33:55,168 [INFO] [rank=0] [TRAIN] Loss (circuito): 1.880814
2026-02-05 10:33:55,170 [INFO] [rank=0] [TRAIN] Loss (formula L=-2ln(mean_sqrt_p)): 1.867396
2026-02-05 10:33:55,170 [INFO] [rank=0] [TRAIN] PPL (exp(L)): 6.471421
2026-02-05 10:33:55,171 [INFO] [rank=0] [TRACKING] iter=95, loss=1.880814, best=1.757377, evals=95/100
2026-02-05 10:33:55,322 [INFO] [rank=0] [LOSS EVAL 96/100] Starting evaluation...
2026-02-05 10:33:55,326 [WARNING] [rank=0] [MEMORY] Soglia memoria 1.0GB superata al processo 0/2
2026-02-05 10:34:24,689 [WARNING] [rank=0] [MEMORY] Soglia memoria 1.0GB superata al processo 1/2
2026-02-05 10:34:56,461 [INFO] [rank=0] [TRAIN] Loss (circuito): 1.842318
2026-02-05 10:34:56,463 [INFO] [rank=0] [TRAIN] Loss (formula L=-2ln(mean_sqrt_p)): 1.831217
2026-02-05 10:34:56,467 [INFO] [rank=0] [TRAIN] PPL (exp(L)): 6.241478
2026-02-05 10:34:56,468 [INFO] [rank=0] [TRACKING] iter=96, loss=1.842318, best=1.757377, evals=96/100
2026-02-05 10:34:56,622 [INFO] [rank=0] [LOSS EVAL 97/100] Starting evaluation...
2026-02-05 10:34:56,625 [WARNING] [rank=0] [MEMORY] Soglia memoria 1.0GB superata al processo 0/2
2026-02-05 10:35:25,693 [WARNING] [rank=0] [MEMORY] Soglia memoria 1.0GB superata al processo 1/2
2026-02-05 10:35:57,961 [INFO] [rank=0] [TRAIN] Loss (circuito): 1.885498
2026-02-05 10:35:57,962 [INFO] [rank=0] [TRAIN] Loss (formula L=-2ln(mean_sqrt_p)): 1.871933
2026-02-05 10:35:57,963 [INFO] [rank=0] [TRAIN] PPL (exp(L)): 6.500849
2026-02-05 10:35:57,964 [INFO] [rank=0] [TRACKING] iter=97, loss=1.885498, best=1.757377, evals=97/100
2026-02-05 10:35:58,128 [INFO] [rank=0] [LOSS EVAL 98/100] Starting evaluation...
2026-02-05 10:35:58,132 [WARNING] [rank=0] [MEMORY] Soglia memoria 1.0GB superata al processo 0/2
2026-02-05 10:36:27,568 [WARNING] [rank=0] [MEMORY] Soglia memoria 1.0GB superata al processo 1/2
2026-02-05 10:36:59,661 [INFO] [rank=0] [TRAIN] Loss (circuito): 1.950690
2026-02-05 10:36:59,663 [INFO] [rank=0] [TRAIN] Loss (formula L=-2ln(mean_sqrt_p)): 1.934912
2026-02-05 10:36:59,664 [INFO] [rank=0] [TRAIN] PPL (exp(L)): 6.923432
2026-02-05 10:36:59,666 [INFO] [rank=0] [TRACKING] iter=98, loss=1.950690, best=1.757377, evals=98/100
2026-02-05 10:36:59,829 [INFO] [rank=0] [LOSS EVAL 99/100] Starting evaluation...
2026-02-05 10:36:59,833 [WARNING] [rank=0] [MEMORY] Soglia memoria 1.0GB superata al processo 0/2
2026-02-05 10:37:28,523 [WARNING] [rank=0] [MEMORY] Soglia memoria 1.0GB superata al processo 1/2
2026-02-05 10:38:01,288 [INFO] [rank=0] [TRAIN] Loss (circuito): 1.984790
2026-02-05 10:38:01,290 [INFO] [rank=0] [TRAIN] Loss (formula L=-2ln(mean_sqrt_p)): 1.969554
2026-02-05 10:38:01,291 [INFO] [rank=0] [TRAIN] PPL (exp(L)): 7.167478
2026-02-05 10:38:01,292 [INFO] [rank=0] [TRACKING] iter=99, loss=1.984790, best=1.757377, evals=99/100
2026-02-05 10:38:01,455 [INFO] [rank=0] [LOSS EVAL 100/100] Starting evaluation...
2026-02-05 10:38:01,456 [INFO] [rank=0] [MAX EVALUATIONS REACHED] Stopping at 100 loss evaluations. This is the ONLY stopping condition (early stopping is DISABLED).
2026-02-05 10:38:01,456 [INFO] [rank=0] ======================================================================
2026-02-05 10:38:01,456 [INFO] [rank=0] [MAX EVALUATIONS] Training reached 100 loss evaluations
2026-02-05 10:38:01,456 [INFO] [rank=0] [MAX EVALUATIONS] This is the intended stopping condition
2026-02-05 10:38:01,456 [INFO] [rank=0] ======================================================================
2026-02-05 10:38:01,457 [INFO] [rank=0] [FINAL PARAMS] Using best parameters found: loss=1.757377, iteration=86
2026-02-05 10:38:01,457 [INFO] [rank=0] [STOPPING REASON] Reached max 100 loss evaluations
2026-02-05 10:38:01,497 [INFO] [rank=0] [COBYLA] 🛑 Terminato per SMART EARLY STOPPING dopo 86 iterazioni
2026-02-05 10:38:01,498 [INFO] [rank=0] [COBYLA] Reason: Reached max 100 loss evaluations
2026-02-05 10:38:01,499 [INFO] [rank=0] [COBYLA] Final loss: 1.757377
2026-02-05 10:38:01,499 [INFO] [rank=0] [SAVE] Inizio salvataggio TUTTE le matrici U, W, E, F, P...
2026-02-05 10:38:01,503 [INFO] [rank=0] [SAVE] Salvataggio matrici in: results/run_20260205_103801_seed42
2026-02-05 10:38:01,503 [INFO] [rank=0] [SAVE] Run ID: run_20260205_103801_seed42
2026-02-05 10:38:01,594 [INFO] [rank=0] [SAVE] U shape: (16, 16) -> results/run_20260205_103801_seed42/matrices/U_matrix.npy
2026-02-05 10:38:01,595 [INFO] [rank=0] [SAVE] W shape: (16, 16) -> results/run_20260205_103801_seed42/matrices/W_matrix.npy
2026-02-05 10:38:01,595 [INFO] [rank=0] [SAVE] E shape: (0,) -> results/run_20260205_103801_seed42/matrices/E_matrix.npy
2026-02-05 10:38:01,595 [INFO] [rank=0] [SAVE] F shape: (0,) -> results/run_20260205_103801_seed42/matrices/F_matrix.npy
2026-02-05 10:38:01,595 [INFO] [rank=0] [SAVE] V_rotation shape: (0,) -> results/run_20260205_103801_seed42/matrices/V_rotation.npy
2026-02-05 10:38:01,595 [INFO] [rank=0] [SAVE] P shape: (4, 1024) -> results/run_20260205_103801_seed42/matrices/P_matrix.npy
2026-02-05 10:38:01,595 [INFO] [rank=0] [SAVE] Parametri theta: (4576,) -> results/run_20260205_103801_seed42/matrices/best_params_native.npy
2026-02-05 10:38:01,605 [INFO] [rank=0] [SAVE] Metadata salvato
2026-02-05 10:38:01,606 [INFO] [rank=0] [SAVE] ✓ Tutte le matrici salvate in: results/run_20260205_103801_seed42
2026-02-05 10:38:01,606 [INFO] [rank=0] [ANCILLAE] ⏭ Analisi registro C skippata (disabilitata)
2026-02-05 10:38:01,606 [INFO] [rank=0] [CV] Inizio 3-fold cross validation...
2026-02-05 10:38:01,606 [INFO] [rank=0] 
================================================================================
2026-02-05 10:38:01,606 [INFO] [rank=0] === 3-FOLD CROSS VALIDATION (POST-TRAINING) ===
2026-02-05 10:38:01,606 [INFO] [rank=0] ================================================================================
2026-02-05 10:38:01,607 [INFO] [rank=0] [CV] Caricamento parametri da: results/run_20260205_103801_seed42
2026-02-05 10:38:01,611 [INFO] [rank=0] [CV] ✓ U caricata: (16, 16)
2026-02-05 10:38:01,611 [INFO] [rank=0] [CV] ✓ W caricata: (16, 16)
2026-02-05 10:38:01,611 [INFO] [rank=0] [CV] ✓ E caricata: (0,)
2026-02-05 10:38:01,611 [INFO] [rank=0] [CV] ✓ F caricata: (0,)
2026-02-05 10:38:01,611 [INFO] [rank=0] [CV] ✓ V_rotation caricata: (0,)
2026-02-05 10:38:01,611 [INFO] [rank=0] [CV] ✓ P caricata: (4, 1024)
2026-02-05 10:38:01,612 [INFO] [rank=0] [CV] ✓ Parametri theta caricati: (4576,)
2026-02-05 10:38:01,612 [INFO] [rank=0] [CV] Run ID: run_20260205_103801_seed42
2026-02-05 10:38:01,612 [INFO] [rank=0] [CV] ✓ Projector configurato: 1024 -> 4
2026-02-05 10:38:01,612 [INFO] [rank=0] [CV] Config: max_sentences=100, sentence_length=5
2026-02-05 10:38:01,622 [INFO] [rank=0] [CV] Generazione 100 stati quantistici test (D=10, max_time=5)
2026-02-05 10:40:13,668 [INFO] [rank=0] [CV] Frasi test totali: 100
2026-02-05 10:40:13,669 [INFO] [rank=0] 
[CV] === Fold 1/3 === (33 frasi, 5 parole/frase)
2026-02-05 10:40:13,669 [INFO] [rank=0] [CV] Fold 1 - Usa stati quantistici, encoding=None
2026-02-05 10:56:18,344 [INFO] [rank=0] [CV] Fold 1 - Frasi: 33, Parole/frase: 5, Totale parole: 165
2026-02-05 10:56:18,431 [INFO] [rank=0] [CV] Fold 1 - Loss (L=-2ln(mean_sqrt_p)): 1.731615
2026-02-05 10:56:18,435 [INFO] [rank=0] [CV] Fold 1 - PPL (exp(L)): 5.649770
2026-02-05 10:56:18,438 [INFO] [rank=0] [CV] Fold 1 - PPL ((mean_sqrt_p)^-2): 5.649770
2026-02-05 10:56:18,438 [INFO] [rank=0] [CV] Fold 1 - Consistency check: True
2026-02-05 10:56:18,441 [INFO] [rank=0] 
[CV] === Fold 2/3 === (33 frasi, 5 parole/frase)
2026-02-05 10:56:18,444 [INFO] [rank=0] [CV] Fold 2 - Usa stati quantistici, encoding=None
2026-02-05 11:12:26,275 [INFO] [rank=0] [CV] Fold 2 - Frasi: 33, Parole/frase: 5, Totale parole: 165
2026-02-05 11:12:26,363 [INFO] [rank=0] [CV] Fold 2 - Loss (L=-2ln(mean_sqrt_p)): 1.773377
2026-02-05 11:12:26,367 [INFO] [rank=0] [CV] Fold 2 - PPL (exp(L)): 5.890716
2026-02-05 11:12:26,371 [INFO] [rank=0] [CV] Fold 2 - PPL ((mean_sqrt_p)^-2): 5.890716
2026-02-05 11:12:26,371 [INFO] [rank=0] [CV] Fold 2 - Consistency check: True
2026-02-05 11:12:26,373 [INFO] [rank=0] 
[CV] === Fold 3/3 === (34 frasi, 5 parole/frase)
2026-02-05 11:12:26,375 [INFO] [rank=0] [CV] Fold 3 - Usa stati quantistici, encoding=None
2026-02-05 11:29:06,220 [INFO] [rank=0] [CV] Fold 3 - Frasi: 34, Parole/frase: 5, Totale parole: 170
2026-02-05 11:29:06,309 [INFO] [rank=0] [CV] Fold 3 - Loss (L=-2ln(mean_sqrt_p)): 1.676193
2026-02-05 11:29:06,313 [INFO] [rank=0] [CV] Fold 3 - PPL (exp(L)): 5.345169
2026-02-05 11:29:06,317 [INFO] [rank=0] [CV] Fold 3 - PPL ((mean_sqrt_p)^-2): 5.345169
2026-02-05 11:29:06,318 [INFO] [rank=0] [CV] Fold 3 - Consistency check: True
2026-02-05 11:29:06,320 [INFO] [rank=0] 
[CV] Fold con dati validi: 3/3
2026-02-05 11:29:06,324 [INFO] [rank=0] 
================================================================================
2026-02-05 11:29:06,328 [INFO] [rank=0] === 3-FOLD CV RESULTS ===
2026-02-05 11:29:06,331 [INFO] [rank=0] ================================================================================
2026-02-05 11:29:06,335 [INFO] [rank=0] Formula Loss: L = -2 ln(1/T * sum(sqrt(p(y_t|x))))
2026-02-05 11:29:06,338 [INFO] [rank=0] Formula PPL:  exp(L) = (mean_sqrt_p)^(-2)
2026-02-05 11:29:06,342 [INFO] [rank=0] 
2026-02-05 11:29:06,345 [INFO] [rank=0] Configurazione test:
2026-02-05 11:29:06,349 [INFO] [rank=0]   - Numero frasi per fold: ~33
2026-02-05 11:29:06,352 [INFO] [rank=0]   - Parole per frase: 5
2026-02-05 11:29:06,355 [INFO] [rank=0]   - Totale frasi: 100
2026-02-05 11:29:06,357 [INFO] [rank=0]   - Parametri usati: U, W, E, F (caricati da run_20260205_103801_seed42)
2026-02-05 11:29:06,357 [INFO] [rank=0] 
2026-02-05 11:29:06,359 [INFO] [rank=0] === LOSS E PPL PER FOLD ===
2026-02-05 11:29:06,359 [INFO] [rank=0]   Fold 1: Loss=1.731615, PPL=5.649770
2026-02-05 11:29:06,359 [INFO] [rank=0]   Fold 2: Loss=1.773377, PPL=5.890716
2026-02-05 11:29:06,359 [INFO] [rank=0]   Fold 3: Loss=1.676193, PPL=5.345169
2026-02-05 11:29:06,359 [INFO] [rank=0] 
2026-02-05 11:29:06,359 [INFO] [rank=0] Risultati (3 fold validi):
2026-02-05 11:29:06,359 [INFO] [rank=0]   Loss (media)  = 1.727062
2026-02-05 11:29:06,360 [INFO] [rank=0]   Loss (std)    = 0.048752  
2026-02-05 11:29:06,360 [INFO] [rank=0]   Loss (sem)    = 0.028147  
2026-02-05 11:29:06,360 [INFO] [rank=0] 
2026-02-05 11:29:06,360 [INFO] [rank=0]   PPL (media)   = 5.628551
2026-02-05 11:29:06,360 [INFO] [rank=0]   PPL (std)     = 0.273392  
2026-02-05 11:29:06,360 [INFO] [rank=0]   PPL (sem)     = 0.157843  
2026-02-05 11:29:06,360 [INFO] [rank=0] 
2026-02-05 11:29:06,360 [INFO] [rank=0] ================================================================================
2026-02-05 11:29:06,360 [INFO] [rank=0] METRICHE STATISTICHE RICHIESTE:
2026-02-05 11:29:06,360 [INFO] [rank=0] ================================================================================
2026-02-05 11:29:06,361 [INFO] [rank=0]   📊 ERRORE MEDIO (std Loss)         = 0.048752  [n=3]
2026-02-05 11:29:06,361 [INFO] [rank=0]   📊 DEVIAZIONE STANDARD (std PPL)   = 0.273392  [n=3]
2026-02-05 11:29:06,361 [INFO] [rank=0]   📊 STANDARD ERROR MEAN (sem Loss)  = 0.028147  [n=3]
2026-02-05 11:29:06,361 [INFO] [rank=0]   📊 STANDARD ERROR MEAN (sem PPL)   = 0.157843  [n=3]
2026-02-05 11:29:06,361 [INFO] [rank=0] ================================================================================
2026-02-05 11:29:06,361 [INFO] [rank=0] 
2026-02-05 11:29:06,361 [INFO] [rank=0] Consistency check per fold:
2026-02-05 11:29:06,361 [INFO] [rank=0]   Fold 1: exp(1.731615) = 5.649770 vs 5.649770 [exp: True, alt: True]
2026-02-05 11:29:06,361 [INFO] [rank=0]   Fold 2: exp(1.773377) = 5.890716 vs 5.890716 [exp: True, alt: True]
2026-02-05 11:29:06,362 [INFO] [rank=0]   Fold 3: exp(1.676193) = 5.345169 vs 5.345169 [exp: True, alt: True]
2026-02-05 11:29:06,362 [INFO] [rank=0] ================================================================================

2026-02-05 11:29:06,368 [INFO] [rank=0] [CV] ✓ Cross validation completata: 3 folds
2026-02-05 11:29:06,368 [INFO] [rank=0] 
================================================================================
2026-02-05 11:29:06,368 [INFO] [rank=0] === TRAINING SUMMARY ===
2026-02-05 11:29:06,368 [INFO] [rank=0] ================================================================================
2026-02-05 11:29:06,368 [INFO] [rank=0] 
[FORMULE]
2026-02-05 11:29:06,369 [INFO] [rank=0]   Loss: L = -2 ln(1/T * sum(sqrt(p(y_t|x))))
2026-02-05 11:29:06,369 [INFO] [rank=0]   PPL:  exp(L)
2026-02-05 11:29:06,369 [INFO] [rank=0] 
[LOSS EVALUATIONS]
2026-02-05 11:29:06,369 [INFO] [rank=0]   Total loss evaluations: 100
2026-02-05 11:29:06,369 [INFO] [rank=0]   Maximum allowed: 100
2026-02-05 11:29:06,369 [INFO] [rank=0]   Stopping condition: Reached max evaluations
2026-02-05 11:29:06,369 [INFO] [rank=0] 
[FINAL LOSS]
2026-02-05 11:29:06,369 [INFO] [rank=0]   Final loss (last evaluation): 1.75737738
2026-02-05 11:29:06,369 [INFO] [rank=0]   Best loss seen: 1.75737738
2026-02-05 11:29:06,369 [INFO] [rank=0]   Final PPL = exp(1.75737738) = 5.79721355
2026-02-05 11:29:06,370 [INFO] [rank=0]   Best PPL  = exp(1.75737738) = 5.79721355
2026-02-05 11:29:06,370 [INFO] [rank=0] 
[FINAL PARAMETERS]
2026-02-05 11:29:06,371 [INFO] [rank=0]   Total parameters: 4576
2026-02-05 11:29:06,371 [INFO] [rank=0]   U parameters (Query): 240 (shape: (5, 2, 2, 4, 3))
2026-02-05 11:29:06,371 [INFO] [rank=0]   W parameters (Key): 240 (shape: (5, 2, 2, 4, 3))
2026-02-05 11:29:06,371 [INFO] [rank=0]   P parameters (Projection): 4096
2026-02-05 11:29:06,372 [INFO] [rank=0]   P shape: 4 x 1024 (2^2 x 2^10)
2026-02-05 11:29:06,372 [INFO] [rank=0]   E parameters: 0 (not used in quantum mode)
2026-02-05 11:29:06,372 [INFO] [rank=0]   V parameters: 0 (not used in quantum mode)
2026-02-05 11:29:06,372 [INFO] [rank=0] 
[QUANTUM REGISTERS]
2026-02-05 11:29:06,372 [INFO] [rank=0]   Total qubits: 7
2026-02-05 11:29:06,372 [INFO] [rank=0]   Target qubits (A+B registers): 4
2026-02-05 11:29:06,372 [INFO] [rank=0]   Control qubits (C register/ancillae): 3
2026-02-05 11:29:06,372 [INFO] [rank=0]   Embedding dimension: 4
2026-02-05 11:29:06,372 [INFO] [rank=0]   Sentence length: 5
2026-02-05 11:29:06,373 [INFO] [rank=0]   Hilbert space dimension: 128
2026-02-05 11:29:06,373 [INFO] [rank=0] 
[PERPLEXITY ON TEST DATA]
2026-02-05 11:29:06,373 [INFO] [rank=0]   Test Loss: 1.72706179
2026-02-05 11:29:06,373 [INFO] [rank=0]   Test PPL = exp(1.72706179) = 5.62855131
2026-02-05 11:29:06,373 [INFO] [rank=0]   Test sentences used: 100/100
2026-02-05 11:29:06,373 [INFO] [rank=0]   Verifica consistency: exp(L) == PPL
2026-02-05 11:29:06,373 [INFO] [rank=0]   Consistency check: False
2026-02-05 11:29:06,373 [INFO] [rank=0] 
[METADATA]
2026-02-05 11:29:06,373 [INFO] [rank=0]   Timestamp: 20260205_103801
2026-02-05 11:29:06,373 [INFO] [rank=0]   Optimizer: COBYLA
2026-02-05 11:29:06,374 [INFO] [rank=0]   Number of layers: 5
2026-02-05 11:29:06,374 [INFO] [rank=0]   Qubits per ansatz: 4
2026-02-05 11:29:06,374 [INFO] [rank=0]   Early stopping: DISABLED (HARD CONSTRAINT)
2026-02-05 11:29:06,374 [INFO] [rank=0]   Stopping criterion: 100 loss evaluations ONLY
2026-02-05 11:29:06,374 [INFO] [rank=0] 
================================================================================
2026-02-05 11:29:06,374 [INFO] [rank=0] === END OF TRAINING SUMMARY ===
2026-02-05 11:29:06,374 [INFO] [rank=0] ================================================================================

2026-02-05 11:29:06,401 [INFO] [rank=0] [SAVE] Parametri salvati in results/run_20260205_103801_seed42/parameters/theta_finali_native.npy
2026-02-05 11:29:06,414 [INFO] [rank=0] [SAVE] Summary salvato in results/run_20260205_103801_seed42/summaries/training_summary.txt
2026-02-05 11:29:06,421 [INFO] [rank=0] [SAVE] Storia loss salvata in results/run_20260205_103801_seed42/summaries/loss_history.txt
2026-02-05 11:29:07,898 [INFO] [rank=0] [SAVE] ✓ Grafico training loss salvato in results/run_20260205_103801_seed42/plots/training_loss.png
2026-02-05 11:29:07,899 [INFO] [rank=0] [COMPLETE] Ottimizzazione completata. Loss media finale: 1.757377
2026-02-05 11:29:07,899 [INFO] [rank=0] [COMPLETE] Tutti i file salvati in: results/run_20260205_103801_seed42
2026-02-05 11:29:07,899 [INFO] [rank=0] [COMPLETE] - Parametri: results/run_20260205_103801_seed42/parameters
2026-02-05 11:29:07,899 [INFO] [rank=0] [COMPLETE] - Summaries: results/run_20260205_103801_seed42/summaries
2026-02-05 11:29:07,899 [INFO] [rank=0] [COMPLETE] - Plots: results/run_20260205_103801_seed42/plots
2026-02-05 11:29:07,899 [INFO] [rank=0] [COMPLETE] - Matrici: results/run_20260205_103801_seed42/matrices
2026-02-05 12:57:25,138 [INFO] [rank=0] [QUANTUM] ========================================
2026-02-05 12:57:25,159 [INFO] [rank=0] [QUANTUM] Modalità QUANTUM STATES attiva!
2026-02-05 12:57:25,159 [INFO] [rank=0] [QUANTUM] ========================================
2026-02-05 12:57:25,159 [INFO] [rank=0] [QUANTUM] Frasi quantistiche (num_states): 100
2026-02-05 12:57:25,159 [INFO] [rank=0] [QUANTUM] Parole per frase (max_time): 5
2026-02-05 12:57:25,160 [INFO] [rank=0] [QUANTUM] ✓ PROIEZIONE ABILITATA: 10 qubit -> 2 qubit
2026-02-05 12:57:25,160 [INFO] [rank=0] [QUANTUM] Dimensione Hilbert sorgente: 2^10 = 1024
2026-02-05 12:57:25,160 [INFO] [rank=0] [QUANTUM] Dimensione Hilbert target: 2^2 = 4
2026-02-05 12:57:25,160 [INFO] [rank=0] [QUANTUM] MPI ranks: 100
2026-02-05 12:57:25,160 [INFO] [rank=0] [QUANTUM] Frasi per rank: ~1
2026-02-05 12:57:25,160 [INFO] [rank=0] [QUANTUM] Rank 0: Generazione OTTIMIZZATA di 100 frasi quantistiche...
2026-02-05 12:57:25,160 [INFO] [rank=0] [QUANTUM] Dimensione target: 2^10 = 1024, memoria stimata: 7 MB
2026-02-05 12:57:25,901 [INFO] [rank=0] [QUANTUM] Batch 1: generazione 20 frasi (0-19)...
2026-02-05 12:57:25,915 [ERROR] [rank=0] Errore critico durante il training
2026-02-05 12:57:25,915 [ERROR] [rank=0] Tipo: AttributeError, Msg: 'TFIMHamiltonian' object has no attribute '_build_hamiltonian'
2026-02-05 12:57:25,918 [ERROR] [rank=0] Traceback (most recent call last):
2026-02-05 12:57:25,918 [ERROR] [rank=0]   File "/leonardo_work/IscrC_QuSALa/vqt2/variational_quantum_transformer_superposition/main_hpc.py", line 1671, in main
2026-02-05 12:57:25,918 [ERROR] [rank=0]     batch_array = hamiltonian.generate_sentences(
2026-02-05 12:57:25,918 [ERROR] [rank=0]                   ^^^^^^^^^^^^^^^^^^^^^^^^^^^^^^^
2026-02-05 12:57:25,918 [ERROR] [rank=0]   File "/leonardo_work/IscrC_QuSALa/vqt2/variational_quantum_transformer_superposition/quantum_annealing.py", line 373, in generate_sentences
2026-02-05 12:57:25,918 [ERROR] [rank=0]     self._build_hamiltonian()  # Ricostruisce H con nuova J
2026-02-05 12:57:25,918 [ERROR] [rank=0]     ^^^^^^^^^^^^^^^^^^^^^^^
2026-02-05 12:57:25,918 [ERROR] [rank=0] AttributeError: 'TFIMHamiltonian' object has no attribute '_build_hamiltonian'
2026-02-05 13:01:34,309 [INFO] [rank=0] [QUANTUM] ========================================
2026-02-05 13:01:34,311 [INFO] [rank=0] [QUANTUM] Modalità QUANTUM STATES attiva!
2026-02-05 13:01:34,312 [INFO] [rank=0] [QUANTUM] ========================================
2026-02-05 13:01:34,312 [INFO] [rank=0] [QUANTUM] Frasi quantistiche (num_states): 100
2026-02-05 13:01:34,312 [INFO] [rank=0] [QUANTUM] Parole per frase (max_time): 5
2026-02-05 13:01:34,312 [INFO] [rank=0] [QUANTUM] ✓ PROIEZIONE ABILITATA: 10 qubit -> 2 qubit
2026-02-05 13:01:34,312 [INFO] [rank=0] [QUANTUM] Dimensione Hilbert sorgente: 2^10 = 1024
2026-02-05 13:01:34,312 [INFO] [rank=0] [QUANTUM] Dimensione Hilbert target: 2^2 = 4
2026-02-05 13:01:34,312 [INFO] [rank=0] [QUANTUM] MPI ranks: 100
2026-02-05 13:01:34,312 [INFO] [rank=0] [QUANTUM] Frasi per rank: ~1
2026-02-05 13:01:34,312 [INFO] [rank=0] [QUANTUM] Rank 0: Generazione OTTIMIZZATA di 100 frasi quantistiche...
2026-02-05 13:01:34,312 [INFO] [rank=0] [QUANTUM] Dimensione target: 2^10 = 1024, memoria stimata: 7 MB
2026-02-05 13:01:35,077 [INFO] [rank=0] [QUANTUM] Batch 1: generazione 20 frasi (0-19)...
2026-02-05 13:02:03,507 [INFO] [rank=0] [QUANTUM] Batch completato, totale frasi: 20/100
2026-02-05 13:02:03,508 [INFO] [rank=0] [QUANTUM] Batch 2: generazione 20 frasi (20-39)...
2026-02-05 13:02:31,758 [INFO] [rank=0] [QUANTUM] Batch completato, totale frasi: 40/100
2026-02-05 13:02:31,758 [INFO] [rank=0] [QUANTUM] Batch 3: generazione 20 frasi (40-59)...
2026-02-05 13:02:59,985 [INFO] [rank=0] [QUANTUM] Batch completato, totale frasi: 60/100
2026-02-05 13:02:59,986 [INFO] [rank=0] [QUANTUM] Batch 4: generazione 20 frasi (60-79)...
2026-02-05 13:03:28,117 [INFO] [rank=0] [QUANTUM] Batch completato, totale frasi: 80/100
2026-02-05 13:03:28,118 [INFO] [rank=0] [QUANTUM] Batch 5: generazione 20 frasi (80-99)...
2026-02-05 13:03:56,460 [INFO] [rank=0] [QUANTUM] Batch completato, totale frasi: 100/100
2026-02-05 13:03:56,463 [INFO] [rank=0] [QUANTUM] ✓ Tutte le 100 frasi generate: shape=(100, 5, 1024)
2026-02-05 13:03:56,560 [INFO] [rank=0] [QUANTUM] Verifica diversità: ||frase_0 - frase_1|| = 3.162278
2026-02-05 13:03:56,566 [INFO] [rank=0] [QUANTUM] Salvate in quantum_states_generated.npy
2026-02-05 13:03:56,728 [INFO] [rank=0] [QUANTUM] Rank 0: Ricevute frasi quantistiche, shape=(100, 5, 1024)
2026-02-05 13:03:56,729 [INFO] [rank=0] [QUANTUM] Rank 0: Assegnate 1 frasi (IDs: [0])
2026-02-05 13:03:56,732 [INFO] [rank=0] [PROJECTION] ✓ Projector creato: 1024 -> 4
2026-02-05 13:03:56,732 [INFO] [rank=0] [QUANTUM] P sostituisce E (embedding): (4, 1024)
2026-02-05 13:03:56,732 [INFO] [rank=0] [QUANTUM] V non serve in quantum mode (target = stati proiettati)
2026-02-05 13:03:56,732 [INFO] [rank=0] Parametri: quantum=480 embed=0 rot=0 proj=4096 tot=4576 shape_half=(5, 2, 2, 4, 3)
2026-02-05 13:03:56,958 [INFO] [rank=0] Inizio ottimizzazione con COBYLA (NO early stopping): maxiter=150, tol=1e-05
2026-02-05 13:03:56,958 [INFO] [rank=0] [STOPPING CONFIG] HARD CONSTRAINT: Stop ONLY at 100 loss evaluations
2026-02-05 13:03:56,958 [INFO] [rank=0] [STOPPING CONFIG] All early stopping logic DISABLED
2026-02-05 13:03:57,389 [INFO] [rank=0] [LOSS EVAL 1/100] Starting evaluation...
2026-02-05 13:04:24,440 [INFO] [rank=0] [TRAIN] Loss (circuito): 5.142093
2026-02-05 13:04:24,442 [INFO] [rank=0] [TRAIN] Loss (formula L=-2ln(mean_sqrt_p)): 4.904732
2026-02-05 13:04:24,443 [INFO] [rank=0] [TRAIN] PPL (exp(L)): 134.926699
2026-02-05 13:04:24,446 [INFO] [rank=0] [TRACKER] New best! Loss=5.142093 at iter 1
2026-02-05 13:04:24,447 [INFO] [rank=0] [TRACKING] iter=1, loss=5.142093, best=5.142093, evals=1/100
2026-02-05 13:04:25,196 [INFO] [rank=0] [LOSS EVAL 2/100] Starting evaluation...
2026-02-05 13:04:25,198 [WARNING] [rank=0] [MEMORY] Soglia memoria 1.0GB superata al processo 0/1
2026-02-05 13:06:35,996 [INFO] [rank=0] [QUANTUM] ========================================
2026-02-05 13:06:35,999 [INFO] [rank=0] [QUANTUM] Modalità QUANTUM STATES attiva!
2026-02-05 13:06:35,999 [INFO] [rank=0] [QUANTUM] ========================================
2026-02-05 13:06:35,999 [INFO] [rank=0] [QUANTUM] Frasi quantistiche (num_states): 100
2026-02-05 13:06:35,999 [INFO] [rank=0] [QUANTUM] Parole per frase (max_time): 5
2026-02-05 13:06:35,999 [INFO] [rank=0] [QUANTUM] ✓ PROIEZIONE ABILITATA: 10 qubit -> 2 qubit
2026-02-05 13:06:35,999 [INFO] [rank=0] [QUANTUM] Dimensione Hilbert sorgente: 2^10 = 1024
2026-02-05 13:06:35,999 [INFO] [rank=0] [QUANTUM] Dimensione Hilbert target: 2^2 = 4
2026-02-05 13:06:35,999 [INFO] [rank=0] [QUANTUM] MPI ranks: 100
2026-02-05 13:06:36,000 [INFO] [rank=0] [QUANTUM] Frasi per rank: ~1
2026-02-05 13:06:36,000 [INFO] [rank=0] [QUANTUM] Rank 0: Generazione OTTIMIZZATA di 100 frasi quantistiche...
2026-02-05 13:06:36,000 [INFO] [rank=0] [QUANTUM] Dimensione target: 2^10 = 1024, memoria stimata: 7 MB
2026-02-05 13:06:36,759 [INFO] [rank=0] [QUANTUM] Batch 1: generazione 20 frasi (0-19)...
2026-02-05 13:07:00,064 [INFO] [rank=0] [QUANTUM] Batch completato, totale frasi: 20/100
2026-02-05 13:07:00,065 [INFO] [rank=0] [QUANTUM] Batch 2: generazione 20 frasi (20-39)...
2026-02-05 13:07:23,457 [INFO] [rank=0] [QUANTUM] Batch completato, totale frasi: 40/100
2026-02-05 13:07:23,457 [INFO] [rank=0] [QUANTUM] Batch 3: generazione 20 frasi (40-59)...
2026-02-05 13:07:47,195 [INFO] [rank=0] [QUANTUM] Batch completato, totale frasi: 60/100
2026-02-05 13:07:47,196 [INFO] [rank=0] [QUANTUM] Batch 4: generazione 20 frasi (60-79)...
2026-02-05 13:08:10,266 [INFO] [rank=0] [QUANTUM] Batch completato, totale frasi: 80/100
2026-02-05 13:08:10,267 [INFO] [rank=0] [QUANTUM] Batch 5: generazione 20 frasi (80-99)...
2026-02-05 13:08:33,690 [INFO] [rank=0] [QUANTUM] Batch completato, totale frasi: 100/100
2026-02-05 13:08:33,694 [INFO] [rank=0] [QUANTUM] ✓ Tutte le 100 frasi generate: shape=(100, 5, 1024)
2026-02-05 13:08:33,798 [INFO] [rank=0] [QUANTUM] Verifica diversità: ||frase_0 - frase_1|| = 3.162278
2026-02-05 13:08:33,805 [INFO] [rank=0] [QUANTUM] Salvate in quantum_states_generated.npy
2026-02-05 13:08:33,934 [INFO] [rank=0] [QUANTUM] Rank 0: Ricevute frasi quantistiche, shape=(100, 5, 1024)
2026-02-05 13:08:33,934 [INFO] [rank=0] [QUANTUM] Rank 0: Assegnate 1 frasi (IDs: [0])
2026-02-05 13:08:33,953 [INFO] [rank=0] [PROJECTION] ✓ Projector creato: 1024 -> 4
2026-02-05 13:08:33,953 [INFO] [rank=0] [QUANTUM] P sostituisce E (embedding): (4, 1024)
2026-02-05 13:08:33,953 [INFO] [rank=0] [QUANTUM] V non serve in quantum mode (target = stati proiettati)
2026-02-05 13:08:33,953 [INFO] [rank=0] Parametri: quantum=480 embed=0 rot=0 proj=4096 tot=4576 shape_half=(5, 2, 2, 4, 3)
2026-02-05 13:08:34,079 [INFO] [rank=0] Inizio ottimizzazione con COBYLA (NO early stopping): maxiter=150, tol=1e-05
2026-02-05 13:08:34,079 [INFO] [rank=0] [STOPPING CONFIG] HARD CONSTRAINT: Stop ONLY at 100 loss evaluations
2026-02-05 13:08:34,079 [INFO] [rank=0] [STOPPING CONFIG] All early stopping logic DISABLED
2026-02-05 13:08:34,466 [INFO] [rank=0] [LOSS EVAL 1/100] Starting evaluation...
2026-02-05 13:09:01,610 [INFO] [rank=0] [TRAIN] Loss (circuito): 4.908230
2026-02-05 13:09:01,612 [INFO] [rank=0] [TRAIN] Loss (formula L=-2ln(mean_sqrt_p)): 4.693491
2026-02-05 13:09:01,612 [INFO] [rank=0] [TRAIN] PPL (exp(L)): 109.233877
2026-02-05 13:09:01,614 [INFO] [rank=0] [TRACKER] New best! Loss=4.908230 at iter 1
2026-02-05 13:09:01,616 [INFO] [rank=0] [TRACKING] iter=1, loss=4.908230, best=4.908230, evals=1/100
2026-02-05 13:09:02,380 [INFO] [rank=0] [LOSS EVAL 2/100] Starting evaluation...
2026-02-05 13:09:02,383 [WARNING] [rank=0] [MEMORY] Soglia memoria 1.0GB superata al processo 0/1
2026-02-05 13:09:29,950 [INFO] [rank=0] [TRAIN] Loss (circuito): 4.151407
2026-02-05 13:09:29,953 [INFO] [rank=0] [TRAIN] Loss (formula L=-2ln(mean_sqrt_p)): 4.023726
2026-02-05 13:09:29,954 [INFO] [rank=0] [TRAIN] PPL (exp(L)): 55.909046
2026-02-05 13:09:29,956 [INFO] [rank=0] [TRACKER] New best! Loss=4.151407 at iter 2
2026-02-05 13:09:29,957 [INFO] [rank=0] [TRACKING] iter=2, loss=4.151407, best=4.151407, evals=2/100
2026-02-05 13:09:30,075 [INFO] [rank=0] [LOSS EVAL 3/100] Starting evaluation...
2026-02-05 13:09:30,078 [WARNING] [rank=0] [MEMORY] Soglia memoria 1.0GB superata al processo 0/1
2026-02-05 13:09:57,658 [INFO] [rank=0] [TRAIN] Loss (circuito): 5.229615
2026-02-05 13:09:57,661 [INFO] [rank=0] [TRAIN] Loss (formula L=-2ln(mean_sqrt_p)): 4.908350
2026-02-05 13:09:57,662 [INFO] [rank=0] [TRAIN] PPL (exp(L)): 135.415800
2026-02-05 13:09:57,663 [INFO] [rank=0] [TRACKING] iter=3, loss=5.229615, best=4.151407, evals=3/100
2026-02-05 13:09:57,785 [INFO] [rank=0] [LOSS EVAL 4/100] Starting evaluation...
2026-02-05 13:09:57,788 [WARNING] [rank=0] [MEMORY] Soglia memoria 1.0GB superata al processo 0/1
2026-02-05 13:10:25,362 [INFO] [rank=0] [TRAIN] Loss (circuito): 3.482408
2026-02-05 13:10:25,363 [INFO] [rank=0] [TRAIN] Loss (formula L=-2ln(mean_sqrt_p)): 3.427199
2026-02-05 13:10:25,364 [INFO] [rank=0] [TRAIN] PPL (exp(L)): 30.790284
2026-02-05 13:10:25,367 [INFO] [rank=0] [TRACKER] New best! Loss=3.482408 at iter 4
2026-02-05 13:10:25,369 [INFO] [rank=0] [TRACKING] iter=4, loss=3.482408, best=3.482408, evals=4/100
2026-02-05 13:10:25,487 [INFO] [rank=0] [LOSS EVAL 5/100] Starting evaluation...
2026-02-05 13:10:25,489 [WARNING] [rank=0] [MEMORY] Soglia memoria 1.0GB superata al processo 0/1
2026-02-05 13:10:53,072 [INFO] [rank=0] [TRAIN] Loss (circuito): 3.072572
2026-02-05 13:10:53,073 [INFO] [rank=0] [TRAIN] Loss (formula L=-2ln(mean_sqrt_p)): 3.033715
2026-02-05 13:10:53,074 [INFO] [rank=0] [TRAIN] PPL (exp(L)): 20.774276
2026-02-05 13:10:53,076 [INFO] [rank=0] [TRACKER] New best! Loss=3.072572 at iter 5
2026-02-05 13:10:53,077 [INFO] [rank=0] [TRACKING] iter=5, loss=3.072572, best=3.072572, evals=5/100
2026-02-05 13:10:53,197 [INFO] [rank=0] [LOSS EVAL 6/100] Starting evaluation...
2026-02-05 13:10:53,200 [WARNING] [rank=0] [MEMORY] Soglia memoria 1.0GB superata al processo 0/1
2026-02-05 13:11:20,773 [INFO] [rank=0] [TRAIN] Loss (circuito): 2.916761
2026-02-05 13:11:20,774 [INFO] [rank=0] [TRAIN] Loss (formula L=-2ln(mean_sqrt_p)): 2.881631
2026-02-05 13:11:20,776 [INFO] [rank=0] [TRAIN] PPL (exp(L)): 17.843356
2026-02-05 13:11:20,777 [INFO] [rank=0] [TRACKER] New best! Loss=2.916761 at iter 6
2026-02-05 13:11:20,778 [INFO] [rank=0] [TRACKING] iter=6, loss=2.916761, best=2.916761, evals=6/100
2026-02-05 13:11:20,898 [INFO] [rank=0] [LOSS EVAL 7/100] Starting evaluation...
2026-02-05 13:11:20,901 [WARNING] [rank=0] [MEMORY] Soglia memoria 1.0GB superata al processo 0/1
2026-02-05 13:11:48,503 [INFO] [rank=0] [TRAIN] Loss (circuito): 2.621630
2026-02-05 13:11:48,504 [INFO] [rank=0] [TRAIN] Loss (formula L=-2ln(mean_sqrt_p)): 2.592822
2026-02-05 13:11:48,506 [INFO] [rank=0] [TRAIN] PPL (exp(L)): 13.367435
2026-02-05 13:11:48,508 [INFO] [rank=0] [TRACKER] New best! Loss=2.621630 at iter 7
2026-02-05 13:11:48,509 [INFO] [rank=0] [TRACKING] iter=7, loss=2.621630, best=2.621630, evals=7/100
2026-02-05 13:11:48,629 [INFO] [rank=0] [LOSS EVAL 8/100] Starting evaluation...
2026-02-05 13:11:48,631 [WARNING] [rank=0] [MEMORY] Soglia memoria 1.0GB superata al processo 0/1
2026-02-05 13:12:16,237 [INFO] [rank=0] [TRAIN] Loss (circuito): 3.088108
2026-02-05 13:12:16,238 [INFO] [rank=0] [TRAIN] Loss (formula L=-2ln(mean_sqrt_p)): 3.043124
2026-02-05 13:12:16,239 [INFO] [rank=0] [TRAIN] PPL (exp(L)): 20.970647
2026-02-05 13:12:16,241 [INFO] [rank=0] [TRACKING] iter=8, loss=3.088108, best=2.621630, evals=8/100
2026-02-05 13:12:16,362 [INFO] [rank=0] [LOSS EVAL 9/100] Starting evaluation...
2026-02-05 13:12:16,365 [WARNING] [rank=0] [MEMORY] Soglia memoria 1.0GB superata al processo 0/1
2026-02-05 13:12:43,987 [INFO] [rank=0] [TRAIN] Loss (circuito): 2.940854
2026-02-05 13:12:43,987 [INFO] [rank=0] [TRAIN] Loss (formula L=-2ln(mean_sqrt_p)): 2.900837
2026-02-05 13:12:43,990 [INFO] [rank=0] [TRAIN] PPL (exp(L)): 18.189355
2026-02-05 13:12:43,991 [INFO] [rank=0] [TRACKING] iter=9, loss=2.940854, best=2.621630, evals=9/100
2026-02-05 13:12:44,112 [INFO] [rank=0] [LOSS EVAL 10/100] Starting evaluation...
2026-02-05 13:12:44,115 [INFO] [rank=0] [PROJECTION] P matrix set: shape=(4, 1024), norm=116.4543
2026-02-05 13:12:44,115 [WARNING] [rank=0] [MEMORY] Soglia memoria 1.0GB superata al processo 0/1
2026-02-05 13:13:11,672 [INFO] [rank=0] [TRAIN] Loss (circuito): 2.401072
2026-02-05 13:13:11,673 [INFO] [rank=0] [TRAIN] Loss (formula L=-2ln(mean_sqrt_p)): 2.377747
2026-02-05 13:13:11,674 [INFO] [rank=0] [TRAIN] PPL (exp(L)): 10.780585
2026-02-05 13:13:11,676 [INFO] [rank=0] [TRACKER] New best! Loss=2.401072 at iter 10
2026-02-05 13:13:11,676 [INFO] [rank=0] [TRACKING] iter=10, loss=2.401072, best=2.401072, evals=10/100
2026-02-05 13:13:11,798 [INFO] [rank=0] [LOSS EVAL 11/100] Starting evaluation...
2026-02-05 13:13:11,801 [WARNING] [rank=0] [MEMORY] Soglia memoria 1.0GB superata al processo 0/1
2026-02-05 13:13:39,360 [INFO] [rank=0] [TRAIN] Loss (circuito): 2.461051
2026-02-05 13:13:39,362 [INFO] [rank=0] [TRAIN] Loss (formula L=-2ln(mean_sqrt_p)): 2.435419
2026-02-05 13:13:39,363 [INFO] [rank=0] [TRAIN] PPL (exp(L)): 11.420600
2026-02-05 13:13:39,365 [INFO] [rank=0] [TRACKING] iter=11, loss=2.461051, best=2.401072, evals=11/100
2026-02-05 13:13:39,487 [INFO] [rank=0] [LOSS EVAL 12/100] Starting evaluation...
2026-02-05 13:13:39,489 [WARNING] [rank=0] [MEMORY] Soglia memoria 1.0GB superata al processo 0/1
2026-02-05 13:14:07,100 [INFO] [rank=0] [TRAIN] Loss (circuito): 2.244070
2026-02-05 13:14:07,101 [INFO] [rank=0] [TRAIN] Loss (formula L=-2ln(mean_sqrt_p)): 2.221597
2026-02-05 13:14:07,103 [INFO] [rank=0] [TRAIN] PPL (exp(L)): 9.222043
2026-02-05 13:14:07,105 [INFO] [rank=0] [TRACKER] New best! Loss=2.244070 at iter 12
2026-02-05 13:14:07,105 [INFO] [rank=0] [TRACKING] iter=12, loss=2.244070, best=2.244070, evals=12/100
2026-02-05 13:14:07,226 [INFO] [rank=0] [LOSS EVAL 13/100] Starting evaluation...
2026-02-05 13:14:07,229 [WARNING] [rank=0] [MEMORY] Soglia memoria 1.0GB superata al processo 0/1
2026-02-05 13:14:34,821 [INFO] [rank=0] [TRAIN] Loss (circuito): 2.671519
2026-02-05 13:14:34,823 [INFO] [rank=0] [TRAIN] Loss (formula L=-2ln(mean_sqrt_p)): 2.641493
2026-02-05 13:14:34,823 [INFO] [rank=0] [TRAIN] PPL (exp(L)): 14.034138
2026-02-05 13:14:34,824 [INFO] [rank=0] [TRACKING] iter=13, loss=2.671519, best=2.244070, evals=13/100
2026-02-05 13:14:34,947 [INFO] [rank=0] [LOSS EVAL 14/100] Starting evaluation...
2026-02-05 13:14:34,950 [WARNING] [rank=0] [MEMORY] Soglia memoria 1.0GB superata al processo 0/1
2026-02-05 13:15:02,544 [INFO] [rank=0] [TRAIN] Loss (circuito): 2.539083
2026-02-05 13:15:02,545 [INFO] [rank=0] [TRAIN] Loss (formula L=-2ln(mean_sqrt_p)): 2.513343
2026-02-05 13:15:02,545 [INFO] [rank=0] [TRAIN] PPL (exp(L)): 12.346130
2026-02-05 13:15:02,546 [INFO] [rank=0] [TRACKING] iter=14, loss=2.539083, best=2.244070, evals=14/100
2026-02-05 13:15:02,669 [INFO] [rank=0] [LOSS EVAL 15/100] Starting evaluation...
2026-02-05 13:15:02,672 [WARNING] [rank=0] [MEMORY] Soglia memoria 1.0GB superata al processo 0/1
2026-02-05 13:15:30,266 [INFO] [rank=0] [TRAIN] Loss (circuito): 2.392897
2026-02-05 13:15:30,267 [INFO] [rank=0] [TRAIN] Loss (formula L=-2ln(mean_sqrt_p)): 2.367215
2026-02-05 13:15:30,269 [INFO] [rank=0] [TRAIN] PPL (exp(L)): 10.667638
2026-02-05 13:15:30,269 [INFO] [rank=0] [TRACKING] iter=15, loss=2.392897, best=2.244070, evals=15/100
2026-02-05 13:15:30,392 [INFO] [rank=0] [LOSS EVAL 16/100] Starting evaluation...
2026-02-05 13:15:30,395 [WARNING] [rank=0] [MEMORY] Soglia memoria 1.0GB superata al processo 0/1
2026-02-05 13:15:58,011 [INFO] [rank=0] [TRAIN] Loss (circuito): 2.240133
2026-02-05 13:15:58,011 [INFO] [rank=0] [TRAIN] Loss (formula L=-2ln(mean_sqrt_p)): 2.214124
2026-02-05 13:15:58,012 [INFO] [rank=0] [TRAIN] PPL (exp(L)): 9.153386
2026-02-05 13:15:58,015 [INFO] [rank=0] [TRACKER] New best! Loss=2.240133 at iter 16
2026-02-05 13:15:58,015 [INFO] [rank=0] [TRACKING] iter=16, loss=2.240133, best=2.240133, evals=16/100
2026-02-05 13:15:58,137 [INFO] [rank=0] [LOSS EVAL 17/100] Starting evaluation...
2026-02-05 13:15:58,140 [WARNING] [rank=0] [MEMORY] Soglia memoria 1.0GB superata al processo 0/1
2026-02-05 13:16:25,765 [INFO] [rank=0] [TRAIN] Loss (circuito): 2.135551
2026-02-05 13:16:25,766 [INFO] [rank=0] [TRAIN] Loss (formula L=-2ln(mean_sqrt_p)): 2.113479
2026-02-05 13:16:25,767 [INFO] [rank=0] [TRAIN] PPL (exp(L)): 8.276990
2026-02-05 13:16:25,771 [INFO] [rank=0] [TRACKER] New best! Loss=2.135551 at iter 17
2026-02-05 13:16:25,772 [INFO] [rank=0] [TRACKING] iter=17, loss=2.135551, best=2.135551, evals=17/100
2026-02-05 13:16:25,893 [INFO] [rank=0] [LOSS EVAL 18/100] Starting evaluation...
2026-02-05 13:16:25,896 [WARNING] [rank=0] [MEMORY] Soglia memoria 1.0GB superata al processo 0/1
2026-02-05 13:16:53,528 [INFO] [rank=0] [TRAIN] Loss (circuito): 2.229820
2026-02-05 13:16:53,529 [INFO] [rank=0] [TRAIN] Loss (formula L=-2ln(mean_sqrt_p)): 2.202755
2026-02-05 13:16:53,530 [INFO] [rank=0] [TRAIN] PPL (exp(L)): 9.049914
2026-02-05 13:16:53,531 [INFO] [rank=0] [TRACKING] iter=18, loss=2.229820, best=2.135551, evals=18/100
2026-02-05 13:16:53,655 [INFO] [rank=0] [LOSS EVAL 19/100] Starting evaluation...
2026-02-05 13:16:53,657 [WARNING] [rank=0] [MEMORY] Soglia memoria 1.0GB superata al processo 0/1
2026-02-05 13:17:21,284 [INFO] [rank=0] [TRAIN] Loss (circuito): 2.186140
2026-02-05 13:17:21,285 [INFO] [rank=0] [TRAIN] Loss (formula L=-2ln(mean_sqrt_p)): 2.162547
2026-02-05 13:17:21,286 [INFO] [rank=0] [TRAIN] PPL (exp(L)): 8.693252
2026-02-05 13:17:21,287 [INFO] [rank=0] [TRACKING] iter=19, loss=2.186140, best=2.135551, evals=19/100
2026-02-05 13:17:21,409 [INFO] [rank=0] [LOSS EVAL 20/100] Starting evaluation...
2026-02-05 13:17:21,411 [INFO] [rank=0] [PROJECTION] P matrix set: shape=(4, 1024), norm=116.4543
2026-02-05 13:17:21,412 [WARNING] [rank=0] [MEMORY] Soglia memoria 1.0GB superata al processo 0/1
2026-02-05 13:17:49,041 [INFO] [rank=0] [TRAIN] Loss (circuito): 2.216403
2026-02-05 13:17:49,043 [INFO] [rank=0] [TRAIN] Loss (formula L=-2ln(mean_sqrt_p)): 2.195519
2026-02-05 13:17:49,044 [INFO] [rank=0] [TRAIN] PPL (exp(L)): 8.984666
2026-02-05 13:17:49,044 [INFO] [rank=0] [TRACKING] iter=20, loss=2.216403, best=2.135551, evals=20/100
2026-02-05 13:17:49,168 [INFO] [rank=0] [LOSS EVAL 21/100] Starting evaluation...
2026-02-05 13:17:49,171 [WARNING] [rank=0] [MEMORY] Soglia memoria 1.0GB superata al processo 0/1
2026-02-05 13:18:16,814 [INFO] [rank=0] [TRAIN] Loss (circuito): 2.105152
2026-02-05 13:18:16,816 [INFO] [rank=0] [TRAIN] Loss (formula L=-2ln(mean_sqrt_p)): 2.087952
2026-02-05 13:18:16,817 [INFO] [rank=0] [TRAIN] PPL (exp(L)): 8.068376
2026-02-05 13:18:16,819 [INFO] [rank=0] [TRACKER] New best! Loss=2.105152 at iter 21
2026-02-05 13:18:16,820 [INFO] [rank=0] [TRACKING] iter=21, loss=2.105152, best=2.105152, evals=21/100
2026-02-05 13:18:16,942 [INFO] [rank=0] [LOSS EVAL 22/100] Starting evaluation...
2026-02-05 13:18:16,945 [WARNING] [rank=0] [MEMORY] Soglia memoria 1.0GB superata al processo 0/1
2026-02-05 13:18:44,594 [INFO] [rank=0] [TRAIN] Loss (circuito): 2.297571
2026-02-05 13:18:44,596 [INFO] [rank=0] [TRAIN] Loss (formula L=-2ln(mean_sqrt_p)): 2.276192
2026-02-05 13:18:44,597 [INFO] [rank=0] [TRAIN] PPL (exp(L)): 9.739519
2026-02-05 13:18:44,598 [INFO] [rank=0] [TRACKING] iter=22, loss=2.297571, best=2.105152, evals=22/100
2026-02-05 13:18:44,721 [INFO] [rank=0] [LOSS EVAL 23/100] Starting evaluation...
2026-02-05 13:18:44,724 [WARNING] [rank=0] [MEMORY] Soglia memoria 1.0GB superata al processo 0/1
2026-02-05 13:19:12,359 [INFO] [rank=0] [TRAIN] Loss (circuito): 2.369179
2026-02-05 13:19:12,360 [INFO] [rank=0] [TRAIN] Loss (formula L=-2ln(mean_sqrt_p)): 2.344843
2026-02-05 13:19:12,361 [INFO] [rank=0] [TRAIN] PPL (exp(L)): 10.431639
2026-02-05 13:19:12,361 [INFO] [rank=0] [TRACKING] iter=23, loss=2.369179, best=2.105152, evals=23/100
2026-02-05 13:19:12,486 [INFO] [rank=0] [LOSS EVAL 24/100] Starting evaluation...
2026-02-05 13:19:12,489 [WARNING] [rank=0] [MEMORY] Soglia memoria 1.0GB superata al processo 0/1
2026-02-05 13:19:40,133 [INFO] [rank=0] [TRAIN] Loss (circuito): 2.432873
2026-02-05 13:19:40,133 [INFO] [rank=0] [TRAIN] Loss (formula L=-2ln(mean_sqrt_p)): 2.408154
2026-02-05 13:19:40,134 [INFO] [rank=0] [TRAIN] PPL (exp(L)): 11.113426
2026-02-05 13:19:40,135 [INFO] [rank=0] [TRACKING] iter=24, loss=2.432873, best=2.105152, evals=24/100
2026-02-05 13:19:40,260 [INFO] [rank=0] [LOSS EVAL 25/100] Starting evaluation...
2026-02-05 13:19:40,262 [WARNING] [rank=0] [MEMORY] Soglia memoria 1.0GB superata al processo 0/1
2026-02-05 13:20:07,944 [INFO] [rank=0] [TRAIN] Loss (circuito): 2.273047
2026-02-05 13:20:07,945 [INFO] [rank=0] [TRAIN] Loss (formula L=-2ln(mean_sqrt_p)): 2.251718
2026-02-05 13:20:07,946 [INFO] [rank=0] [TRAIN] PPL (exp(L)): 9.504052
2026-02-05 13:20:07,946 [INFO] [rank=0] [TRACKING] iter=25, loss=2.273047, best=2.105152, evals=25/100
2026-02-05 13:20:08,071 [INFO] [rank=0] [LOSS EVAL 26/100] Starting evaluation...
2026-02-05 13:20:08,074 [WARNING] [rank=0] [MEMORY] Soglia memoria 1.0GB superata al processo 0/1
2026-02-05 13:20:35,736 [INFO] [rank=0] [TRAIN] Loss (circuito): 2.191696
2026-02-05 13:20:35,737 [INFO] [rank=0] [TRAIN] Loss (formula L=-2ln(mean_sqrt_p)): 2.171411
2026-02-05 13:20:35,739 [INFO] [rank=0] [TRAIN] PPL (exp(L)): 8.770654
2026-02-05 13:20:35,740 [INFO] [rank=0] [TRACKING] iter=26, loss=2.191696, best=2.105152, evals=26/100
2026-02-05 13:20:35,863 [INFO] [rank=0] [LOSS EVAL 27/100] Starting evaluation...
2026-02-05 13:20:35,866 [WARNING] [rank=0] [MEMORY] Soglia memoria 1.0GB superata al processo 0/1
2026-02-05 13:21:03,504 [INFO] [rank=0] [TRAIN] Loss (circuito): 2.270503
2026-02-05 13:21:03,507 [INFO] [rank=0] [TRAIN] Loss (formula L=-2ln(mean_sqrt_p)): 2.253097
2026-02-05 13:21:03,508 [INFO] [rank=0] [TRAIN] PPL (exp(L)): 9.517167
2026-02-05 13:21:03,511 [INFO] [rank=0] [TRACKING] iter=27, loss=2.270503, best=2.105152, evals=27/100
2026-02-05 13:21:03,632 [INFO] [rank=0] [LOSS EVAL 28/100] Starting evaluation...
2026-02-05 13:21:03,635 [WARNING] [rank=0] [MEMORY] Soglia memoria 1.0GB superata al processo 0/1
2026-02-05 13:21:31,323 [INFO] [rank=0] [TRAIN] Loss (circuito): 2.157300
2026-02-05 13:21:31,324 [INFO] [rank=0] [TRAIN] Loss (formula L=-2ln(mean_sqrt_p)): 2.137505
2026-02-05 13:21:31,326 [INFO] [rank=0] [TRAIN] PPL (exp(L)): 8.478257
2026-02-05 13:21:31,326 [INFO] [rank=0] [TRACKING] iter=28, loss=2.157300, best=2.105152, evals=28/100
2026-02-05 13:21:31,450 [INFO] [rank=0] [LOSS EVAL 29/100] Starting evaluation...
2026-02-05 13:21:31,452 [WARNING] [rank=0] [MEMORY] Soglia memoria 1.0GB superata al processo 0/1
2026-02-05 13:22:00,300 [INFO] [rank=0] [TRAIN] Loss (circuito): 2.146030
2026-02-05 13:22:00,301 [INFO] [rank=0] [TRAIN] Loss (formula L=-2ln(mean_sqrt_p)): 2.128823
2026-02-05 13:22:00,302 [INFO] [rank=0] [TRAIN] PPL (exp(L)): 8.404971
2026-02-05 13:22:00,302 [INFO] [rank=0] [TRACKING] iter=29, loss=2.146030, best=2.105152, evals=29/100
2026-02-05 13:22:00,428 [INFO] [rank=0] [LOSS EVAL 30/100] Starting evaluation...
2026-02-05 13:22:00,431 [INFO] [rank=0] [PROJECTION] P matrix set: shape=(4, 1024), norm=116.4543
2026-02-05 13:22:00,431 [WARNING] [rank=0] [MEMORY] Soglia memoria 1.0GB superata al processo 0/1
2026-02-05 13:22:28,186 [INFO] [rank=0] [TRAIN] Loss (circuito): 2.217054
2026-02-05 13:22:28,188 [INFO] [rank=0] [TRAIN] Loss (formula L=-2ln(mean_sqrt_p)): 2.201512
2026-02-05 13:22:28,190 [INFO] [rank=0] [TRAIN] PPL (exp(L)): 9.038666
2026-02-05 13:22:28,191 [INFO] [rank=0] [TRACKING] iter=30, loss=2.217054, best=2.105152, evals=30/100
2026-02-05 13:22:28,313 [INFO] [rank=0] [LOSS EVAL 31/100] Starting evaluation...
2026-02-05 13:22:28,316 [WARNING] [rank=0] [MEMORY] Soglia memoria 1.0GB superata al processo 0/1
2026-02-05 13:22:55,996 [INFO] [rank=0] [TRAIN] Loss (circuito): 2.190306
2026-02-05 13:22:55,998 [INFO] [rank=0] [TRAIN] Loss (formula L=-2ln(mean_sqrt_p)): 2.170693
2026-02-05 13:22:55,999 [INFO] [rank=0] [TRAIN] PPL (exp(L)): 8.764359
2026-02-05 13:22:56,000 [INFO] [rank=0] [TRACKING] iter=31, loss=2.190306, best=2.105152, evals=31/100
2026-02-05 13:22:56,123 [INFO] [rank=0] [LOSS EVAL 32/100] Starting evaluation...
2026-02-05 13:22:56,126 [WARNING] [rank=0] [MEMORY] Soglia memoria 1.0GB superata al processo 0/1
2026-02-05 13:23:23,830 [INFO] [rank=0] [TRAIN] Loss (circuito): 2.460737
2026-02-05 13:23:23,832 [INFO] [rank=0] [TRAIN] Loss (formula L=-2ln(mean_sqrt_p)): 2.443257
2026-02-05 13:23:23,832 [INFO] [rank=0] [TRAIN] PPL (exp(L)): 11.510467
2026-02-05 13:23:23,833 [INFO] [rank=0] [TRACKING] iter=32, loss=2.460737, best=2.105152, evals=32/100
2026-02-05 13:23:23,957 [INFO] [rank=0] [LOSS EVAL 33/100] Starting evaluation...
2026-02-05 13:23:23,959 [WARNING] [rank=0] [MEMORY] Soglia memoria 1.0GB superata al processo 0/1
2026-02-05 13:23:51,733 [INFO] [rank=0] [TRAIN] Loss (circuito): 2.199766
2026-02-05 13:23:51,735 [INFO] [rank=0] [TRAIN] Loss (formula L=-2ln(mean_sqrt_p)): 2.181746
2026-02-05 13:23:51,735 [INFO] [rank=0] [TRAIN] PPL (exp(L)): 8.861764
2026-02-05 13:23:51,736 [INFO] [rank=0] [TRACKING] iter=33, loss=2.199766, best=2.105152, evals=33/100
2026-02-05 13:23:51,859 [INFO] [rank=0] [LOSS EVAL 34/100] Starting evaluation...
2026-02-05 13:23:51,862 [WARNING] [rank=0] [MEMORY] Soglia memoria 1.0GB superata al processo 0/1
2026-02-05 13:24:19,576 [INFO] [rank=0] [TRAIN] Loss (circuito): 2.022396
2026-02-05 13:24:19,579 [INFO] [rank=0] [TRAIN] Loss (formula L=-2ln(mean_sqrt_p)): 2.005710
2026-02-05 13:24:19,580 [INFO] [rank=0] [TRAIN] PPL (exp(L)): 7.431372
2026-02-05 13:24:19,582 [INFO] [rank=0] [TRACKER] New best! Loss=2.022396 at iter 34
2026-02-05 13:24:19,584 [INFO] [rank=0] [TRACKING] iter=34, loss=2.022396, best=2.022396, evals=34/100
2026-02-05 13:24:19,703 [INFO] [rank=0] [LOSS EVAL 35/100] Starting evaluation...
2026-02-05 13:24:19,706 [WARNING] [rank=0] [MEMORY] Soglia memoria 1.0GB superata al processo 0/1
2026-02-05 13:24:47,444 [INFO] [rank=0] [TRAIN] Loss (circuito): 2.382731
2026-02-05 13:24:47,445 [INFO] [rank=0] [TRAIN] Loss (formula L=-2ln(mean_sqrt_p)): 2.354643
2026-02-05 13:24:47,446 [INFO] [rank=0] [TRAIN] PPL (exp(L)): 10.534372
2026-02-05 13:24:47,448 [INFO] [rank=0] [TRACKING] iter=35, loss=2.382731, best=2.022396, evals=35/100
2026-02-05 13:24:47,572 [INFO] [rank=0] [LOSS EVAL 36/100] Starting evaluation...
2026-02-05 13:24:47,575 [WARNING] [rank=0] [MEMORY] Soglia memoria 1.0GB superata al processo 0/1
2026-02-05 13:25:15,316 [INFO] [rank=0] [TRAIN] Loss (circuito): 2.012002
2026-02-05 13:25:15,317 [INFO] [rank=0] [TRAIN] Loss (formula L=-2ln(mean_sqrt_p)): 1.996207
2026-02-05 13:25:15,317 [INFO] [rank=0] [TRAIN] PPL (exp(L)): 7.361082
2026-02-05 13:25:15,320 [INFO] [rank=0] [TRACKER] New best! Loss=2.012002 at iter 36
2026-02-05 13:25:15,321 [INFO] [rank=0] [TRACKING] iter=36, loss=2.012002, best=2.012002, evals=36/100
2026-02-05 13:25:15,444 [INFO] [rank=0] [LOSS EVAL 37/100] Starting evaluation...
2026-02-05 13:25:15,447 [WARNING] [rank=0] [MEMORY] Soglia memoria 1.0GB superata al processo 0/1
2026-02-05 13:25:43,169 [INFO] [rank=0] [TRAIN] Loss (circuito): 2.155789
2026-02-05 13:25:43,171 [INFO] [rank=0] [TRAIN] Loss (formula L=-2ln(mean_sqrt_p)): 2.140066
2026-02-05 13:25:43,172 [INFO] [rank=0] [TRAIN] PPL (exp(L)): 8.499998
2026-02-05 13:25:43,173 [INFO] [rank=0] [TRACKING] iter=37, loss=2.155789, best=2.012002, evals=37/100
2026-02-05 13:25:43,296 [INFO] [rank=0] [LOSS EVAL 38/100] Starting evaluation...
2026-02-05 13:25:43,299 [WARNING] [rank=0] [MEMORY] Soglia memoria 1.0GB superata al processo 0/1
2026-02-05 13:26:11,057 [INFO] [rank=0] [TRAIN] Loss (circuito): 2.032697
2026-02-05 13:26:11,059 [INFO] [rank=0] [TRAIN] Loss (formula L=-2ln(mean_sqrt_p)): 2.015628
2026-02-05 13:26:11,060 [INFO] [rank=0] [TRAIN] PPL (exp(L)): 7.505440
2026-02-05 13:26:11,061 [INFO] [rank=0] [TRACKING] iter=38, loss=2.032697, best=2.012002, evals=38/100
2026-02-05 13:26:11,184 [INFO] [rank=0] [LOSS EVAL 39/100] Starting evaluation...
2026-02-05 13:26:11,187 [WARNING] [rank=0] [MEMORY] Soglia memoria 1.0GB superata al processo 0/1
2026-02-05 13:26:38,913 [INFO] [rank=0] [TRAIN] Loss (circuito): 2.185658
2026-02-05 13:26:38,915 [INFO] [rank=0] [TRAIN] Loss (formula L=-2ln(mean_sqrt_p)): 2.167156
2026-02-05 13:26:38,916 [INFO] [rank=0] [TRAIN] PPL (exp(L)): 8.733414
2026-02-05 13:26:38,916 [INFO] [rank=0] [TRACKING] iter=39, loss=2.185658, best=2.012002, evals=39/100
2026-02-05 13:26:39,040 [INFO] [rank=0] [LOSS EVAL 40/100] Starting evaluation...
2026-02-05 13:26:39,043 [INFO] [rank=0] [PROJECTION] P matrix set: shape=(4, 1024), norm=116.4543
2026-02-05 13:26:39,043 [WARNING] [rank=0] [MEMORY] Soglia memoria 1.0GB superata al processo 0/1
2026-02-05 13:27:06,786 [INFO] [rank=0] [TRAIN] Loss (circuito): 1.970724
2026-02-05 13:27:06,787 [INFO] [rank=0] [TRAIN] Loss (formula L=-2ln(mean_sqrt_p)): 1.952302
2026-02-05 13:27:06,788 [INFO] [rank=0] [TRAIN] PPL (exp(L)): 7.044888
2026-02-05 13:27:06,791 [INFO] [rank=0] [TRACKER] New best! Loss=1.970724 at iter 40
2026-02-05 13:27:06,791 [INFO] [rank=0] [TRACKING] iter=40, loss=1.970724, best=1.970724, evals=40/100
2026-02-05 13:27:06,914 [INFO] [rank=0] [LOSS EVAL 41/100] Starting evaluation...
2026-02-05 13:27:06,916 [WARNING] [rank=0] [MEMORY] Soglia memoria 1.0GB superata al processo 0/1
2026-02-05 13:27:34,662 [INFO] [rank=0] [TRAIN] Loss (circuito): 2.083119
2026-02-05 13:27:34,664 [INFO] [rank=0] [TRAIN] Loss (formula L=-2ln(mean_sqrt_p)): 2.061280
2026-02-05 13:27:34,666 [INFO] [rank=0] [TRAIN] PPL (exp(L)): 7.856021
2026-02-05 13:27:34,667 [INFO] [rank=0] [TRACKING] iter=41, loss=2.083119, best=1.970724, evals=41/100
2026-02-05 13:27:34,790 [INFO] [rank=0] [LOSS EVAL 42/100] Starting evaluation...
2026-02-05 13:27:34,793 [WARNING] [rank=0] [MEMORY] Soglia memoria 1.0GB superata al processo 0/1
2026-02-05 13:28:02,548 [INFO] [rank=0] [TRAIN] Loss (circuito): 2.097361
2026-02-05 13:28:02,550 [INFO] [rank=0] [TRAIN] Loss (formula L=-2ln(mean_sqrt_p)): 2.076695
2026-02-05 13:28:02,552 [INFO] [rank=0] [TRAIN] PPL (exp(L)): 7.978056
2026-02-05 13:28:02,552 [INFO] [rank=0] [TRACKING] iter=42, loss=2.097361, best=1.970724, evals=42/100
2026-02-05 13:28:02,676 [INFO] [rank=0] [LOSS EVAL 43/100] Starting evaluation...
2026-02-05 13:28:02,679 [WARNING] [rank=0] [MEMORY] Soglia memoria 1.0GB superata al processo 0/1
2026-02-05 13:28:30,422 [INFO] [rank=0] [TRAIN] Loss (circuito): 1.952638
2026-02-05 13:28:30,426 [INFO] [rank=0] [TRAIN] Loss (formula L=-2ln(mean_sqrt_p)): 1.933983
2026-02-05 13:28:30,426 [INFO] [rank=0] [TRAIN] PPL (exp(L)): 6.917004
2026-02-05 13:28:30,429 [INFO] [rank=0] [TRACKER] New best! Loss=1.952638 at iter 43
2026-02-05 13:28:30,429 [INFO] [rank=0] [TRACKING] iter=43, loss=1.952638, best=1.952638, evals=43/100
2026-02-05 13:28:30,552 [INFO] [rank=0] [LOSS EVAL 44/100] Starting evaluation...
2026-02-05 13:28:30,555 [WARNING] [rank=0] [MEMORY] Soglia memoria 1.0GB superata al processo 0/1
2026-02-05 13:28:58,325 [INFO] [rank=0] [TRAIN] Loss (circuito): 2.173834
2026-02-05 13:28:58,325 [INFO] [rank=0] [TRAIN] Loss (formula L=-2ln(mean_sqrt_p)): 2.151557
2026-02-05 13:28:58,328 [INFO] [rank=0] [TRAIN] PPL (exp(L)): 8.598238
2026-02-05 13:28:58,328 [INFO] [rank=0] [TRACKING] iter=44, loss=2.173834, best=1.952638, evals=44/100
2026-02-05 13:28:58,452 [INFO] [rank=0] [LOSS EVAL 45/100] Starting evaluation...
2026-02-05 13:28:58,455 [WARNING] [rank=0] [MEMORY] Soglia memoria 1.0GB superata al processo 0/1
2026-02-05 13:29:26,200 [INFO] [rank=0] [TRAIN] Loss (circuito): 1.976274
2026-02-05 13:29:26,202 [INFO] [rank=0] [TRAIN] Loss (formula L=-2ln(mean_sqrt_p)): 1.959716
2026-02-05 13:29:26,202 [INFO] [rank=0] [TRAIN] PPL (exp(L)): 7.097314
2026-02-05 13:29:26,203 [INFO] [rank=0] [TRACKING] iter=45, loss=1.976274, best=1.952638, evals=45/100
2026-02-05 13:29:26,328 [INFO] [rank=0] [LOSS EVAL 46/100] Starting evaluation...
2026-02-05 13:29:26,330 [WARNING] [rank=0] [MEMORY] Soglia memoria 1.0GB superata al processo 0/1
2026-02-05 13:29:54,115 [INFO] [rank=0] [TRAIN] Loss (circuito): 2.173846
2026-02-05 13:29:54,116 [INFO] [rank=0] [TRAIN] Loss (formula L=-2ln(mean_sqrt_p)): 2.150092
2026-02-05 13:29:54,117 [INFO] [rank=0] [TRAIN] PPL (exp(L)): 8.585645
2026-02-05 13:29:54,118 [INFO] [rank=0] [TRACKING] iter=46, loss=2.173846, best=1.952638, evals=46/100
2026-02-05 13:29:54,244 [INFO] [rank=0] [LOSS EVAL 47/100] Starting evaluation...
2026-02-05 13:29:54,247 [WARNING] [rank=0] [MEMORY] Soglia memoria 1.0GB superata al processo 0/1
2026-02-05 13:30:22,023 [INFO] [rank=0] [TRAIN] Loss (circuito): 2.085429
2026-02-05 13:30:22,024 [INFO] [rank=0] [TRAIN] Loss (formula L=-2ln(mean_sqrt_p)): 2.067716
2026-02-05 13:30:22,026 [INFO] [rank=0] [TRAIN] PPL (exp(L)): 7.906746
2026-02-05 13:30:22,027 [INFO] [rank=0] [TRACKING] iter=47, loss=2.085429, best=1.952638, evals=47/100
2026-02-05 13:30:22,150 [INFO] [rank=0] [LOSS EVAL 48/100] Starting evaluation...
2026-02-05 13:30:22,153 [WARNING] [rank=0] [MEMORY] Soglia memoria 1.0GB superata al processo 0/1
2026-02-05 13:30:49,946 [INFO] [rank=0] [TRAIN] Loss (circuito): 2.077098
2026-02-05 13:30:49,947 [INFO] [rank=0] [TRAIN] Loss (formula L=-2ln(mean_sqrt_p)): 2.057399
2026-02-05 13:30:49,950 [INFO] [rank=0] [TRAIN] PPL (exp(L)): 7.825592
2026-02-05 13:30:49,950 [INFO] [rank=0] [TRACKING] iter=48, loss=2.077098, best=1.952638, evals=48/100
2026-02-05 13:30:50,075 [INFO] [rank=0] [LOSS EVAL 49/100] Starting evaluation...
2026-02-05 13:30:50,078 [WARNING] [rank=0] [MEMORY] Soglia memoria 1.0GB superata al processo 0/1
2026-02-05 13:31:17,868 [INFO] [rank=0] [TRAIN] Loss (circuito): 2.038166
2026-02-05 13:31:17,869 [INFO] [rank=0] [TRAIN] Loss (formula L=-2ln(mean_sqrt_p)): 2.020165
2026-02-05 13:31:17,870 [INFO] [rank=0] [TRAIN] PPL (exp(L)): 7.539571
2026-02-05 13:31:17,870 [INFO] [rank=0] [TRACKING] iter=49, loss=2.038166, best=1.952638, evals=49/100
2026-02-05 13:31:17,996 [INFO] [rank=0] [LOSS EVAL 50/100] Starting evaluation...
2026-02-05 13:31:17,999 [INFO] [rank=0] [PROJECTION] P matrix set: shape=(4, 1024), norm=116.4543
2026-02-05 13:31:17,999 [WARNING] [rank=0] [MEMORY] Soglia memoria 1.0GB superata al processo 0/1
2026-02-05 13:31:45,834 [INFO] [rank=0] [TRAIN] Loss (circuito): 2.106937
2026-02-05 13:31:45,835 [INFO] [rank=0] [TRAIN] Loss (formula L=-2ln(mean_sqrt_p)): 2.086796
2026-02-05 13:31:45,835 [INFO] [rank=0] [TRAIN] PPL (exp(L)): 8.059050
2026-02-05 13:31:45,835 [INFO] [rank=0] [TRACKING] iter=50, loss=2.106937, best=1.952638, evals=50/100
2026-02-05 13:31:45,962 [INFO] [rank=0] [LOSS EVAL 51/100] Starting evaluation...
2026-02-05 13:31:45,964 [WARNING] [rank=0] [MEMORY] Soglia memoria 1.0GB superata al processo 0/1
2026-02-05 13:32:13,760 [INFO] [rank=0] [TRAIN] Loss (circuito): 2.011930
2026-02-05 13:32:13,761 [INFO] [rank=0] [TRAIN] Loss (formula L=-2ln(mean_sqrt_p)): 1.992933
2026-02-05 13:32:13,762 [INFO] [rank=0] [TRAIN] PPL (exp(L)): 7.337022
2026-02-05 13:32:13,763 [INFO] [rank=0] [TRACKING] iter=51, loss=2.011930, best=1.952638, evals=51/100
2026-02-05 13:32:13,888 [INFO] [rank=0] [LOSS EVAL 52/100] Starting evaluation...
2026-02-05 13:32:13,891 [WARNING] [rank=0] [MEMORY] Soglia memoria 1.0GB superata al processo 0/1
2026-02-05 13:32:41,699 [INFO] [rank=0] [TRAIN] Loss (circuito): 2.112797
2026-02-05 13:32:41,701 [INFO] [rank=0] [TRAIN] Loss (formula L=-2ln(mean_sqrt_p)): 2.091897
2026-02-05 13:32:41,703 [INFO] [rank=0] [TRAIN] PPL (exp(L)): 8.100266
2026-02-05 13:32:41,703 [INFO] [rank=0] [TRACKING] iter=52, loss=2.112797, best=1.952638, evals=52/100
2026-02-05 13:32:41,828 [INFO] [rank=0] [LOSS EVAL 53/100] Starting evaluation...
2026-02-05 13:32:41,830 [WARNING] [rank=0] [MEMORY] Soglia memoria 1.0GB superata al processo 0/1
2026-02-05 13:33:09,607 [INFO] [rank=0] [TRAIN] Loss (circuito): 1.908170
2026-02-05 13:33:09,609 [INFO] [rank=0] [TRAIN] Loss (formula L=-2ln(mean_sqrt_p)): 1.891584
2026-02-05 13:33:09,610 [INFO] [rank=0] [TRAIN] PPL (exp(L)): 6.629865
2026-02-05 13:33:09,613 [INFO] [rank=0] [TRACKER] New best! Loss=1.908170 at iter 53
2026-02-05 13:33:09,614 [INFO] [rank=0] [TRACKING] iter=53, loss=1.908170, best=1.908170, evals=53/100
2026-02-05 13:33:09,736 [INFO] [rank=0] [LOSS EVAL 54/100] Starting evaluation...
2026-02-05 13:33:09,738 [WARNING] [rank=0] [MEMORY] Soglia memoria 1.0GB superata al processo 0/1
2026-02-05 13:33:37,518 [INFO] [rank=0] [TRAIN] Loss (circuito): 1.905879
2026-02-05 13:33:37,520 [INFO] [rank=0] [TRAIN] Loss (formula L=-2ln(mean_sqrt_p)): 1.889929
2026-02-05 13:33:37,521 [INFO] [rank=0] [TRAIN] PPL (exp(L)): 6.618898
2026-02-05 13:33:37,523 [INFO] [rank=0] [TRACKER] New best! Loss=1.905879 at iter 54
2026-02-05 13:33:37,524 [INFO] [rank=0] [TRACKING] iter=54, loss=1.905879, best=1.905879, evals=54/100
2026-02-05 13:33:37,648 [INFO] [rank=0] [LOSS EVAL 55/100] Starting evaluation...
2026-02-05 13:33:37,651 [WARNING] [rank=0] [MEMORY] Soglia memoria 1.0GB superata al processo 0/1
2026-02-05 13:34:05,444 [INFO] [rank=0] [TRAIN] Loss (circuito): 1.915441
2026-02-05 13:34:05,445 [INFO] [rank=0] [TRAIN] Loss (formula L=-2ln(mean_sqrt_p)): 1.897349
2026-02-05 13:34:05,445 [INFO] [rank=0] [TRAIN] PPL (exp(L)): 6.668193
2026-02-05 13:34:05,446 [INFO] [rank=0] [TRACKING] iter=55, loss=1.915441, best=1.905879, evals=55/100
2026-02-05 13:34:05,572 [INFO] [rank=0] [LOSS EVAL 56/100] Starting evaluation...
2026-02-05 13:34:05,574 [WARNING] [rank=0] [MEMORY] Soglia memoria 1.0GB superata al processo 0/1
2026-02-05 13:34:33,381 [INFO] [rank=0] [TRAIN] Loss (circuito): 2.042182
2026-02-05 13:34:33,381 [INFO] [rank=0] [TRAIN] Loss (formula L=-2ln(mean_sqrt_p)): 2.023607
2026-02-05 13:34:33,382 [INFO] [rank=0] [TRAIN] PPL (exp(L)): 7.565563
2026-02-05 13:34:33,383 [INFO] [rank=0] [TRACKING] iter=56, loss=2.042182, best=1.905879, evals=56/100
2026-02-05 13:34:33,510 [INFO] [rank=0] [LOSS EVAL 57/100] Starting evaluation...
2026-02-05 13:34:33,512 [WARNING] [rank=0] [MEMORY] Soglia memoria 1.0GB superata al processo 0/1
2026-02-05 13:35:01,320 [INFO] [rank=0] [TRAIN] Loss (circuito): 2.108111
2026-02-05 13:35:01,322 [INFO] [rank=0] [TRAIN] Loss (formula L=-2ln(mean_sqrt_p)): 2.090064
2026-02-05 13:35:01,323 [INFO] [rank=0] [TRAIN] PPL (exp(L)): 8.085434
2026-02-05 13:35:01,325 [INFO] [rank=0] [TRACKING] iter=57, loss=2.108111, best=1.905879, evals=57/100
2026-02-05 13:35:01,448 [INFO] [rank=0] [LOSS EVAL 58/100] Starting evaluation...
2026-02-05 13:35:01,450 [WARNING] [rank=0] [MEMORY] Soglia memoria 1.0GB superata al processo 0/1
2026-02-05 13:35:29,251 [INFO] [rank=0] [TRAIN] Loss (circuito): 2.087642
2026-02-05 13:35:29,252 [INFO] [rank=0] [TRAIN] Loss (formula L=-2ln(mean_sqrt_p)): 2.070256
2026-02-05 13:35:29,254 [INFO] [rank=0] [TRAIN] PPL (exp(L)): 7.926853
2026-02-05 13:35:29,256 [INFO] [rank=0] [TRACKING] iter=58, loss=2.087642, best=1.905879, evals=58/100
2026-02-05 13:35:29,381 [INFO] [rank=0] [LOSS EVAL 59/100] Starting evaluation...
2026-02-05 13:35:29,383 [WARNING] [rank=0] [MEMORY] Soglia memoria 1.0GB superata al processo 0/1
2026-02-05 13:35:57,201 [INFO] [rank=0] [TRAIN] Loss (circuito): 1.951372
2026-02-05 13:35:57,202 [INFO] [rank=0] [TRAIN] Loss (formula L=-2ln(mean_sqrt_p)): 1.934445
2026-02-05 13:35:57,203 [INFO] [rank=0] [TRAIN] PPL (exp(L)): 6.920203
2026-02-05 13:35:57,205 [INFO] [rank=0] [TRACKING] iter=59, loss=1.951372, best=1.905879, evals=59/100
2026-02-05 13:35:57,330 [INFO] [rank=0] [LOSS EVAL 60/100] Starting evaluation...
2026-02-05 13:35:57,333 [INFO] [rank=0] [PROJECTION] P matrix set: shape=(4, 1024), norm=116.4543
2026-02-05 13:35:57,333 [WARNING] [rank=0] [MEMORY] Soglia memoria 1.0GB superata al processo 0/1
2026-02-05 13:36:25,150 [INFO] [rank=0] [TRAIN] Loss (circuito): 1.791371
2026-02-05 13:36:25,152 [INFO] [rank=0] [TRAIN] Loss (formula L=-2ln(mean_sqrt_p)): 1.778408
2026-02-05 13:36:25,153 [INFO] [rank=0] [TRAIN] PPL (exp(L)): 5.920421
2026-02-05 13:36:25,156 [INFO] [rank=0] [TRACKER] New best! Loss=1.791371 at iter 60
2026-02-05 13:36:25,157 [INFO] [rank=0] [TRACKING] iter=60, loss=1.791371, best=1.791371, evals=60/100
2026-02-05 13:36:25,280 [INFO] [rank=0] [LOSS EVAL 61/100] Starting evaluation...
2026-02-05 13:36:25,283 [WARNING] [rank=0] [MEMORY] Soglia memoria 1.0GB superata al processo 0/1
2026-02-05 13:36:53,132 [INFO] [rank=0] [TRAIN] Loss (circuito): 1.848042
2026-02-05 13:36:53,133 [INFO] [rank=0] [TRAIN] Loss (formula L=-2ln(mean_sqrt_p)): 1.834303
2026-02-05 13:36:53,135 [INFO] [rank=0] [TRAIN] PPL (exp(L)): 6.260769
2026-02-05 13:36:53,136 [INFO] [rank=0] [TRACKING] iter=61, loss=1.848042, best=1.791371, evals=61/100
2026-02-05 13:36:53,262 [INFO] [rank=0] [LOSS EVAL 62/100] Starting evaluation...
2026-02-05 13:36:53,264 [WARNING] [rank=0] [MEMORY] Soglia memoria 1.0GB superata al processo 0/1
2026-02-05 13:37:21,136 [INFO] [rank=0] [TRAIN] Loss (circuito): 2.121215
2026-02-05 13:37:21,137 [INFO] [rank=0] [TRAIN] Loss (formula L=-2ln(mean_sqrt_p)): 2.105118
2026-02-05 13:37:21,137 [INFO] [rank=0] [TRAIN] PPL (exp(L)): 8.208071
2026-02-05 13:37:21,139 [INFO] [rank=0] [TRACKING] iter=62, loss=2.121215, best=1.791371, evals=62/100
2026-02-05 13:37:21,266 [INFO] [rank=0] [LOSS EVAL 63/100] Starting evaluation...
2026-02-05 13:37:21,268 [WARNING] [rank=0] [MEMORY] Soglia memoria 1.0GB superata al processo 0/1
2026-02-05 13:37:49,088 [INFO] [rank=0] [TRAIN] Loss (circuito): 1.809171
2026-02-05 13:37:49,090 [INFO] [rank=0] [TRAIN] Loss (formula L=-2ln(mean_sqrt_p)): 1.796956
2026-02-05 13:37:49,091 [INFO] [rank=0] [TRAIN] PPL (exp(L)): 6.031263
2026-02-05 13:37:49,092 [INFO] [rank=0] [TRACKING] iter=63, loss=1.809171, best=1.791371, evals=63/100
2026-02-05 13:37:49,217 [INFO] [rank=0] [LOSS EVAL 64/100] Starting evaluation...
2026-02-05 13:37:49,220 [WARNING] [rank=0] [MEMORY] Soglia memoria 1.0GB superata al processo 0/1
2026-02-05 13:38:17,043 [INFO] [rank=0] [TRAIN] Loss (circuito): 1.805671
2026-02-05 13:38:17,044 [INFO] [rank=0] [TRAIN] Loss (formula L=-2ln(mean_sqrt_p)): 1.792456
2026-02-05 13:38:17,044 [INFO] [rank=0] [TRAIN] PPL (exp(L)): 6.004180
2026-02-05 13:38:17,046 [INFO] [rank=0] [TRACKING] iter=64, loss=1.805671, best=1.791371, evals=64/100
2026-02-05 13:38:17,173 [INFO] [rank=0] [LOSS EVAL 65/100] Starting evaluation...
2026-02-05 13:38:17,176 [WARNING] [rank=0] [MEMORY] Soglia memoria 1.0GB superata al processo 0/1
2026-02-05 13:38:45,033 [INFO] [rank=0] [TRAIN] Loss (circuito): 1.990990
2026-02-05 13:38:45,035 [INFO] [rank=0] [TRAIN] Loss (formula L=-2ln(mean_sqrt_p)): 1.976938
2026-02-05 13:38:45,036 [INFO] [rank=0] [TRAIN] PPL (exp(L)): 7.220599
2026-02-05 13:38:45,036 [INFO] [rank=0] [TRACKING] iter=65, loss=1.990990, best=1.791371, evals=65/100
2026-02-05 13:38:45,164 [INFO] [rank=0] [LOSS EVAL 66/100] Starting evaluation...
2026-02-05 13:38:45,167 [WARNING] [rank=0] [MEMORY] Soglia memoria 1.0GB superata al processo 0/1
2026-02-05 13:39:13,008 [INFO] [rank=0] [TRAIN] Loss (circuito): 1.870065
2026-02-05 13:39:13,009 [INFO] [rank=0] [TRAIN] Loss (formula L=-2ln(mean_sqrt_p)): 1.857371
2026-02-05 13:39:13,011 [INFO] [rank=0] [TRAIN] PPL (exp(L)): 6.406869
2026-02-05 13:39:13,011 [INFO] [rank=0] [TRACKING] iter=66, loss=1.870065, best=1.791371, evals=66/100
2026-02-05 13:39:13,139 [INFO] [rank=0] [LOSS EVAL 67/100] Starting evaluation...
2026-02-05 13:39:13,142 [WARNING] [rank=0] [MEMORY] Soglia memoria 1.0GB superata al processo 0/1
2026-02-05 13:39:40,965 [INFO] [rank=0] [TRAIN] Loss (circuito): 1.757588
2026-02-05 13:39:40,968 [INFO] [rank=0] [TRAIN] Loss (formula L=-2ln(mean_sqrt_p)): 1.742468
2026-02-05 13:39:40,968 [INFO] [rank=0] [TRAIN] PPL (exp(L)): 5.711423
2026-02-05 13:39:40,971 [INFO] [rank=0] [TRACKER] New best! Loss=1.757588 at iter 67
2026-02-05 13:39:40,971 [INFO] [rank=0] [TRACKING] iter=67, loss=1.757588, best=1.757588, evals=67/100
2026-02-05 13:39:41,097 [INFO] [rank=0] [LOSS EVAL 68/100] Starting evaluation...
2026-02-05 13:39:41,099 [WARNING] [rank=0] [MEMORY] Soglia memoria 1.0GB superata al processo 0/1
2026-02-05 13:40:08,949 [INFO] [rank=0] [TRAIN] Loss (circuito): 1.721759
2026-02-05 13:40:08,951 [INFO] [rank=0] [TRAIN] Loss (formula L=-2ln(mean_sqrt_p)): 1.706885
2026-02-05 13:40:08,951 [INFO] [rank=0] [TRAIN] PPL (exp(L)): 5.511768
2026-02-05 13:40:08,953 [INFO] [rank=0] [TRACKER] New best! Loss=1.721759 at iter 68
2026-02-05 13:40:08,955 [INFO] [rank=0] [TRACKING] iter=68, loss=1.721759, best=1.721759, evals=68/100
2026-02-05 13:40:09,081 [INFO] [rank=0] [LOSS EVAL 69/100] Starting evaluation...
2026-02-05 13:40:09,083 [WARNING] [rank=0] [MEMORY] Soglia memoria 1.0GB superata al processo 0/1
2026-02-05 13:40:36,916 [INFO] [rank=0] [TRAIN] Loss (circuito): 1.974692
2026-02-05 13:40:36,916 [INFO] [rank=0] [TRAIN] Loss (formula L=-2ln(mean_sqrt_p)): 1.957144
2026-02-05 13:40:36,917 [INFO] [rank=0] [TRAIN] PPL (exp(L)): 7.079083
2026-02-05 13:40:36,917 [INFO] [rank=0] [TRACKING] iter=69, loss=1.974692, best=1.721759, evals=69/100
2026-02-05 13:40:37,046 [INFO] [rank=0] [LOSS EVAL 70/100] Starting evaluation...
2026-02-05 13:40:37,048 [INFO] [rank=0] [PROJECTION] P matrix set: shape=(4, 1024), norm=116.4543
2026-02-05 13:40:37,048 [WARNING] [rank=0] [MEMORY] Soglia memoria 1.0GB superata al processo 0/1
2026-02-05 13:41:04,900 [INFO] [rank=0] [TRAIN] Loss (circuito): 1.984463
2026-02-05 13:41:04,901 [INFO] [rank=0] [TRAIN] Loss (formula L=-2ln(mean_sqrt_p)): 1.965854
2026-02-05 13:41:04,902 [INFO] [rank=0] [TRAIN] PPL (exp(L)): 7.141006
2026-02-05 13:41:04,903 [INFO] [rank=0] [TRACKING] iter=70, loss=1.984463, best=1.721759, evals=70/100
2026-02-05 13:41:05,030 [INFO] [rank=0] [LOSS EVAL 71/100] Starting evaluation...
2026-02-05 13:41:05,032 [WARNING] [rank=0] [MEMORY] Soglia memoria 1.0GB superata al processo 0/1
2026-02-05 13:41:32,886 [INFO] [rank=0] [TRAIN] Loss (circuito): 1.793601
2026-02-05 13:41:32,887 [INFO] [rank=0] [TRAIN] Loss (formula L=-2ln(mean_sqrt_p)): 1.777315
2026-02-05 13:41:32,888 [INFO] [rank=0] [TRAIN] PPL (exp(L)): 5.913959
2026-02-05 13:41:32,889 [INFO] [rank=0] [TRACKING] iter=71, loss=1.793601, best=1.721759, evals=71/100
2026-02-05 13:41:33,017 [INFO] [rank=0] [LOSS EVAL 72/100] Starting evaluation...
2026-02-05 13:41:33,020 [WARNING] [rank=0] [MEMORY] Soglia memoria 1.0GB superata al processo 0/1
2026-02-05 13:42:00,876 [INFO] [rank=0] [TRAIN] Loss (circuito): 1.882997
2026-02-05 13:42:00,877 [INFO] [rank=0] [TRAIN] Loss (formula L=-2ln(mean_sqrt_p)): 1.864336
2026-02-05 13:42:00,879 [INFO] [rank=0] [TRAIN] PPL (exp(L)): 6.451649
2026-02-05 13:42:00,880 [INFO] [rank=0] [TRACKING] iter=72, loss=1.882997, best=1.721759, evals=72/100
2026-02-05 13:42:01,007 [INFO] [rank=0] [LOSS EVAL 73/100] Starting evaluation...
2026-02-05 13:42:01,010 [WARNING] [rank=0] [MEMORY] Soglia memoria 1.0GB superata al processo 0/1
2026-02-05 13:42:28,966 [INFO] [rank=0] [TRAIN] Loss (circuito): 1.807230
2026-02-05 13:42:28,967 [INFO] [rank=0] [TRAIN] Loss (formula L=-2ln(mean_sqrt_p)): 1.790889
2026-02-05 13:42:28,968 [INFO] [rank=0] [TRAIN] PPL (exp(L)): 5.994776
2026-02-05 13:42:28,969 [INFO] [rank=0] [TRACKING] iter=73, loss=1.807230, best=1.721759, evals=73/100
2026-02-05 13:42:29,098 [INFO] [rank=0] [LOSS EVAL 74/100] Starting evaluation...
2026-02-05 13:42:29,100 [WARNING] [rank=0] [MEMORY] Soglia memoria 1.0GB superata al processo 0/1
2026-02-05 13:42:56,969 [INFO] [rank=0] [TRAIN] Loss (circuito): 1.959578
2026-02-05 13:42:56,971 [INFO] [rank=0] [TRAIN] Loss (formula L=-2ln(mean_sqrt_p)): 1.941410
2026-02-05 13:42:56,972 [INFO] [rank=0] [TRAIN] PPL (exp(L)): 6.968572
2026-02-05 13:42:56,973 [INFO] [rank=0] [TRACKING] iter=74, loss=1.959578, best=1.721759, evals=74/100
2026-02-05 13:42:57,099 [INFO] [rank=0] [LOSS EVAL 75/100] Starting evaluation...
2026-02-05 13:42:57,102 [WARNING] [rank=0] [MEMORY] Soglia memoria 1.0GB superata al processo 0/1
2026-02-05 13:43:24,971 [INFO] [rank=0] [TRAIN] Loss (circuito): 1.721702
2026-02-05 13:43:24,972 [INFO] [rank=0] [TRAIN] Loss (formula L=-2ln(mean_sqrt_p)): 1.707144
2026-02-05 13:43:24,974 [INFO] [rank=0] [TRAIN] PPL (exp(L)): 5.513196
2026-02-05 13:43:24,976 [INFO] [rank=0] [TRACKER] New best! Loss=1.721702 at iter 75
2026-02-05 13:43:24,977 [INFO] [rank=0] [TRACKING] iter=75, loss=1.721702, best=1.721702, evals=75/100
2026-02-05 13:43:25,101 [INFO] [rank=0] [LOSS EVAL 76/100] Starting evaluation...
2026-02-05 13:43:25,104 [WARNING] [rank=0] [MEMORY] Soglia memoria 1.0GB superata al processo 0/1
2026-02-05 13:43:52,964 [INFO] [rank=0] [TRAIN] Loss (circuito): 2.006385
2026-02-05 13:43:52,965 [INFO] [rank=0] [TRAIN] Loss (formula L=-2ln(mean_sqrt_p)): 1.986871
2026-02-05 13:43:52,965 [INFO] [rank=0] [TRAIN] PPL (exp(L)): 7.292678
2026-02-05 13:43:52,967 [INFO] [rank=0] [TRACKING] iter=76, loss=2.006385, best=1.721702, evals=76/100
2026-02-05 13:43:53,096 [INFO] [rank=0] [LOSS EVAL 77/100] Starting evaluation...
2026-02-05 13:43:53,098 [WARNING] [rank=0] [MEMORY] Soglia memoria 1.0GB superata al processo 0/1
2026-02-05 13:44:20,987 [INFO] [rank=0] [TRAIN] Loss (circuito): 1.737225
2026-02-05 13:44:20,989 [INFO] [rank=0] [TRAIN] Loss (formula L=-2ln(mean_sqrt_p)): 1.723602
2026-02-05 13:44:20,990 [INFO] [rank=0] [TRAIN] PPL (exp(L)): 5.604679
2026-02-05 13:44:20,992 [INFO] [rank=0] [TRACKING] iter=77, loss=1.737225, best=1.721702, evals=77/100
2026-02-05 13:44:21,118 [INFO] [rank=0] [LOSS EVAL 78/100] Starting evaluation...
2026-02-05 13:44:21,121 [WARNING] [rank=0] [MEMORY] Soglia memoria 1.0GB superata al processo 0/1
2026-02-05 13:44:48,988 [INFO] [rank=0] [TRAIN] Loss (circuito): 1.987583
2026-02-05 13:44:48,988 [INFO] [rank=0] [TRAIN] Loss (formula L=-2ln(mean_sqrt_p)): 1.969081
2026-02-05 13:44:48,990 [INFO] [rank=0] [TRAIN] PPL (exp(L)): 7.164093
2026-02-05 13:44:48,992 [INFO] [rank=0] [TRACKING] iter=78, loss=1.987583, best=1.721702, evals=78/100
2026-02-05 13:44:49,118 [INFO] [rank=0] [LOSS EVAL 79/100] Starting evaluation...
2026-02-05 13:44:49,121 [WARNING] [rank=0] [MEMORY] Soglia memoria 1.0GB superata al processo 0/1
2026-02-05 13:45:17,002 [INFO] [rank=0] [TRAIN] Loss (circuito): 1.760481
2026-02-05 13:45:17,004 [INFO] [rank=0] [TRAIN] Loss (formula L=-2ln(mean_sqrt_p)): 1.745936
2026-02-05 13:45:17,005 [INFO] [rank=0] [TRAIN] PPL (exp(L)): 5.731264
2026-02-05 13:45:17,006 [INFO] [rank=0] [TRACKING] iter=79, loss=1.760481, best=1.721702, evals=79/100
2026-02-05 13:45:17,133 [INFO] [rank=0] [LOSS EVAL 80/100] Starting evaluation...
2026-02-05 13:45:17,135 [INFO] [rank=0] [PROJECTION] P matrix set: shape=(4, 1024), norm=116.4543
2026-02-05 13:45:17,135 [WARNING] [rank=0] [MEMORY] Soglia memoria 1.0GB superata al processo 0/1
2026-02-05 13:45:45,000 [INFO] [rank=0] [TRAIN] Loss (circuito): 1.743431
2026-02-05 13:45:45,001 [INFO] [rank=0] [TRAIN] Loss (formula L=-2ln(mean_sqrt_p)): 1.729750
2026-02-05 13:45:45,003 [INFO] [rank=0] [TRAIN] PPL (exp(L)): 5.639243
2026-02-05 13:45:45,003 [INFO] [rank=0] [TRACKING] iter=80, loss=1.743431, best=1.721702, evals=80/100
2026-02-05 13:45:45,132 [INFO] [rank=0] [LOSS EVAL 81/100] Starting evaluation...
2026-02-05 13:45:45,135 [WARNING] [rank=0] [MEMORY] Soglia memoria 1.0GB superata al processo 0/1
2026-02-05 13:46:13,009 [INFO] [rank=0] [TRAIN] Loss (circuito): 1.962224
2026-02-05 13:46:13,011 [INFO] [rank=0] [TRAIN] Loss (formula L=-2ln(mean_sqrt_p)): 1.942894
2026-02-05 13:46:13,012 [INFO] [rank=0] [TRAIN] PPL (exp(L)): 6.978916
2026-02-05 13:46:13,014 [INFO] [rank=0] [TRACKING] iter=81, loss=1.962224, best=1.721702, evals=81/100
2026-02-05 13:46:13,141 [INFO] [rank=0] [LOSS EVAL 82/100] Starting evaluation...
2026-02-05 13:46:13,144 [WARNING] [rank=0] [MEMORY] Soglia memoria 1.0GB superata al processo 0/1
2026-02-05 13:46:41,020 [INFO] [rank=0] [TRAIN] Loss (circuito): 1.983652
2026-02-05 13:46:41,021 [INFO] [rank=0] [TRAIN] Loss (formula L=-2ln(mean_sqrt_p)): 1.965750
2026-02-05 13:46:41,022 [INFO] [rank=0] [TRAIN] PPL (exp(L)): 7.140268
2026-02-05 13:46:41,023 [INFO] [rank=0] [TRACKING] iter=82, loss=1.983652, best=1.721702, evals=82/100
2026-02-05 13:46:41,151 [INFO] [rank=0] [LOSS EVAL 83/100] Starting evaluation...
2026-02-05 13:46:41,154 [WARNING] [rank=0] [MEMORY] Soglia memoria 1.0GB superata al processo 0/1
2026-02-05 13:47:09,041 [INFO] [rank=0] [TRAIN] Loss (circuito): 1.733014
2026-02-05 13:47:09,042 [INFO] [rank=0] [TRAIN] Loss (formula L=-2ln(mean_sqrt_p)): 1.720262
2026-02-05 13:47:09,044 [INFO] [rank=0] [TRAIN] PPL (exp(L)): 5.585994
2026-02-05 13:47:09,044 [INFO] [rank=0] [TRACKING] iter=83, loss=1.733014, best=1.721702, evals=83/100
2026-02-05 13:47:09,171 [INFO] [rank=0] [LOSS EVAL 84/100] Starting evaluation...
2026-02-05 13:47:09,174 [WARNING] [rank=0] [MEMORY] Soglia memoria 1.0GB superata al processo 0/1
2026-02-05 13:47:37,121 [INFO] [rank=0] [TRAIN] Loss (circuito): 1.813514
2026-02-05 13:47:37,122 [INFO] [rank=0] [TRAIN] Loss (formula L=-2ln(mean_sqrt_p)): 1.798242
2026-02-05 13:47:37,123 [INFO] [rank=0] [TRAIN] PPL (exp(L)): 6.039024
2026-02-05 13:47:37,124 [INFO] [rank=0] [TRACKING] iter=84, loss=1.813514, best=1.721702, evals=84/100
2026-02-05 13:47:37,252 [INFO] [rank=0] [LOSS EVAL 85/100] Starting evaluation...
2026-02-05 13:47:37,254 [WARNING] [rank=0] [MEMORY] Soglia memoria 1.0GB superata al processo 0/1
2026-02-05 13:48:05,159 [INFO] [rank=0] [TRAIN] Loss (circuito): 2.035215
2026-02-05 13:48:05,161 [INFO] [rank=0] [TRAIN] Loss (formula L=-2ln(mean_sqrt_p)): 2.014167
2026-02-05 13:48:05,162 [INFO] [rank=0] [TRAIN] PPL (exp(L)): 7.494481
2026-02-05 13:48:05,163 [INFO] [rank=0] [TRACKING] iter=85, loss=2.035215, best=1.721702, evals=85/100
2026-02-05 13:48:05,290 [INFO] [rank=0] [LOSS EVAL 86/100] Starting evaluation...
2026-02-05 13:48:05,293 [WARNING] [rank=0] [MEMORY] Soglia memoria 1.0GB superata al processo 0/1
2026-02-05 13:48:33,187 [INFO] [rank=0] [TRAIN] Loss (circuito): 1.833323
2026-02-05 13:48:33,189 [INFO] [rank=0] [TRAIN] Loss (formula L=-2ln(mean_sqrt_p)): 1.816630
2026-02-05 13:48:33,190 [INFO] [rank=0] [TRAIN] PPL (exp(L)): 6.151095
2026-02-05 13:48:33,191 [INFO] [rank=0] [TRACKING] iter=86, loss=1.833323, best=1.721702, evals=86/100
2026-02-05 13:48:33,318 [INFO] [rank=0] [LOSS EVAL 87/100] Starting evaluation...
2026-02-05 13:48:33,320 [WARNING] [rank=0] [MEMORY] Soglia memoria 1.0GB superata al processo 0/1
2026-02-05 13:49:01,329 [INFO] [rank=0] [TRAIN] Loss (circuito): 2.025781
2026-02-05 13:49:01,330 [INFO] [rank=0] [TRAIN] Loss (formula L=-2ln(mean_sqrt_p)): 2.006334
2026-02-05 13:49:01,333 [INFO] [rank=0] [TRAIN] PPL (exp(L)): 7.436005
2026-02-05 13:49:01,334 [INFO] [rank=0] [TRACKING] iter=87, loss=2.025781, best=1.721702, evals=87/100
2026-02-05 13:49:01,460 [INFO] [rank=0] [LOSS EVAL 88/100] Starting evaluation...
2026-02-05 13:49:01,463 [WARNING] [rank=0] [MEMORY] Soglia memoria 1.0GB superata al processo 0/1
2026-02-05 13:49:29,370 [INFO] [rank=0] [TRAIN] Loss (circuito): 1.906420
2026-02-05 13:49:29,372 [INFO] [rank=0] [TRAIN] Loss (formula L=-2ln(mean_sqrt_p)): 1.890128
2026-02-05 13:49:29,372 [INFO] [rank=0] [TRAIN] PPL (exp(L)): 6.620219
2026-02-05 13:49:29,373 [INFO] [rank=0] [TRACKING] iter=88, loss=1.906420, best=1.721702, evals=88/100
2026-02-05 13:49:29,502 [INFO] [rank=0] [LOSS EVAL 89/100] Starting evaluation...
2026-02-05 13:49:29,505 [WARNING] [rank=0] [MEMORY] Soglia memoria 1.0GB superata al processo 0/1
2026-02-05 13:49:57,418 [INFO] [rank=0] [TRAIN] Loss (circuito): 1.931680
2026-02-05 13:49:57,420 [INFO] [rank=0] [TRAIN] Loss (formula L=-2ln(mean_sqrt_p)): 1.914540
2026-02-05 13:49:57,420 [INFO] [rank=0] [TRAIN] PPL (exp(L)): 6.783820
2026-02-05 13:49:57,421 [INFO] [rank=0] [TRACKING] iter=89, loss=1.931680, best=1.721702, evals=89/100
2026-02-05 13:49:57,549 [INFO] [rank=0] [LOSS EVAL 90/100] Starting evaluation...
2026-02-05 13:49:57,551 [INFO] [rank=0] [PROJECTION] P matrix set: shape=(4, 1024), norm=116.4543
2026-02-05 13:49:57,552 [WARNING] [rank=0] [MEMORY] Soglia memoria 1.0GB superata al processo 0/1
2026-02-05 13:50:25,464 [INFO] [rank=0] [TRAIN] Loss (circuito): 1.931802
2026-02-05 13:50:25,465 [INFO] [rank=0] [TRAIN] Loss (formula L=-2ln(mean_sqrt_p)): 1.913553
2026-02-05 13:50:25,466 [INFO] [rank=0] [TRAIN] PPL (exp(L)): 6.777122
2026-02-05 13:50:25,467 [INFO] [rank=0] [TRACKING] iter=90, loss=1.931802, best=1.721702, evals=90/100
2026-02-05 13:50:25,596 [INFO] [rank=0] [LOSS EVAL 91/100] Starting evaluation...
2026-02-05 13:50:25,598 [WARNING] [rank=0] [MEMORY] Soglia memoria 1.0GB superata al processo 0/1
2026-02-05 13:50:53,509 [INFO] [rank=0] [TRAIN] Loss (circuito): 1.992160
2026-02-05 13:50:53,510 [INFO] [rank=0] [TRAIN] Loss (formula L=-2ln(mean_sqrt_p)): 1.974726
2026-02-05 13:50:53,511 [INFO] [rank=0] [TRAIN] PPL (exp(L)): 7.204646
2026-02-05 13:50:53,512 [INFO] [rank=0] [TRACKING] iter=91, loss=1.992160, best=1.721702, evals=91/100
2026-02-05 13:50:53,641 [INFO] [rank=0] [LOSS EVAL 92/100] Starting evaluation...
2026-02-05 13:50:53,644 [WARNING] [rank=0] [MEMORY] Soglia memoria 1.0GB superata al processo 0/1
2026-02-05 13:51:21,556 [INFO] [rank=0] [TRAIN] Loss (circuito): 1.995916
2026-02-05 13:51:21,558 [INFO] [rank=0] [TRAIN] Loss (formula L=-2ln(mean_sqrt_p)): 1.978499
2026-02-05 13:51:21,558 [INFO] [rank=0] [TRAIN] PPL (exp(L)): 7.231879
2026-02-05 13:51:21,559 [INFO] [rank=0] [TRACKING] iter=92, loss=1.995916, best=1.721702, evals=92/100
2026-02-05 13:51:21,687 [INFO] [rank=0] [LOSS EVAL 93/100] Starting evaluation...
2026-02-05 13:51:21,690 [WARNING] [rank=0] [MEMORY] Soglia memoria 1.0GB superata al processo 0/1
2026-02-05 13:51:49,606 [INFO] [rank=0] [TRAIN] Loss (circuito): 1.964777
2026-02-05 13:51:49,606 [INFO] [rank=0] [TRAIN] Loss (formula L=-2ln(mean_sqrt_p)): 1.946129
2026-02-05 13:51:49,608 [INFO] [rank=0] [TRAIN] PPL (exp(L)): 7.001531
2026-02-05 13:51:49,609 [INFO] [rank=0] [TRACKING] iter=93, loss=1.964777, best=1.721702, evals=93/100
2026-02-05 13:51:49,736 [INFO] [rank=0] [LOSS EVAL 94/100] Starting evaluation...
2026-02-05 13:51:49,738 [WARNING] [rank=0] [MEMORY] Soglia memoria 1.0GB superata al processo 0/1
2026-02-05 13:52:17,668 [INFO] [rank=0] [TRAIN] Loss (circuito): 1.798385
2026-02-05 13:52:17,669 [INFO] [rank=0] [TRAIN] Loss (formula L=-2ln(mean_sqrt_p)): 1.782648
2026-02-05 13:52:17,670 [INFO] [rank=0] [TRAIN] PPL (exp(L)): 5.945578
2026-02-05 13:52:17,673 [INFO] [rank=0] [TRACKING] iter=94, loss=1.798385, best=1.721702, evals=94/100
2026-02-05 13:52:17,801 [INFO] [rank=0] [LOSS EVAL 95/100] Starting evaluation...
2026-02-05 13:52:17,804 [WARNING] [rank=0] [MEMORY] Soglia memoria 1.0GB superata al processo 0/1
2026-02-05 13:52:45,725 [INFO] [rank=0] [TRAIN] Loss (circuito): 1.956401
2026-02-05 13:52:45,725 [INFO] [rank=0] [TRAIN] Loss (formula L=-2ln(mean_sqrt_p)): 1.939791
2026-02-05 13:52:45,726 [INFO] [rank=0] [TRAIN] PPL (exp(L)): 6.957293
2026-02-05 13:52:45,726 [INFO] [rank=0] [TRACKING] iter=95, loss=1.956401, best=1.721702, evals=95/100
2026-02-05 13:52:45,855 [INFO] [rank=0] [LOSS EVAL 96/100] Starting evaluation...
2026-02-05 13:52:45,857 [WARNING] [rank=0] [MEMORY] Soglia memoria 1.0GB superata al processo 0/1
2026-02-05 13:53:13,804 [INFO] [rank=0] [TRAIN] Loss (circuito): 1.943146
2026-02-05 13:53:13,806 [INFO] [rank=0] [TRAIN] Loss (formula L=-2ln(mean_sqrt_p)): 1.925527
2026-02-05 13:53:13,808 [INFO] [rank=0] [TRAIN] PPL (exp(L)): 6.858759
2026-02-05 13:53:13,808 [INFO] [rank=0] [TRACKING] iter=96, loss=1.943146, best=1.721702, evals=96/100
2026-02-05 13:53:13,935 [INFO] [rank=0] [LOSS EVAL 97/100] Starting evaluation...
2026-02-05 13:53:13,937 [WARNING] [rank=0] [MEMORY] Soglia memoria 1.0GB superata al processo 0/1
2026-02-05 13:53:41,831 [INFO] [rank=0] [TRAIN] Loss (circuito): 1.986262
2026-02-05 13:53:41,832 [INFO] [rank=0] [TRAIN] Loss (formula L=-2ln(mean_sqrt_p)): 1.969055
2026-02-05 13:53:41,832 [INFO] [rank=0] [TRAIN] PPL (exp(L)): 7.163902
2026-02-05 13:53:41,834 [INFO] [rank=0] [TRACKING] iter=97, loss=1.986262, best=1.721702, evals=97/100
2026-02-05 13:53:41,963 [INFO] [rank=0] [LOSS EVAL 98/100] Starting evaluation...
2026-02-05 13:53:41,965 [WARNING] [rank=0] [MEMORY] Soglia memoria 1.0GB superata al processo 0/1
2026-02-05 13:54:09,886 [INFO] [rank=0] [TRAIN] Loss (circuito): 1.771554
2026-02-05 13:54:09,888 [INFO] [rank=0] [TRAIN] Loss (formula L=-2ln(mean_sqrt_p)): 1.756887
2026-02-05 13:54:09,888 [INFO] [rank=0] [TRAIN] PPL (exp(L)): 5.794372
2026-02-05 13:54:09,890 [INFO] [rank=0] [TRACKING] iter=98, loss=1.771554, best=1.721702, evals=98/100
2026-02-05 13:54:10,018 [INFO] [rank=0] [LOSS EVAL 99/100] Starting evaluation...
2026-02-05 13:54:10,020 [WARNING] [rank=0] [MEMORY] Soglia memoria 1.0GB superata al processo 0/1
2026-02-05 13:54:37,936 [INFO] [rank=0] [TRAIN] Loss (circuito): 1.981540
2026-02-05 13:54:37,938 [INFO] [rank=0] [TRAIN] Loss (formula L=-2ln(mean_sqrt_p)): 1.960736
2026-02-05 13:54:37,940 [INFO] [rank=0] [TRAIN] PPL (exp(L)): 7.104554
2026-02-05 13:54:37,940 [INFO] [rank=0] [TRACKING] iter=99, loss=1.981540, best=1.721702, evals=99/100
2026-02-05 13:54:38,068 [INFO] [rank=0] [LOSS EVAL 100/100] Starting evaluation...
2026-02-05 13:54:38,068 [INFO] [rank=0] [MAX EVALUATIONS REACHED] Stopping at 100 loss evaluations. This is the ONLY stopping condition (early stopping is DISABLED).
2026-02-05 13:54:38,069 [INFO] [rank=0] ======================================================================
2026-02-05 13:54:38,069 [INFO] [rank=0] [MAX EVALUATIONS] Training reached 100 loss evaluations
2026-02-05 13:54:38,069 [INFO] [rank=0] [MAX EVALUATIONS] This is the intended stopping condition
2026-02-05 13:54:38,069 [INFO] [rank=0] ======================================================================
2026-02-05 13:54:38,069 [INFO] [rank=0] [FINAL PARAMS] Using best parameters found: loss=1.721702, iteration=75
2026-02-05 13:54:38,069 [INFO] [rank=0] [STOPPING REASON] Reached max 100 loss evaluations
2026-02-05 13:54:38,096 [INFO] [rank=0] [COBYLA] 🛑 Terminato per SMART EARLY STOPPING dopo 75 iterazioni
2026-02-05 13:54:38,096 [INFO] [rank=0] [COBYLA] Reason: Reached max 100 loss evaluations
2026-02-05 13:54:38,097 [INFO] [rank=0] [COBYLA] Final loss: 1.721702
2026-02-05 13:54:38,097 [INFO] [rank=0] [SAVE] Inizio salvataggio TUTTE le matrici U, W, E, F, P...
2026-02-05 13:54:38,147 [INFO] [rank=0] [SAVE] Salvataggio matrici in: results/run_20260205_135438_seed42
2026-02-05 13:54:38,147 [INFO] [rank=0] [SAVE] Run ID: run_20260205_135438_seed42
2026-02-05 13:54:38,219 [INFO] [rank=0] [SAVE] U shape: (16, 16) -> results/run_20260205_135438_seed42/matrices/U_matrix.npy
2026-02-05 13:54:38,219 [INFO] [rank=0] [SAVE] W shape: (16, 16) -> results/run_20260205_135438_seed42/matrices/W_matrix.npy
2026-02-05 13:54:38,219 [INFO] [rank=0] [SAVE] E shape: (0,) -> results/run_20260205_135438_seed42/matrices/E_matrix.npy
2026-02-05 13:54:38,219 [INFO] [rank=0] [SAVE] F shape: (0,) -> results/run_20260205_135438_seed42/matrices/F_matrix.npy
2026-02-05 13:54:38,219 [INFO] [rank=0] [SAVE] V_rotation shape: (0,) -> results/run_20260205_135438_seed42/matrices/V_rotation.npy
2026-02-05 13:54:38,219 [INFO] [rank=0] [SAVE] P shape: (4, 1024) -> results/run_20260205_135438_seed42/matrices/P_matrix.npy
2026-02-05 13:54:38,219 [INFO] [rank=0] [SAVE] Parametri theta: (4576,) -> results/run_20260205_135438_seed42/matrices/best_params_native.npy
2026-02-05 13:54:38,224 [INFO] [rank=0] [SAVE] Metadata salvato
2026-02-05 13:54:38,224 [INFO] [rank=0] [SAVE] ✓ Tutte le matrici salvate in: results/run_20260205_135438_seed42
2026-02-05 13:54:38,224 [INFO] [rank=0] [ANCILLAE] ⏭ Analisi registro C skippata (disabilitata)
2026-02-05 13:54:38,224 [INFO] [rank=0] [CV] Inizio 3-fold cross validation...
2026-02-05 13:54:38,225 [INFO] [rank=0] 
================================================================================
2026-02-05 13:54:38,225 [INFO] [rank=0] === 3-FOLD CROSS VALIDATION (POST-TRAINING) ===
2026-02-05 13:54:38,225 [INFO] [rank=0] ================================================================================
2026-02-05 13:54:38,225 [INFO] [rank=0] [CV] Caricamento parametri da: results/run_20260205_135438_seed42
2026-02-05 13:54:38,236 [INFO] [rank=0] [CV] ✓ U caricata: (16, 16)
2026-02-05 13:54:38,236 [INFO] [rank=0] [CV] ✓ W caricata: (16, 16)
2026-02-05 13:54:38,236 [INFO] [rank=0] [CV] ✓ E caricata: (0,)
2026-02-05 13:54:38,236 [INFO] [rank=0] [CV] ✓ F caricata: (0,)
2026-02-05 13:54:38,236 [INFO] [rank=0] [CV] ✓ V_rotation caricata: (0,)
2026-02-05 13:54:38,236 [INFO] [rank=0] [CV] ✓ P caricata: (4, 1024)
2026-02-05 13:54:38,236 [INFO] [rank=0] [CV] ✓ Parametri theta caricati: (4576,)
2026-02-05 13:54:38,236 [INFO] [rank=0] [CV] Run ID: run_20260205_135438_seed42
2026-02-05 13:54:38,237 [INFO] [rank=0] [CV] ✓ Projector configurato: 1024 -> 4
2026-02-05 13:54:38,237 [INFO] [rank=0] [CV] Config: max_sentences=100, sentence_length=5
2026-02-05 13:54:38,237 [INFO] [rank=0] [CV] Generazione 100 stati quantistici test (D=10, max_time=5)
2026-02-05 13:56:38,114 [INFO] [rank=0] [CV] Frasi test totali: 100
2026-02-05 13:56:38,115 [INFO] [rank=0] 
[CV] === Fold 1/3 === (33 frasi, 5 parole/frase)
2026-02-05 13:56:38,115 [INFO] [rank=0] [CV] Fold 1 - Usa stati quantistici, encoding=None
2026-02-05 14:09:20,433 [INFO] [rank=0] [CV] Fold 1 - Frasi: 33, Parole/frase: 5, Totale parole: 165
2026-02-05 14:09:20,487 [INFO] [rank=0] [CV] Fold 1 - Loss (L=-2ln(mean_sqrt_p)): 1.661074
2026-02-05 14:09:20,489 [INFO] [rank=0] [CV] Fold 1 - PPL (exp(L)): 5.264962
2026-02-05 14:09:20,490 [INFO] [rank=0] [CV] Fold 1 - PPL ((mean_sqrt_p)^-2): 5.264962
2026-02-05 14:09:20,491 [INFO] [rank=0] [CV] Fold 1 - Consistency check: True
2026-02-05 14:09:20,492 [INFO] [rank=0] 
[CV] === Fold 2/3 === (33 frasi, 5 parole/frase)
2026-02-05 14:09:20,494 [INFO] [rank=0] [CV] Fold 2 - Usa stati quantistici, encoding=None
2026-02-05 14:22:14,252 [INFO] [rank=0] [CV] Fold 2 - Frasi: 33, Parole/frase: 5, Totale parole: 165
2026-02-05 14:22:14,307 [INFO] [rank=0] [CV] Fold 2 - Loss (L=-2ln(mean_sqrt_p)): 1.827239
2026-02-05 14:22:14,309 [INFO] [rank=0] [CV] Fold 2 - PPL (exp(L)): 6.216696
2026-02-05 14:22:14,311 [INFO] [rank=0] [CV] Fold 2 - PPL ((mean_sqrt_p)^-2): 6.216696
2026-02-05 14:22:14,312 [INFO] [rank=0] [CV] Fold 2 - Consistency check: True
2026-02-05 14:22:14,313 [INFO] [rank=0] 
[CV] === Fold 3/3 === (34 frasi, 5 parole/frase)
2026-02-05 14:22:14,314 [INFO] [rank=0] [CV] Fold 3 - Usa stati quantistici, encoding=None
2026-02-05 14:35:28,383 [INFO] [rank=0] [CV] Fold 3 - Frasi: 34, Parole/frase: 5, Totale parole: 170
2026-02-05 14:35:28,439 [INFO] [rank=0] [CV] Fold 3 - Loss (L=-2ln(mean_sqrt_p)): 1.771286
2026-02-05 14:35:28,441 [INFO] [rank=0] [CV] Fold 3 - PPL (exp(L)): 5.878409
2026-02-05 14:35:28,443 [INFO] [rank=0] [CV] Fold 3 - PPL ((mean_sqrt_p)^-2): 5.878409
2026-02-05 14:35:28,444 [INFO] [rank=0] [CV] Fold 3 - Consistency check: True
2026-02-05 14:35:28,445 [INFO] [rank=0] 
[CV] Fold con dati validi: 3/3
2026-02-05 14:35:28,447 [INFO] [rank=0] 
================================================================================
2026-02-05 14:35:28,448 [INFO] [rank=0] === 3-FOLD CV RESULTS ===
2026-02-05 14:35:28,450 [INFO] [rank=0] ================================================================================
2026-02-05 14:35:28,452 [INFO] [rank=0] Formula Loss: L = -2 ln(1/T * sum(sqrt(p(y_t|x))))
2026-02-05 14:35:28,454 [INFO] [rank=0] Formula PPL:  exp(L) = (mean_sqrt_p)^(-2)
2026-02-05 14:35:28,456 [INFO] [rank=0] 
2026-02-05 14:35:28,458 [INFO] [rank=0] Configurazione test:
2026-02-05 14:35:28,459 [INFO] [rank=0]   - Numero frasi per fold: ~33
2026-02-05 14:35:28,461 [INFO] [rank=0]   - Parole per frase: 5
2026-02-05 14:35:28,462 [INFO] [rank=0]   - Totale frasi: 100
2026-02-05 14:35:28,464 [INFO] [rank=0]   - Parametri usati: U, W, E, F (caricati da run_20260205_135438_seed42)
2026-02-05 14:35:28,465 [INFO] [rank=0] 
2026-02-05 14:35:28,466 [INFO] [rank=0] === LOSS E PPL PER FOLD ===
2026-02-05 14:35:28,467 [INFO] [rank=0]   Fold 1: Loss=1.661074, PPL=5.264962
2026-02-05 14:35:28,467 [INFO] [rank=0]   Fold 2: Loss=1.827239, PPL=6.216696
2026-02-05 14:35:28,467 [INFO] [rank=0]   Fold 3: Loss=1.771286, PPL=5.878409
2026-02-05 14:35:28,467 [INFO] [rank=0] 
2026-02-05 14:35:28,467 [INFO] [rank=0] Risultati (3 fold validi):
2026-02-05 14:35:28,467 [INFO] [rank=0]   Loss (media)  = 1.753200
2026-02-05 14:35:28,467 [INFO] [rank=0]   Loss (std)    = 0.084546  
2026-02-05 14:35:28,467 [INFO] [rank=0]   Loss (sem)    = 0.048813  
2026-02-05 14:35:28,467 [INFO] [rank=0] 
2026-02-05 14:35:28,468 [INFO] [rank=0]   PPL (media)   = 5.786689
2026-02-05 14:35:28,468 [INFO] [rank=0]   PPL (std)     = 0.482451  
2026-02-05 14:35:28,468 [INFO] [rank=0]   PPL (sem)     = 0.278543  
2026-02-05 14:35:28,468 [INFO] [rank=0] 
2026-02-05 14:35:28,468 [INFO] [rank=0] ================================================================================
2026-02-05 14:35:28,468 [INFO] [rank=0] METRICHE STATISTICHE RICHIESTE:
2026-02-05 14:35:28,468 [INFO] [rank=0] ================================================================================
2026-02-05 14:35:28,468 [INFO] [rank=0]   📊 ERRORE MEDIO (std Loss)         = 0.084546  [n=3]
2026-02-05 14:35:28,468 [INFO] [rank=0]   📊 DEVIAZIONE STANDARD (std PPL)   = 0.482451  [n=3]
2026-02-05 14:35:28,469 [INFO] [rank=0]   📊 STANDARD ERROR MEAN (sem Loss)  = 0.048813  [n=3]
2026-02-05 14:35:28,469 [INFO] [rank=0]   📊 STANDARD ERROR MEAN (sem PPL)   = 0.278543  [n=3]
2026-02-05 14:35:28,469 [INFO] [rank=0] ================================================================================
2026-02-05 14:35:28,469 [INFO] [rank=0] 
2026-02-05 14:35:28,469 [INFO] [rank=0] Consistency check per fold:
2026-02-05 14:35:28,469 [INFO] [rank=0]   Fold 1: exp(1.661074) = 5.264962 vs 5.264962 [exp: True, alt: True]
2026-02-05 14:35:28,469 [INFO] [rank=0]   Fold 2: exp(1.827239) = 6.216696 vs 6.216696 [exp: True, alt: True]
2026-02-05 14:35:28,469 [INFO] [rank=0]   Fold 3: exp(1.771286) = 5.878409 vs 5.878409 [exp: True, alt: True]
2026-02-05 14:35:28,469 [INFO] [rank=0] ================================================================================

2026-02-05 14:35:28,474 [INFO] [rank=0] [CV] ✓ Cross validation completata: 3 folds
2026-02-05 14:35:28,475 [INFO] [rank=0] 
================================================================================
2026-02-05 14:35:28,475 [INFO] [rank=0] === TRAINING SUMMARY ===
2026-02-05 14:35:28,475 [INFO] [rank=0] ================================================================================
2026-02-05 14:35:28,475 [INFO] [rank=0] 
[FORMULE]
2026-02-05 14:35:28,475 [INFO] [rank=0]   Loss: L = -2 ln(1/T * sum(sqrt(p(y_t|x))))
2026-02-05 14:35:28,475 [INFO] [rank=0]   PPL:  exp(L)
2026-02-05 14:35:28,475 [INFO] [rank=0] 
[LOSS EVALUATIONS]
2026-02-05 14:35:28,476 [INFO] [rank=0]   Total loss evaluations: 100
2026-02-05 14:35:28,476 [INFO] [rank=0]   Maximum allowed: 100
2026-02-05 14:35:28,476 [INFO] [rank=0]   Stopping condition: Reached max evaluations
2026-02-05 14:35:28,476 [INFO] [rank=0] 
[FINAL LOSS]
2026-02-05 14:35:28,476 [INFO] [rank=0]   Final loss (last evaluation): 1.72170188
2026-02-05 14:35:28,476 [INFO] [rank=0]   Best loss seen: 1.72170188
2026-02-05 14:35:28,476 [INFO] [rank=0]   Final PPL = exp(1.72170188) = 5.59404073
2026-02-05 14:35:28,476 [INFO] [rank=0]   Best PPL  = exp(1.72170188) = 5.59404073
2026-02-05 14:35:28,476 [INFO] [rank=0] 
[FINAL PARAMETERS]
2026-02-05 14:35:28,477 [INFO] [rank=0]   Total parameters: 4576
2026-02-05 14:35:28,478 [INFO] [rank=0]   U parameters (Query): 240 (shape: (5, 2, 2, 4, 3))
2026-02-05 14:35:28,478 [INFO] [rank=0]   W parameters (Key): 240 (shape: (5, 2, 2, 4, 3))
2026-02-05 14:35:28,478 [INFO] [rank=0]   P parameters (Projection): 4096
2026-02-05 14:35:28,478 [INFO] [rank=0]   P shape: 4 x 1024 (2^2 x 2^10)
2026-02-05 14:35:28,478 [INFO] [rank=0]   E parameters: 0 (not used in quantum mode)
2026-02-05 14:35:28,478 [INFO] [rank=0]   V parameters: 0 (not used in quantum mode)
2026-02-05 14:35:28,478 [INFO] [rank=0] 
[QUANTUM REGISTERS]
2026-02-05 14:35:28,478 [INFO] [rank=0]   Total qubits: 7
2026-02-05 14:35:28,478 [INFO] [rank=0]   Target qubits (A+B registers): 4
2026-02-05 14:35:28,479 [INFO] [rank=0]   Control qubits (C register/ancillae): 3
2026-02-05 14:35:28,479 [INFO] [rank=0]   Embedding dimension: 4
2026-02-05 14:35:28,479 [INFO] [rank=0]   Sentence length: 5
2026-02-05 14:35:28,479 [INFO] [rank=0]   Hilbert space dimension: 128
2026-02-05 14:35:28,479 [INFO] [rank=0] 
[PERPLEXITY ON TEST DATA]
2026-02-05 14:35:28,479 [INFO] [rank=0]   Test Loss: 1.75319953
2026-02-05 14:35:28,479 [INFO] [rank=0]   Test PPL = exp(1.75319953) = 5.78668889
2026-02-05 14:35:28,479 [INFO] [rank=0]   Test sentences used: 100/100
2026-02-05 14:35:28,479 [INFO] [rank=0]   Verifica consistency: exp(L) == PPL
2026-02-05 14:35:28,479 [INFO] [rank=0]   Consistency check: False
2026-02-05 14:35:28,480 [INFO] [rank=0] 
[METADATA]
2026-02-05 14:35:28,480 [INFO] [rank=0]   Timestamp: 20260205_135438
2026-02-05 14:35:28,480 [INFO] [rank=0]   Optimizer: COBYLA
2026-02-05 14:35:28,480 [INFO] [rank=0]   Number of layers: 5
2026-02-05 14:35:28,480 [INFO] [rank=0]   Qubits per ansatz: 4
2026-02-05 14:35:28,480 [INFO] [rank=0]   Early stopping: DISABLED (HARD CONSTRAINT)
2026-02-05 14:35:28,480 [INFO] [rank=0]   Stopping criterion: 100 loss evaluations ONLY
2026-02-05 14:35:28,480 [INFO] [rank=0] 
================================================================================
2026-02-05 14:35:28,480 [INFO] [rank=0] === END OF TRAINING SUMMARY ===
2026-02-05 14:35:28,480 [INFO] [rank=0] ================================================================================

2026-02-05 14:35:28,665 [INFO] [rank=0] [SAVE] Parametri salvati in results/run_20260205_135438_seed42/parameters/theta_finali_native.npy
2026-02-05 14:35:28,681 [INFO] [rank=0] [SAVE] Summary salvato in results/run_20260205_135438_seed42/summaries/training_summary.txt
2026-02-05 14:35:28,706 [INFO] [rank=0] [SAVE] Storia loss salvata in results/run_20260205_135438_seed42/summaries/loss_history.txt
2026-02-05 14:35:30,107 [INFO] [rank=0] [SAVE] ✓ Grafico training loss salvato in results/run_20260205_135438_seed42/plots/training_loss.png
2026-02-05 14:35:30,107 [INFO] [rank=0] [COMPLETE] Ottimizzazione completata. Loss media finale: 1.721702
2026-02-05 14:35:30,107 [INFO] [rank=0] [COMPLETE] Tutti i file salvati in: results/run_20260205_135438_seed42
2026-02-05 14:35:30,107 [INFO] [rank=0] [COMPLETE] - Parametri: results/run_20260205_135438_seed42/parameters
2026-02-05 14:35:30,108 [INFO] [rank=0] [COMPLETE] - Summaries: results/run_20260205_135438_seed42/summaries
2026-02-05 14:35:30,108 [INFO] [rank=0] [COMPLETE] - Plots: results/run_20260205_135438_seed42/plots
2026-02-05 14:35:30,108 [INFO] [rank=0] [COMPLETE] - Matrici: results/run_20260205_135438_seed42/matrices
2026-06-16 22:19:54,030 [INFO] [rank=0] [MPI] Avvio backend distribuito JAX+PennyLane su 1 rank
2026-06-16 22:19:54,144 [INFO] [rank=0] [DATA] Frasi testuali caricate: 4 | lunghezza=5
2026-06-16 22:19:56,128 [INFO] [rank=0] [TRAIN] Backend JAX+PennyLane+MPI | epochs=2 | lr=0.001 | padded_sequence_length=8
2026-06-16 22:19:56,128 [INFO] [rank=0] [MPI] ranks=1 | sample_globali=4 | sample_locali_medi~=4
2026-06-16 22:19:56,128 [INFO] [rank=0] [TRAIN] Warmup JIT alla prima iterazione di ogni rank
2026-06-16 22:20:28,830 [INFO] [rank=0] [TRAIN] Epoch 0001/0002 | loss=5.93698808
2026-06-16 22:20:28,861 [INFO] [rank=0] [TRAIN] Epoch 0002/0002 | loss=5.84820418
2026-06-16 22:20:28,861 [INFO] [rank=0] [CV] Inizio valutazione post-training
2026-06-16 22:20:28,968 [INFO] [rank=0] [DATA] Frasi testuali caricate: 4 | lunghezza=5
2026-06-16 22:20:41,560 [INFO] [rank=0] [SAVE] Run completata: results\run_20260616_222039_seed42
2026-06-16 22:20:41,560 [INFO] [rank=0] [SAVE] Matrici: results\run_20260616_222039_seed42\matrices
2026-06-16 22:20:41,561 [INFO] [rank=0] [SAVE] Parametri: results\run_20260616_222039_seed42\parameters
2026-06-16 22:20:41,561 [INFO] [rank=0] [SAVE] Summary: results\run_20260616_222039_seed42\summaries
2026-06-16 22:20:41,561 [INFO] [rank=0] [SAVE] Plots: results\run_20260616_222039_seed42\plots
2026-06-16 22:20:42,544 [INFO] [rank=0] [Rank 0] Uscita pulita (exit=0)
2026-06-16 22:22:50,813 [INFO] [rank=0] [MPI] Avvio backend distribuito JAX+PennyLane su 1 rank
2026-06-16 22:22:50,910 [INFO] [rank=0] [DATA] Frasi testuali caricate: 4 | lunghezza=5
2026-06-16 22:22:52,696 [INFO] [rank=0] [TRAIN] Backend JAX+PennyLane+MPI | epochs=2 | lr=0.001 | padded_sequence_length=8
2026-06-16 22:22:52,696 [INFO] [rank=0] [MPI] ranks=1 | sample_globali=4 | sample_locali_medi~=4
2026-06-16 22:22:52,696 [INFO] [rank=0] [TRAIN] Warmup JIT alla prima iterazione di ogni rank
2026-06-16 22:23:20,745 [INFO] [rank=0] [TRAIN] Epoch 0001/0002 | loss=5.93698808
2026-06-16 22:23:20,773 [INFO] [rank=0] [TRAIN] Epoch 0002/0002 | loss=5.84820418
2026-06-16 22:23:20,774 [INFO] [rank=0] [CV] Inizio valutazione post-training
2026-06-16 22:23:20,868 [INFO] [rank=0] [DATA] Frasi testuali caricate: 4 | lunghezza=5
2026-06-16 22:23:31,786 [INFO] [rank=0] [SAVE] Run completata: results\run_20260616_222330_seed42
2026-06-16 22:23:31,786 [INFO] [rank=0] [SAVE] Matrici: results\run_20260616_222330_seed42\matrices
2026-06-16 22:23:31,787 [INFO] [rank=0] [SAVE] Parametri: results\run_20260616_222330_seed42\parameters
2026-06-16 22:23:31,787 [INFO] [rank=0] [SAVE] Summary: results\run_20260616_222330_seed42\summaries
2026-06-16 22:23:31,787 [INFO] [rank=0] [SAVE] Plots: results\run_20260616_222330_seed42\plots
2026-06-16 22:23:32,756 [INFO] [rank=0] [Rank 0] Uscita pulita (exit=0)
2026-06-16 22:33:24,267 [INFO] [rank=0] [MPI] Avvio backend distribuito JAX+PennyLane su 1 rank
2026-06-16 22:33:24,373 [INFO] [rank=0] [DATA] Frasi testuali caricate: 100 | lunghezza=5
2026-06-16 22:33:24,374 [INFO] [rank=0] [DATA] Split frasi | train=80 | test=20
2026-06-16 22:33:26,759 [INFO] [rank=0] [TRAIN] Backend JAX+PennyLane+MPI | epochs=2000 | lr=0.001 | padded_sequence_length=8
2026-06-16 22:33:26,759 [INFO] [rank=0] [MPI] ranks=1 | sample_globali=80 | sample_locali_medi~=80
2026-06-16 22:33:26,759 [INFO] [rank=0] [TRAIN] Time budget attivo: 0.50 ore (~30.0 minuti)
2026-06-16 22:33:26,759 [INFO] [rank=0] [TRAIN] Warmup JIT alla prima iterazione di ogni rank
2026-06-16 22:34:59,916 [INFO] [rank=0] [TRAIN] Epoch 0001/2000 | opt_loss=5.58961234 | train_loss=5.51356531 | train_ppl=246.76035951 | test_loss=5.59308356 | test_ppl=266.22666242
2026-06-16 22:35:03,027 [INFO] [rank=0] [TRAIN] Epoch 0010/2000 | opt_loss=5.05582512
2026-06-16 22:35:06,628 [INFO] [rank=0] [TRAIN] Epoch 0020/2000 | opt_loss=4.69665099
2026-06-16 22:35:31,621 [INFO] [rank=0] [TRAIN] Epoch 0030/2000 | opt_loss=4.43812505
2026-06-16 22:35:35,057 [INFO] [rank=0] [TRAIN] Epoch 0040/2000 | opt_loss=4.23153666
2026-06-16 22:35:59,864 [INFO] [rank=0] [TRAIN] Epoch 0050/2000 | opt_loss=4.05339429 | train_loss=4.03674344 | train_ppl=56.46270930 | test_loss=3.97325414 | test_ppl=52.97348915
2026-06-16 22:36:03,125 [INFO] [rank=0] [TRAIN] Epoch 0060/2000 | opt_loss=3.89429381
2026-06-16 22:36:06,347 [INFO] [rank=0] [TRAIN] Epoch 0070/2000 | opt_loss=3.74864336
2026-06-16 22:36:30,125 [INFO] [rank=0] [TRAIN] Epoch 0080/2000 | opt_loss=3.61299668
2026-06-16 22:36:33,399 [INFO] [rank=0] [TRAIN] Epoch 0090/2000 | opt_loss=3.48508104
2026-06-16 22:36:57,532 [INFO] [rank=0] [TRAIN] Epoch 0100/2000 | opt_loss=3.36260782 | train_loss=3.35054608 | train_ppl=28.08032269 | test_loss=3.24160192 | test_ppl=25.42845850
2026-06-16 22:37:00,741 [INFO] [rank=0] [TRAIN] Epoch 0110/2000 | opt_loss=3.24234691
2026-06-16 22:37:04,003 [INFO] [rank=0] [TRAIN] Epoch 0120/2000 | opt_loss=3.12058291
2026-06-16 22:37:27,710 [INFO] [rank=0] [TRAIN] Epoch 0130/2000 | opt_loss=2.99641183
2026-06-16 22:37:30,946 [INFO] [rank=0] [TRAIN] Epoch 0140/2000 | opt_loss=2.87289822
2026-06-16 22:37:54,453 [INFO] [rank=0] [TRAIN] Epoch 0150/2000 | opt_loss=2.75375837 | train_loss=2.74218372 | train_ppl=15.42300091 | test_loss=2.67625228 | test_ppl=14.50538660
2026-06-16 22:37:57,822 [INFO] [rank=0] [TRAIN] Epoch 0160/2000 | opt_loss=2.64113978
2026-06-16 22:38:01,058 [INFO] [rank=0] [TRAIN] Epoch 0170/2000 | opt_loss=2.53558760
2026-06-16 22:38:24,972 [INFO] [rank=0] [TRAIN] Epoch 0180/2000 | opt_loss=2.43679492
2026-06-16 22:38:28,238 [INFO] [rank=0] [TRAIN] Epoch 0190/2000 | opt_loss=2.34419003
2026-06-16 22:38:51,961 [INFO] [rank=0] [TRAIN] Epoch 0200/2000 | opt_loss=2.25718428 | train_loss=2.24877013 | train_ppl=9.45709653 | test_loss=2.22076193 | test_ppl=9.21142124
2026-06-16 22:38:55,168 [INFO] [rank=0] [TRAIN] Epoch 0210/2000 | opt_loss=2.17522734
2026-06-16 22:38:58,429 [INFO] [rank=0] [TRAIN] Epoch 0220/2000 | opt_loss=2.09780422
2026-06-16 22:39:22,327 [INFO] [rank=0] [TRAIN] Epoch 0230/2000 | opt_loss=2.02442703
2026-06-16 22:39:25,614 [INFO] [rank=0] [TRAIN] Epoch 0240/2000 | opt_loss=1.95463632
2026-06-16 22:39:49,291 [INFO] [rank=0] [TRAIN] Epoch 0250/2000 | opt_loss=1.88801402 | train_loss=1.88151173 | train_ppl=6.55898014 | test_loss=1.86815053 | test_ppl=6.47561635
2026-06-16 22:39:52,617 [INFO] [rank=0] [TRAIN] Epoch 0260/2000 | opt_loss=1.82420666
2026-06-16 22:39:56,318 [INFO] [rank=0] [TRAIN] Epoch 0270/2000 | opt_loss=1.76295477
2026-06-16 22:40:23,861 [INFO] [rank=0] [TRAIN] Epoch 0280/2000 | opt_loss=1.70411840
2026-06-16 22:40:27,123 [INFO] [rank=0] [TRAIN] Epoch 0290/2000 | opt_loss=1.64768475
2026-06-16 22:40:51,036 [INFO] [rank=0] [TRAIN] Epoch 0300/2000 | opt_loss=1.59374654 | train_loss=1.58849554 | train_ppl=4.89540341 | test_loss=1.58022251 | test_ppl=4.85591123
2026-06-16 22:40:54,134 [INFO] [rank=0] [TRAIN] Epoch 0310/2000 | opt_loss=1.54245227
2026-06-16 22:40:57,228 [INFO] [rank=0] [TRAIN] Epoch 0320/2000 | opt_loss=1.49394288
2026-06-16 22:41:19,335 [INFO] [rank=0] [TRAIN] Epoch 0330/2000 | opt_loss=1.44829534
2026-06-16 22:41:22,359 [INFO] [rank=0] [TRAIN] Epoch 0340/2000 | opt_loss=1.40548980
2026-06-16 22:41:44,250 [INFO] [rank=0] [TRAIN] Epoch 0350/2000 | opt_loss=1.36540565 | train_loss=1.36153965 | train_ppl=3.90166051 | test_loss=1.35441651 | test_ppl=3.87446428
2026-06-16 22:41:47,254 [INFO] [rank=0] [TRAIN] Epoch 0360/2000 | opt_loss=1.32783944
2026-06-16 22:41:50,295 [INFO] [rank=0] [TRAIN] Epoch 0370/2000 | opt_loss=1.29253123
2026-06-16 22:42:12,324 [INFO] [rank=0] [TRAIN] Epoch 0380/2000 | opt_loss=1.25918976
2026-06-16 22:42:15,380 [INFO] [rank=0] [TRAIN] Epoch 0390/2000 | opt_loss=1.22751598
2026-06-16 22:42:37,798 [INFO] [rank=0] [TRAIN] Epoch 0400/2000 | opt_loss=1.19722767 | train_loss=1.19426529 | train_ppl=3.30052513 | test_loss=1.18964129 | test_ppl=3.28561065
2026-06-16 22:42:40,888 [INFO] [rank=0] [TRAIN] Epoch 0410/2000 | opt_loss=1.16808357
2026-06-16 22:42:44,001 [INFO] [rank=0] [TRAIN] Epoch 0420/2000 | opt_loss=1.13990021
2026-06-16 22:43:07,703 [INFO] [rank=0] [TRAIN] Epoch 0430/2000 | opt_loss=1.11255398
2026-06-16 22:43:11,482 [INFO] [rank=0] [TRAIN] Epoch 0440/2000 | opt_loss=1.08596873
2026-06-16 22:43:34,609 [INFO] [rank=0] [TRAIN] Epoch 0450/2000 | opt_loss=1.06010091 | train_loss=1.05755273 | train_ppl=2.87881112 | test_loss=1.05622942 | test_ppl=2.87497275
2026-06-16 22:43:37,841 [INFO] [rank=0] [TRAIN] Epoch 0460/2000 | opt_loss=1.03493476
2026-06-16 22:43:40,976 [INFO] [rank=0] [TRAIN] Epoch 0470/2000 | opt_loss=1.01047790
2026-06-16 22:44:03,291 [INFO] [rank=0] [TRAIN] Epoch 0480/2000 | opt_loss=0.98672133
2026-06-16 22:44:06,427 [INFO] [rank=0] [TRAIN] Epoch 0490/2000 | opt_loss=0.96358797
2026-06-16 22:44:28,781 [INFO] [rank=0] [TRAIN] Epoch 0500/2000 | opt_loss=0.94101130 | train_loss=0.93878332 | train_ppl=2.55647787 | test_loss=0.93979870 | test_ppl=2.55880266
2026-06-16 22:44:31,835 [INFO] [rank=0] [TRAIN] Epoch 0510/2000 | opt_loss=0.91896896
2026-06-16 22:44:34,878 [INFO] [rank=0] [TRAIN] Epoch 0520/2000 | opt_loss=0.89744492
2026-06-16 22:44:57,211 [INFO] [rank=0] [TRAIN] Epoch 0530/2000 | opt_loss=0.87642741
2026-06-16 22:45:00,280 [INFO] [rank=0] [TRAIN] Epoch 0540/2000 | opt_loss=0.85590489
2026-06-16 22:45:23,151 [INFO] [rank=0] [TRAIN] Epoch 0550/2000 | opt_loss=0.83586618 | train_loss=0.83388852 | train_ppl=2.30194685 | test_loss=0.83589145 | test_ppl=2.30622349
2026-06-16 22:45:26,239 [INFO] [rank=0] [TRAIN] Epoch 0560/2000 | opt_loss=0.81630120
2026-06-16 22:45:29,333 [INFO] [rank=0] [TRAIN] Epoch 0570/2000 | opt_loss=0.79720044
2026-06-16 22:45:51,951 [INFO] [rank=0] [TRAIN] Epoch 0580/2000 | opt_loss=0.77855480
2026-06-16 22:45:55,033 [INFO] [rank=0] [TRAIN] Epoch 0590/2000 | opt_loss=0.76035554
2026-06-16 22:46:17,813 [INFO] [rank=0] [TRAIN] Epoch 0600/2000 | opt_loss=0.74259418 | train_loss=0.74084181 | train_ppl=2.09745730 | test_loss=0.74358761 | test_ppl=2.10286099
2026-06-16 22:46:20,844 [INFO] [rank=0] [TRAIN] Epoch 0610/2000 | opt_loss=0.72526249
2026-06-16 22:46:23,901 [INFO] [rank=0] [TRAIN] Epoch 0620/2000 | opt_loss=0.70835240
2026-06-16 22:46:46,212 [INFO] [rank=0] [TRAIN] Epoch 0630/2000 | opt_loss=0.69185599
2026-06-16 22:46:49,300 [INFO] [rank=0] [TRAIN] Epoch 0640/2000 | opt_loss=0.67576546
2026-06-16 22:47:11,678 [INFO] [rank=0] [TRAIN] Epoch 0650/2000 | opt_loss=0.66007311 | train_loss=0.65852549 | train_ppl=1.93174417 | test_loss=0.66177321 | test_ppl=1.93766949
2026-06-16 22:47:14,712 [INFO] [rank=0] [TRAIN] Epoch 0660/2000 | opt_loss=0.64477131
2026-06-16 22:47:17,762 [INFO] [rank=0] [TRAIN] Epoch 0670/2000 | opt_loss=0.62985249
2026-06-16 22:47:40,120 [INFO] [rank=0] [TRAIN] Epoch 0680/2000 | opt_loss=0.61530913
2026-06-16 22:47:43,194 [INFO] [rank=0] [TRAIN] Epoch 0690/2000 | opt_loss=0.60113374
2026-06-16 22:48:05,646 [INFO] [rank=0] [TRAIN] Epoch 0700/2000 | opt_loss=0.58731889 | train_loss=0.58595695 | train_ppl=1.79654494 | test_loss=0.58949426 | test_ppl=1.80257570
2026-06-16 22:48:08,687 [INFO] [rank=0] [TRAIN] Epoch 0710/2000 | opt_loss=0.57385715
2026-06-16 22:48:11,806 [INFO] [rank=0] [TRAIN] Epoch 0720/2000 | opt_loss=0.56074116
2026-06-16 22:48:34,460 [INFO] [rank=0] [TRAIN] Epoch 0730/2000 | opt_loss=0.54796356
2026-06-16 22:48:37,528 [INFO] [rank=0] [TRAIN] Epoch 0740/2000 | opt_loss=0.53551706
2026-06-16 22:48:59,801 [INFO] [rank=0] [TRAIN] Epoch 0750/2000 | opt_loss=0.52339440 | train_loss=0.52219966 | train_ppl=1.68559023 | test_loss=0.52586966 | test_ppl=1.69148275
2026-06-16 22:49:02,888 [INFO] [rank=0] [TRAIN] Epoch 0760/2000 | opt_loss=0.51158838
2026-06-16 22:49:05,981 [INFO] [rank=0] [TRAIN] Epoch 0770/2000 | opt_loss=0.50009188
2026-06-16 22:49:28,406 [INFO] [rank=0] [TRAIN] Epoch 0780/2000 | opt_loss=0.48889783
2026-06-16 22:49:31,478 [INFO] [rank=0] [TRAIN] Epoch 0790/2000 | opt_loss=0.47799926
2026-06-16 22:49:53,794 [INFO] [rank=0] [TRAIN] Epoch 0800/2000 | opt_loss=0.46738926 | train_loss=0.46634387 | train_ppl=1.59402979 | test_loss=0.47003092 | test_ppl=1.59964430
2026-06-16 22:49:56,846 [INFO] [rank=0] [TRAIN] Epoch 0810/2000 | opt_loss=0.45706103
2026-06-16 22:49:59,913 [INFO] [rank=0] [TRAIN] Epoch 0820/2000 | opt_loss=0.44700789
2026-06-16 22:50:22,423 [INFO] [rank=0] [TRAIN] Epoch 0830/2000 | opt_loss=0.43722323
2026-06-16 22:50:25,563 [INFO] [rank=0] [TRAIN] Epoch 0840/2000 | opt_loss=0.42770057
2026-06-16 22:50:48,546 [INFO] [rank=0] [TRAIN] Epoch 0850/2000 | opt_loss=0.41843353 | train_loss=0.41752065 | train_ppl=1.51807814 | test_loss=0.42113144 | test_ppl=1.52332557
2026-06-16 22:50:51,710 [INFO] [rank=0] [TRAIN] Epoch 0860/2000 | opt_loss=0.40941586
2026-06-16 22:50:54,843 [INFO] [rank=0] [TRAIN] Epoch 0870/2000 | opt_loss=0.40064139
2026-06-16 22:51:17,176 [INFO] [rank=0] [TRAIN] Epoch 0880/2000 | opt_loss=0.39210407
2026-06-16 22:51:20,269 [INFO] [rank=0] [TRAIN] Epoch 0890/2000 | opt_loss=0.38379795
2026-06-16 22:51:42,594 [INFO] [rank=0] [TRAIN] Epoch 0900/2000 | opt_loss=0.37571718 | train_loss=0.37492127 | train_ppl=1.45476876 | test_loss=0.37837848 | test_ppl=1.45959029
2026-06-16 22:51:45,687 [INFO] [rank=0] [TRAIN] Epoch 0910/2000 | opt_loss=0.36785598
2026-06-16 22:51:48,831 [INFO] [rank=0] [TRAIN] Epoch 0920/2000 | opt_loss=0.36020865
2026-06-16 22:52:11,108 [INFO] [rank=0] [TRAIN] Epoch 0930/2000 | opt_loss=0.35276955
2026-06-16 22:52:14,197 [INFO] [rank=0] [TRAIN] Epoch 0940/2000 | opt_loss=0.34553312
2026-06-16 22:52:36,508 [INFO] [rank=0] [TRAIN] Epoch 0950/2000 | opt_loss=0.33849381 | train_loss=0.33780050 | train_ppl=1.40175625 | test_loss=0.34104897 | test_ppl=1.40612530
2026-06-16 22:52:39,576 [INFO] [rank=0] [TRAIN] Epoch 0960/2000 | opt_loss=0.33164614
2026-06-16 22:52:42,682 [INFO] [rank=0] [TRAIN] Epoch 0970/2000 | opt_loss=0.32498468
2026-06-16 22:53:04,952 [INFO] [rank=0] [TRAIN] Epoch 0980/2000 | opt_loss=0.31850405
2026-06-16 22:53:08,067 [INFO] [rank=0] [TRAIN] Epoch 0990/2000 | opt_loss=0.31219894
2026-06-16 22:53:30,282 [INFO] [rank=0] [TRAIN] Epoch 1000/2000 | opt_loss=0.30606412 | train_loss=0.30545981 | train_ppl=1.35714653 | test_loss=0.30847681 | test_ppl=1.36107708
2026-06-16 22:53:33,346 [INFO] [rank=0] [TRAIN] Epoch 1010/2000 | opt_loss=0.30009449
2026-06-16 22:53:36,443 [INFO] [rank=0] [TRAIN] Epoch 1020/2000 | opt_loss=0.29428505
2026-06-16 22:53:58,741 [INFO] [rank=0] [TRAIN] Epoch 1030/2000 | opt_loss=0.28863096
2026-06-16 22:54:01,823 [INFO] [rank=0] [TRAIN] Epoch 1040/2000 | opt_loss=0.28312753
2026-06-16 22:54:24,166 [INFO] [rank=0] [TRAIN] Epoch 1050/2000 | opt_loss=0.27777022 | train_loss=0.27724236 | train_ppl=1.31938582 | test_loss=0.28003070 | test_ppl=1.32291835
2026-06-16 22:54:27,230 [INFO] [rank=0] [TRAIN] Epoch 1060/2000 | opt_loss=0.27255466
2026-06-16 22:54:30,307 [INFO] [rank=0] [TRAIN] Epoch 1070/2000 | opt_loss=0.26747663
2026-06-16 22:54:53,864 [INFO] [rank=0] [TRAIN] Epoch 1080/2000 | opt_loss=0.26253207
2026-06-16 22:54:57,135 [INFO] [rank=0] [TRAIN] Epoch 1090/2000 | opt_loss=0.25771705
2026-06-16 22:55:22,245 [INFO] [rank=0] [TRAIN] Epoch 1100/2000 | opt_loss=0.25302779 | train_loss=0.25256564 | train_ppl=1.28722625 | test_loss=0.25513248 | test_ppl=1.29039884
2026-06-16 22:55:25,762 [INFO] [rank=0] [TRAIN] Epoch 1110/2000 | opt_loss=0.24846062
2026-06-16 22:55:29,333 [INFO] [rank=0] [TRAIN] Epoch 1120/2000 | opt_loss=0.24401201
2026-06-16 22:55:53,264 [INFO] [rank=0] [TRAIN] Epoch 1130/2000 | opt_loss=0.23967853
2026-06-16 22:55:57,305 [INFO] [rank=0] [TRAIN] Epoch 1140/2000 | opt_loss=0.23545687
2026-06-16 22:56:20,398 [INFO] [rank=0] [TRAIN] Epoch 1150/2000 | opt_loss=0.23134382 | train_loss=0.23093837 | train_ppl=1.25968678 | test_loss=0.23328822 | test_ppl=1.26252798
2026-06-16 22:56:23,951 [INFO] [rank=0] [TRAIN] Epoch 1160/2000 | opt_loss=0.22733628
2026-06-16 22:56:27,505 [INFO] [rank=0] [TRAIN] Epoch 1170/2000 | opt_loss=0.22343122
2026-06-16 22:56:53,842 [INFO] [rank=0] [TRAIN] Epoch 1180/2000 | opt_loss=0.21962575
2026-06-16 22:56:57,208 [INFO] [rank=0] [TRAIN] Epoch 1190/2000 | opt_loss=0.21591703
2026-06-16 22:57:21,747 [INFO] [rank=0] [TRAIN] Epoch 1200/2000 | opt_loss=0.21230232 | train_loss=0.21194592 | train_ppl=1.23598935 | test_loss=0.21408253 | test_ppl=1.23852218
2026-06-16 22:57:24,989 [INFO] [rank=0] [TRAIN] Epoch 1210/2000 | opt_loss=0.20877899
2026-06-16 22:57:28,202 [INFO] [rank=0] [TRAIN] Epoch 1220/2000 | opt_loss=0.20534446
2026-06-16 22:57:53,119 [INFO] [rank=0] [TRAIN] Epoch 1230/2000 | opt_loss=0.20199625
2026-06-16 22:57:56,616 [INFO] [rank=0] [TRAIN] Epoch 1240/2000 | opt_loss=0.19873195
2026-06-16 22:58:20,908 [INFO] [rank=0] [TRAIN] Epoch 1250/2000 | opt_loss=0.19554922 | train_loss=0.19523534 | train_ppl=1.21550856 | test_loss=0.19716240 | test_ppl=1.21775244
2026-06-16 22:58:24,423 [INFO] [rank=0] [TRAIN] Epoch 1260/2000 | opt_loss=0.19244580
2026-06-16 22:58:27,894 [INFO] [rank=0] [TRAIN] Epoch 1270/2000 | opt_loss=0.18941951
2026-06-16 22:58:51,945 [INFO] [rank=0] [TRAIN] Epoch 1280/2000 | opt_loss=0.18646822
2026-06-16 22:58:55,137 [INFO] [rank=0] [TRAIN] Epoch 1290/2000 | opt_loss=0.18358988
2026-06-16 22:59:18,092 [INFO] [rank=0] [TRAIN] Epoch 1300/2000 | opt_loss=0.18078249 | train_loss=0.18050558 | train_ppl=1.19773754 | test_loss=0.18222661 | test_ppl=1.19970889
2026-06-16 22:59:21,326 [INFO] [rank=0] [TRAIN] Epoch 1310/2000 | opt_loss=0.17804412
2026-06-16 22:59:24,459 [INFO] [rank=0] [TRAIN] Epoch 1320/2000 | opt_loss=0.17537291
2026-06-16 22:59:47,161 [INFO] [rank=0] [TRAIN] Epoch 1330/2000 | opt_loss=0.17276702
2026-06-16 22:59:50,337 [INFO] [rank=0] [TRAIN] Epoch 1340/2000 | opt_loss=0.17022472
2026-06-16 23:00:13,052 [INFO] [rank=0] [TRAIN] Epoch 1350/2000 | opt_loss=0.16774428 | train_loss=0.16749957 | train_ppl=1.18226268 | test_loss=0.16901794 | test_ppl=1.18397545
2026-06-16 23:00:16,155 [INFO] [rank=0] [TRAIN] Epoch 1360/2000 | opt_loss=0.16532406
2026-06-16 23:00:19,277 [INFO] [rank=0] [TRAIN] Epoch 1370/2000 | opt_loss=0.16296245
2026-06-16 23:00:42,043 [INFO] [rank=0] [TRAIN] Epoch 1380/2000 | opt_loss=0.16065789
2026-06-16 23:00:45,155 [INFO] [rank=0] [TRAIN] Epoch 1390/2000 | opt_loss=0.15840888
2026-06-16 23:01:07,735 [INFO] [rank=0] [TRAIN] Epoch 1400/2000 | opt_loss=0.15621395 | train_loss=0.15599738 | train_ppl=1.16874409 | test_loss=0.15731637 | test_ppl=1.17021035
2026-06-16 23:01:10,881 [INFO] [rank=0] [TRAIN] Epoch 1410/2000 | opt_loss=0.15407168
2026-06-16 23:01:14,008 [INFO] [rank=0] [TRAIN] Epoch 1420/2000 | opt_loss=0.15198068
2026-06-16 23:01:36,546 [INFO] [rank=0] [TRAIN] Epoch 1430/2000 | opt_loss=0.14993962
2026-06-16 23:01:39,616 [INFO] [rank=0] [TRAIN] Epoch 1440/2000 | opt_loss=0.14794720
2026-06-16 23:02:02,061 [INFO] [rank=0] [TRAIN] Epoch 1450/2000 | opt_loss=0.14600215 | train_loss=0.14581020 | train_ppl=1.15690048 | test_loss=0.14693317 | test_ppl=1.15813085
2026-06-16 23:02:05,292 [INFO] [rank=0] [TRAIN] Epoch 1460/2000 | opt_loss=0.14410324
2026-06-16 23:02:08,372 [INFO] [rank=0] [TRAIN] Epoch 1470/2000 | opt_loss=0.14224930
2026-06-16 23:02:30,813 [INFO] [rank=0] [TRAIN] Epoch 1480/2000 | opt_loss=0.14043914
2026-06-16 23:02:33,901 [INFO] [rank=0] [TRAIN] Epoch 1490/2000 | opt_loss=0.13867166
2026-06-16 23:02:56,440 [INFO] [rank=0] [TRAIN] Epoch 1500/2000 | opt_loss=0.13694575 | train_loss=0.13677541 | train_ppl=1.14649733 | test_loss=0.13770589 | test_ppl=1.14750144
2026-06-16 23:02:59,463 [INFO] [rank=0] [TRAIN] Epoch 1510/2000 | opt_loss=0.13526036
2026-06-16 23:03:02,533 [INFO] [rank=0] [TRAIN] Epoch 1520/2000 | opt_loss=0.13361445
2026-06-16 23:03:25,119 [INFO] [rank=0] [TRAIN] Epoch 1530/2000 | opt_loss=0.13200701
2026-06-16 23:03:26,965 [INFO] [rank=0] [TRAIN] Stop per budget temporale raggiunto a epoch=1536
2026-06-16 23:03:26,965 [INFO] [rank=0] [EVAL] Valutazione finale su train/test holdout
2026-06-16 23:03:48,244 [INFO] [rank=0] [EVAL] Final train | loss=0.13090416 | ppl=1.13978722
2026-06-16 23:03:48,244 [INFO] [rank=0] [EVAL] Final test  | loss=0.13169836 | ppl=1.14063392
2026-06-16 23:03:48,244 [INFO] [rank=0] [SAVE] Run completata: results\run_20260616_230346_seed42
2026-06-16 23:03:48,245 [INFO] [rank=0] [SAVE] Matrici: results\run_20260616_230346_seed42\matrices
2026-06-16 23:03:48,245 [INFO] [rank=0] [SAVE] Parametri: results\run_20260616_230346_seed42\parameters
2026-06-16 23:03:48,245 [INFO] [rank=0] [SAVE] Summary: results\run_20260616_230346_seed42\summaries
2026-06-16 23:03:48,245 [INFO] [rank=0] [SAVE] Plots: results\run_20260616_230346_seed42\plots
2026-06-16 23:03:49,217 [INFO] [rank=0] [Rank 0] Uscita pulita (exit=0)
2026-06-16 23:05:18,771 [INFO] [rank=0] [MPI] Avvio backend distribuito JAX+PennyLane su 1 rank
2026-06-16 23:05:18,854 [INFO] [rank=0] [DATA] Frasi testuali caricate: 5 | lunghezza=10
2026-06-16 23:05:18,854 [INFO] [rank=0] [DATA] Split frasi | train=4 | test=1
2026-06-16 23:05:20,617 [INFO] [rank=0] [TRAIN] Backend JAX+PennyLane+MPI | epochs=2000 | lr=0.001 | padded_sequence_length=16
2026-06-16 23:05:20,618 [INFO] [rank=0] [MPI] ranks=1 | sample_globali=4 | sample_locali_medi~=4
2026-06-16 23:05:20,618 [INFO] [rank=0] [TRAIN] Time budget attivo: 0.50 ore (~30.0 minuti)
2026-06-16 23:05:20,618 [INFO] [rank=0] [TRAIN] Warmup JIT alla prima iterazione di ogni rank
2026-06-16 23:07:02,273 [INFO] [rank=0] [TRAIN] Epoch 0001/2000 | opt_loss=7.35827323 | train_loss=7.11304129 | train_ppl=1227.87619519 | test_loss=7.11304129 | test_ppl=1227.87619519
2026-06-16 23:07:03,502 [INFO] [rank=0] [TRAIN] Epoch 0010/2000 | opt_loss=5.79150518
2026-06-16 23:07:04,872 [INFO] [rank=0] [TRAIN] Epoch 0020/2000 | opt_loss=4.94171788
2026-06-16 23:07:39,659 [INFO] [rank=0] [TRAIN] Epoch 0030/2000 | opt_loss=4.47451441
2026-06-16 23:07:41,059 [INFO] [rank=0] [TRAIN] Epoch 0040/2000 | opt_loss=4.18317373
2026-06-16 23:08:15,428 [INFO] [rank=0] [TRAIN] Epoch 0050/2000 | opt_loss=3.97843546 | train_loss=3.96084280 | train_ppl=52.50155580 | test_loss=3.96084280 | test_ppl=52.50155580
2026-06-16 23:08:16,864 [INFO] [rank=0] [TRAIN] Epoch 0060/2000 | opt_loss=3.81694138
2026-06-16 23:08:18,300 [INFO] [rank=0] [TRAIN] Epoch 0070/2000 | opt_loss=3.67598465
2026-06-16 23:08:57,041 [INFO] [rank=0] [TRAIN] Epoch 0080/2000 | opt_loss=3.54450880
2026-06-16 23:08:58,613 [INFO] [rank=0] [TRAIN] Epoch 0090/2000 | opt_loss=3.41721335
2026-06-16 23:09:35,263 [INFO] [rank=0] [TRAIN] Epoch 0100/2000 | opt_loss=3.29171166 | train_loss=3.27921929 | train_ppl=26.55503294 | test_loss=3.27921929 | test_ppl=26.55503294
2026-06-16 23:09:36,824 [INFO] [rank=0] [TRAIN] Epoch 0110/2000 | opt_loss=3.16726521
2026-06-16 23:09:38,414 [INFO] [rank=0] [TRAIN] Epoch 0120/2000 | opt_loss=3.04454244
2026-06-16 23:10:17,231 [INFO] [rank=0] [TRAIN] Epoch 0130/2000 | opt_loss=2.92542104
2026-06-16 23:10:18,932 [INFO] [rank=0] [TRAIN] Epoch 0140/2000 | opt_loss=2.81240824
2026-06-16 23:10:54,959 [INFO] [rank=0] [TRAIN] Epoch 0150/2000 | opt_loss=2.70779169 | train_loss=2.69785400 | train_ppl=14.84783407 | test_loss=2.69785400 | test_ppl=14.84783407
2026-06-16 23:10:56,444 [INFO] [rank=0] [TRAIN] Epoch 0160/2000 | opt_loss=2.61291645
2026-06-16 23:10:57,957 [INFO] [rank=0] [TRAIN] Epoch 0170/2000 | opt_loss=2.52795290
2026-06-16 23:11:33,721 [INFO] [rank=0] [TRAIN] Epoch 0180/2000 | opt_loss=2.45214727
2026-06-16 23:11:35,226 [INFO] [rank=0] [TRAIN] Epoch 0190/2000 | opt_loss=2.38426829
2026-06-16 23:12:10,609 [INFO] [rank=0] [TRAIN] Epoch 0200/2000 | opt_loss=2.32298919 | train_loss=2.31717630 | train_ppl=10.14698181 | test_loss=2.31717630 | test_ppl=10.14698181
2026-06-16 23:12:12,217 [INFO] [rank=0] [TRAIN] Epoch 0210/2000 | opt_loss=2.26710855
2026-06-16 23:12:13,763 [INFO] [rank=0] [TRAIN] Epoch 0220/2000 | opt_loss=2.21563633
2026-06-16 23:12:49,099 [INFO] [rank=0] [TRAIN] Epoch 0230/2000 | opt_loss=2.16779939
2026-06-16 23:12:50,568 [INFO] [rank=0] [TRAIN] Epoch 0240/2000 | opt_loss=2.12300887
2026-06-16 23:13:25,279 [INFO] [rank=0] [TRAIN] Epoch 0250/2000 | opt_loss=2.08081724 | train_loss=2.07672703 | train_ppl=7.97831332 | test_loss=2.07672703 | test_ppl=7.97831332
2026-06-16 23:13:26,779 [INFO] [rank=0] [TRAIN] Epoch 0260/2000 | opt_loss=2.04087949
2026-06-16 23:13:28,263 [INFO] [rank=0] [TRAIN] Epoch 0270/2000 | opt_loss=2.00292304
2026-06-16 23:14:02,950 [INFO] [rank=0] [TRAIN] Epoch 0280/2000 | opt_loss=1.96672633
2026-06-16 23:14:04,470 [INFO] [rank=0] [TRAIN] Epoch 0290/2000 | opt_loss=1.93210434
2026-06-16 23:14:39,065 [INFO] [rank=0] [TRAIN] Epoch 0300/2000 | opt_loss=1.89889906 | train_loss=1.89565101 | train_ppl=6.65688072 | test_loss=1.89565101 | test_ppl=6.65688072
2026-06-16 23:14:40,577 [INFO] [rank=0] [TRAIN] Epoch 0310/2000 | opt_loss=1.86697323
2026-06-16 23:14:42,062 [INFO] [rank=0] [TRAIN] Epoch 0320/2000 | opt_loss=1.83620623
2026-06-16 23:15:16,717 [INFO] [rank=0] [TRAIN] Epoch 0330/2000 | opt_loss=1.80649125
2026-06-16 23:15:18,213 [INFO] [rank=0] [TRAIN] Epoch 0340/2000 | opt_loss=1.77773333
2026-06-16 23:15:52,935 [INFO] [rank=0] [TRAIN] Epoch 0350/2000 | opt_loss=1.74984783 | train_loss=1.74710428 | train_ppl=5.73796309 | test_loss=1.74710428 | test_ppl=5.73796309
2026-06-16 23:15:54,371 [INFO] [rank=0] [TRAIN] Epoch 0360/2000 | opt_loss=1.72275932
2026-06-16 23:15:55,823 [INFO] [rank=0] [TRAIN] Epoch 0370/2000 | opt_loss=1.69640057
2026-06-16 23:16:32,250 [INFO] [rank=0] [TRAIN] Epoch 0380/2000 | opt_loss=1.67071174
2026-06-16 23:16:33,791 [INFO] [rank=0] [TRAIN] Epoch 0390/2000 | opt_loss=1.64563961
2026-06-16 23:17:08,985 [INFO] [rank=0] [TRAIN] Epoch 0400/2000 | opt_loss=1.62113695 | train_loss=1.61871635 | train_ppl=5.04660809 | test_loss=1.61871635 | test_ppl=5.04660809
2026-06-16 23:17:10,636 [INFO] [rank=0] [TRAIN] Epoch 0410/2000 | opt_loss=1.59716184
2026-06-16 23:17:12,170 [INFO] [rank=0] [TRAIN] Epoch 0420/2000 | opt_loss=1.57367710
2026-06-16 23:17:47,208 [INFO] [rank=0] [TRAIN] Epoch 0430/2000 | opt_loss=1.55064978
2026-06-16 23:17:48,720 [INFO] [rank=0] [TRAIN] Epoch 0440/2000 | opt_loss=1.52805068
2026-06-16 23:18:23,564 [INFO] [rank=0] [TRAIN] Epoch 0450/2000 | opt_loss=1.50585386 | train_loss=1.50365539 | train_ppl=4.49810137 | test_loss=1.50365539 | test_ppl=4.49810137
2026-06-16 23:18:25,070 [INFO] [rank=0] [TRAIN] Epoch 0460/2000 | opt_loss=1.48403626
2026-06-16 23:18:26,582 [INFO] [rank=0] [TRAIN] Epoch 0470/2000 | opt_loss=1.46257737
2026-06-16 23:19:02,457 [INFO] [rank=0] [TRAIN] Epoch 0480/2000 | opt_loss=1.44145889
2026-06-16 23:19:03,921 [INFO] [rank=0] [TRAIN] Epoch 0490/2000 | opt_loss=1.42066445
2026-06-16 23:19:38,859 [INFO] [rank=0] [TRAIN] Epoch 0500/2000 | opt_loss=1.40017938 | train_loss=1.39814737 | train_ppl=4.04769413 | test_loss=1.39814737 | test_ppl=4.04769413
2026-06-16 23:19:40,337 [INFO] [rank=0] [TRAIN] Epoch 0510/2000 | opt_loss=1.37999053
2026-06-16 23:19:41,814 [INFO] [rank=0] [TRAIN] Epoch 0520/2000 | opt_loss=1.36008606
2026-06-16 23:20:16,766 [INFO] [rank=0] [TRAIN] Epoch 0530/2000 | opt_loss=1.34045532
2026-06-16 23:20:18,275 [INFO] [rank=0] [TRAIN] Epoch 0540/2000 | opt_loss=1.32108874
2026-06-16 23:20:53,073 [INFO] [rank=0] [TRAIN] Epoch 0550/2000 | opt_loss=1.30197768 | train_loss=1.30008033 | train_ppl=3.66959143 | test_loss=1.30008033 | test_ppl=3.66959143
2026-06-16 23:20:54,490 [INFO] [rank=0] [TRAIN] Epoch 0560/2000 | opt_loss=1.28311442
2026-06-16 23:20:55,924 [INFO] [rank=0] [TRAIN] Epoch 0570/2000 | opt_loss=1.26449203
2026-06-16 23:21:30,614 [INFO] [rank=0] [TRAIN] Epoch 0580/2000 | opt_loss=1.24610434
2026-06-16 23:21:32,084 [INFO] [rank=0] [TRAIN] Epoch 0590/2000 | opt_loss=1.22794588
2026-06-16 23:22:06,730 [INFO] [rank=0] [TRAIN] Epoch 0600/2000 | opt_loss=1.21001188 | train_loss=1.20823065 | train_ppl=3.34755642 | test_loss=1.20823065 | test_ppl=3.34755642
2026-06-16 23:22:08,241 [INFO] [rank=0] [TRAIN] Epoch 0610/2000 | opt_loss=1.19229815
2026-06-16 23:22:09,770 [INFO] [rank=0] [TRAIN] Epoch 0620/2000 | opt_loss=1.17480114
2026-06-16 23:22:45,025 [INFO] [rank=0] [TRAIN] Epoch 0630/2000 | opt_loss=1.15751785
2026-06-16 23:22:46,521 [INFO] [rank=0] [TRAIN] Epoch 0640/2000 | opt_loss=1.14044582
2026-06-16 23:23:21,253 [INFO] [rank=0] [TRAIN] Epoch 0650/2000 | opt_loss=1.12358310 | train_loss=1.12190828 | train_ppl=3.07070838 | test_loss=1.12190828 | test_ppl=3.07070838
2026-06-16 23:23:22,782 [INFO] [rank=0] [TRAIN] Epoch 0660/2000 | opt_loss=1.10692822
2026-06-16 23:23:24,306 [INFO] [rank=0] [TRAIN] Epoch 0670/2000 | opt_loss=1.09048015
2026-06-16 23:23:58,741 [INFO] [rank=0] [TRAIN] Epoch 0680/2000 | opt_loss=1.07423828
2026-06-16 23:24:00,245 [INFO] [rank=0] [TRAIN] Epoch 0690/2000 | opt_loss=1.05820239
2026-06-16 23:24:34,348 [INFO] [rank=0] [TRAIN] Epoch 0700/2000 | opt_loss=1.04237261 | train_loss=1.04080098 | train_ppl=2.83148407 | test_loss=1.04080098 | test_ppl=2.83148407
2026-06-16 23:24:35,774 [INFO] [rank=0] [TRAIN] Epoch 0710/2000 | opt_loss=1.02674936
2026-06-16 23:24:37,214 [INFO] [rank=0] [TRAIN] Epoch 0720/2000 | opt_loss=1.01133335
2026-06-16 23:25:11,455 [INFO] [rank=0] [TRAIN] Epoch 0730/2000 | opt_loss=0.99612554
2026-06-16 23:25:12,985 [INFO] [rank=0] [TRAIN] Epoch 0740/2000 | opt_loss=0.98112707
2026-06-16 23:25:47,247 [INFO] [rank=0] [TRAIN] Epoch 0750/2000 | opt_loss=0.96633923 | train_loss=0.96487209 | train_ppl=2.62445193 | test_loss=0.96487209 | test_ppl=2.62445193
2026-06-16 23:25:48,740 [INFO] [rank=0] [TRAIN] Epoch 0760/2000 | opt_loss=0.95176346
2026-06-16 23:25:50,220 [INFO] [rank=0] [TRAIN] Epoch 0770/2000 | opt_loss=0.93740125
2026-06-16 23:26:25,093 [INFO] [rank=0] [TRAIN] Epoch 0780/2000 | opt_loss=0.92325416
2026-06-16 23:26:26,595 [INFO] [rank=0] [TRAIN] Epoch 0790/2000 | opt_loss=0.90932374
2026-06-16 23:27:04,634 [INFO] [rank=0] [TRAIN] Epoch 0800/2000 | opt_loss=0.89561150 | train_loss=0.89425234 | train_ppl=2.44550669 | test_loss=0.89425234 | test_ppl=2.44550669
2026-06-16 23:27:06,392 [INFO] [rank=0] [TRAIN] Epoch 0810/2000 | opt_loss=0.88211892
2026-06-16 23:27:07,971 [INFO] [rank=0] [TRAIN] Epoch 0820/2000 | opt_loss=0.86884736
2026-06-16 23:27:46,829 [INFO] [rank=0] [TRAIN] Epoch 0830/2000 | opt_loss=0.85579806
2026-06-16 23:27:48,591 [INFO] [rank=0] [TRAIN] Epoch 0840/2000 | opt_loss=0.84297212
2026-06-16 23:28:25,162 [INFO] [rank=0] [TRAIN] Epoch 0850/2000 | opt_loss=0.83037045 | train_loss=0.82912264 | train_ppl=2.29130756 | test_loss=0.82912264 | test_ppl=2.29130756
2026-06-16 23:28:26,717 [INFO] [rank=0] [TRAIN] Epoch 0860/2000 | opt_loss=0.81799376
2026-06-16 23:28:28,299 [INFO] [rank=0] [TRAIN] Epoch 0870/2000 | opt_loss=0.80584257
2026-06-16 23:29:05,042 [INFO] [rank=0] [TRAIN] Epoch 0880/2000 | opt_loss=0.79391716
2026-06-16 23:29:06,597 [INFO] [rank=0] [TRAIN] Epoch 0890/2000 | opt_loss=0.78221754
2026-06-16 23:29:41,248 [INFO] [rank=0] [TRAIN] Epoch 0900/2000 | opt_loss=0.77074351 | train_loss=0.76960850 | train_ppl=2.15892087 | test_loss=0.76960850 | test_ppl=2.15892087
2026-06-16 23:29:42,748 [INFO] [rank=0] [TRAIN] Epoch 0910/2000 | opt_loss=0.75949459
2026-06-16 23:29:44,251 [INFO] [rank=0] [TRAIN] Epoch 0920/2000 | opt_loss=0.74847002
2026-06-16 23:30:18,488 [INFO] [rank=0] [TRAIN] Epoch 0930/2000 | opt_loss=0.73766880
2026-06-16 23:30:20,001 [INFO] [rank=0] [TRAIN] Epoch 0940/2000 | opt_loss=0.72708965
2026-06-16 23:30:54,028 [INFO] [rank=0] [TRAIN] Epoch 0950/2000 | opt_loss=0.71673103 | train_loss=0.71570723 | train_ppl=2.04563290 | test_loss=0.71570723 | test_ppl=2.04563290
2026-06-16 23:30:55,538 [INFO] [rank=0] [TRAIN] Epoch 0960/2000 | opt_loss=0.70659114
2026-06-16 23:30:57,046 [INFO] [rank=0] [TRAIN] Epoch 0970/2000 | opt_loss=0.69666794
2026-06-16 23:31:30,823 [INFO] [rank=0] [TRAIN] Epoch 0980/2000 | opt_loss=0.68695912
2026-06-16 23:31:32,336 [INFO] [rank=0] [TRAIN] Epoch 0990/2000 | opt_loss=0.67746214
2026-06-16 23:32:08,057 [INFO] [rank=0] [TRAIN] Epoch 1000/2000 | opt_loss=0.66817425 | train_loss=0.66725685 | train_ppl=1.94888390 | test_loss=0.66725685 | test_ppl=1.94888390
2026-06-16 23:32:09,676 [INFO] [rank=0] [TRAIN] Epoch 1010/2000 | opt_loss=0.65917979
2026-06-16 23:32:11,158 [INFO] [rank=0] [TRAIN] Epoch 1020/2000 | opt_loss=0.65054718
2026-06-16 23:32:45,222 [INFO] [rank=0] [TRAIN] Epoch 1030/2000 | opt_loss=0.64233759
2026-06-16 23:32:46,763 [INFO] [rank=0] [TRAIN] Epoch 1040/2000 | opt_loss=0.63418540
2026-06-16 23:33:20,423 [INFO] [rank=0] [TRAIN] Epoch 1050/2000 | opt_loss=0.62580789 | train_loss=0.62507105 | train_ppl=1.86837870 | test_loss=0.62507105 | test_ppl=1.86837870
2026-06-16 23:33:21,910 [INFO] [rank=0] [TRAIN] Epoch 1060/2000 | opt_loss=0.61912923
2026-06-16 23:33:23,393 [INFO] [rank=0] [TRAIN] Epoch 1070/2000 | opt_loss=0.61375526
2026-06-16 23:33:57,133 [INFO] [rank=0] [TRAIN] Epoch 1080/2000 | opt_loss=0.60517700
2026-06-16 23:33:58,654 [INFO] [rank=0] [TRAIN] Epoch 1090/2000 | opt_loss=0.59784784
2026-06-16 23:34:32,357 [INFO] [rank=0] [TRAIN] Epoch 1100/2000 | opt_loss=0.59085147 | train_loss=0.59014205 | train_ppl=1.80424470 | test_loss=0.59014205 | test_ppl=1.80424470
2026-06-16 23:34:33,910 [INFO] [rank=0] [TRAIN] Epoch 1110/2000 | opt_loss=0.58377276
2026-06-16 23:34:35,448 [INFO] [rank=0] [TRAIN] Epoch 1120/2000 | opt_loss=0.57883435
2026-06-16 23:35:09,590 [INFO] [rank=0] [TRAIN] Epoch 1130/2000 | opt_loss=0.57481394
2026-06-16 23:35:11,098 [INFO] [rank=0] [TRAIN] Epoch 1140/2000 | opt_loss=0.56933810
2026-06-16 23:35:44,773 [INFO] [rank=0] [TRAIN] Epoch 1150/2000 | opt_loss=0.56372633 | train_loss=0.56306220 | train_ppl=1.75604162 | test_loss=0.56306220 | test_ppl=1.75604162
2026-06-16 23:35:44,774 [INFO] [rank=0] [TRAIN] Stop per budget temporale raggiunto a epoch=1150
2026-06-16 23:35:44,774 [INFO] [rank=0] [EVAL] Valutazione finale su train/test holdout
2026-06-16 23:36:20,084 [INFO] [rank=0] [EVAL] Final train | loss=0.56306220 | ppl=1.75604162
2026-06-16 23:36:20,085 [INFO] [rank=0] [EVAL] Final test  | loss=0.56306220 | ppl=1.75604162
2026-06-16 23:36:20,085 [INFO] [rank=0] [SAVE] Run completata: results\run_20260616_233618_seed42
2026-06-16 23:36:20,085 [INFO] [rank=0] [SAVE] Matrici: results\run_20260616_233618_seed42\matrices
2026-06-16 23:36:20,085 [INFO] [rank=0] [SAVE] Parametri: results\run_20260616_233618_seed42\parameters
2026-06-16 23:36:20,085 [INFO] [rank=0] [SAVE] Summary: results\run_20260616_233618_seed42\summaries
2026-06-16 23:36:20,085 [INFO] [rank=0] [SAVE] Plots: results\run_20260616_233618_seed42\plots
2026-06-16 23:36:21,498 [INFO] [rank=0] [Rank 0] Uscita pulita (exit=0)
2026-06-17 09:45:56,607 [INFO] [rank=0] [MPI] Avvio backend distribuito JAX+PennyLane su 1 rank
2026-06-17 09:45:56,689 [INFO] [rank=0] [DATA] Frasi testuali caricate: 25 | lunghezza=5
2026-06-17 09:45:56,690 [INFO] [rank=0] [DATA] Split frasi | train=20 | test=5
2026-06-17 09:45:58,393 [INFO] [rank=0] [TRAIN] Backend JAX+PennyLane+MPI | epochs=2000 | lr=0.001 | padded_sequence_length=8
2026-06-17 09:45:58,393 [INFO] [rank=0] [MPI] ranks=1 | sample_globali=20 | sample_locali_medi~=20
2026-06-17 09:45:58,393 [INFO] [rank=0] [TRAIN] Time budget attivo: 0.25 ore (~15.0 minuti)
2026-06-17 09:45:58,393 [INFO] [rank=0] [TRAIN] Warmup JIT alla prima iterazione di ogni rank
2026-06-17 09:49:50,211 [INFO] [rank=0] [TRAIN] Epoch 0001/2000 | opt_loss=6.48872752 | train_loss=6.37208721 | train_ppl=581.84623152 | test_loss=6.30062393 | test_ppl=543.97267007
2026-06-17 09:50:02,056 [INFO] [rank=0] [TRAIN] Epoch 0010/2000 | opt_loss=5.67723784
2026-06-17 09:50:15,658 [INFO] [rank=0] [TRAIN] Epoch 0020/2000 | opt_loss=5.13822206
2026-06-17 09:51:39,077 [INFO] [rank=0] [TRAIN] Epoch 0030/2000 | opt_loss=4.76963142
2026-06-17 09:51:53,540 [INFO] [rank=0] [TRAIN] Epoch 0040/2000 | opt_loss=4.49314391
2026-06-17 09:53:19,888 [INFO] [rank=0] [TRAIN] Epoch 0050/2000 | opt_loss=4.26760774 | train_loss=4.24710285 | train_ppl=69.66889473 | test_loss=4.21085009 | test_ppl=67.40200301
2026-06-17 09:53:33,330 [INFO] [rank=0] [TRAIN] Epoch 0060/2000 | opt_loss=4.07633430
2026-06-17 09:53:46,249 [INFO] [rank=0] [TRAIN] Epoch 0070/2000 | opt_loss=3.91118828
2026-06-17 09:55:14,379 [INFO] [rank=0] [TRAIN] Epoch 0080/2000 | opt_loss=3.76741642
2026-06-17 09:55:29,439 [INFO] [rank=0] [TRAIN] Epoch 0090/2000 | opt_loss=3.64115553
2026-06-17 09:56:53,693 [INFO] [rank=0] [TRAIN] Epoch 0100/2000 | opt_loss=3.52911854 | train_loss=3.51858869 | train_ppl=33.64095337 | test_loss=3.51141708 | test_ppl=33.49222125
2026-06-17 09:57:07,767 [INFO] [rank=0] [TRAIN] Epoch 0110/2000 | opt_loss=3.42862842
2026-06-17 09:57:22,072 [INFO] [rank=0] [TRAIN] Epoch 0120/2000 | opt_loss=3.33753858
2026-06-17 09:58:48,040 [INFO] [rank=0] [TRAIN] Epoch 0130/2000 | opt_loss=3.25406907
2026-06-17 09:59:01,771 [INFO] [rank=0] [TRAIN] Epoch 0140/2000 | opt_loss=3.17672385
2026-06-17 10:00:23,713 [INFO] [rank=0] [TRAIN] Epoch 0150/2000 | opt_loss=3.10425571 | train_loss=3.09723586 | train_ppl=21.90816989 | test_loss=3.08186494 | test_ppl=21.79695416
2026-06-17 10:00:37,600 [INFO] [rank=0] [TRAIN] Epoch 0160/2000 | opt_loss=3.03563803
2026-06-17 10:00:51,508 [INFO] [rank=0] [TRAIN] Epoch 0170/2000 | opt_loss=2.97003418
2026-06-17 10:02:07,615 [INFO] [rank=0] [TRAIN] Stop per budget temporale raggiunto a epoch=175
2026-06-17 10:02:07,615 [INFO] [rank=0] [EVAL] Valutazione finale su train/test holdout
2026-06-17 10:03:19,988 [INFO] [rank=0] [EVAL] Final train | loss=2.93183056 | ppl=18.42887013
2026-06-17 10:03:19,989 [INFO] [rank=0] [EVAL] Final test  | loss=2.90249733 | ppl=18.21762456
2026-06-17 10:03:19,989 [INFO] [rank=0] [SAVE] Run completata: results\run_20260617_100317_seed42
2026-06-17 10:03:19,989 [INFO] [rank=0] [SAVE] Matrici: results\run_20260617_100317_seed42\matrices
2026-06-17 10:03:19,989 [INFO] [rank=0] [SAVE] Parametri: results\run_20260617_100317_seed42\parameters
2026-06-17 10:03:19,990 [INFO] [rank=0] [SAVE] Summary: results\run_20260617_100317_seed42\summaries
2026-06-17 10:03:19,990 [INFO] [rank=0] [SAVE] Plots: results\run_20260617_100317_seed42\plots
2026-06-17 10:03:22,302 [INFO] [rank=0] [Rank 0] Uscita pulita (exit=0)
2026-06-17 10:12:31,992 [INFO] [rank=0] [MPI] Avvio backend distribuito JAX+PennyLane su 1 rank
2026-06-17 10:12:32,074 [INFO] [rank=0] [DATA] Frasi testuali caricate: 100 | lunghezza=10
2026-06-17 10:12:32,075 [INFO] [rank=0] [DATA] Split frasi | train=80 | test=20
2026-06-17 10:12:34,168 [INFO] [rank=0] [TRAIN] Backend JAX+PennyLane+MPI | epochs=2000 | lr=0.001 | padded_sequence_length=16
2026-06-17 10:12:34,168 [INFO] [rank=0] [MPI] ranks=1 | sample_globali=80 | sample_locali_medi~=80
2026-06-17 10:12:34,169 [INFO] [rank=0] [TRAIN] Time budget attivo: 15000000000.0 minuti (~250000000.00 ore)
2026-06-17 10:12:34,169 [INFO] [rank=0] [TRAIN] Warmup JIT alla prima iterazione di ogni rank
2026-06-17 10:23:00,051 [INFO] [rank=0] [TRAIN] Epoch 0001/2000 | opt_loss=6.69329188 | train_loss=6.58698684 | train_ppl=656.39975890 | test_loss=6.45287006 | test_ppl=627.56743619
2026-06-17 10:24:18,413 [ERROR] [rank=0] Errore critico durante l'esecuzione JAX
2026-06-17 10:24:18,455 [ERROR] [rank=0] Tipo: JaxRuntimeError, Msg: RESOURCE_EXHAUSTED: Out of memory allocating 27060663568 bytes.
2026-06-17 10:24:18,714 [ERROR] [rank=0] Traceback (most recent call last):
2026-06-17 10:24:18,714 [ERROR] [rank=0]   File "C:\Users\Ale\Desktop\progetti\variational_quantum_transformer_superposition\main_hpc.py", line 77, in main
2026-06-17 10:24:18,714 [ERROR] [rank=0]     result = run_training(logger=logger, cfg=cfg, comm=comm, rank=rank, size=size)
2026-06-17 10:24:18,715 [ERROR] [rank=0]   File "C:\Users\Ale\Desktop\progetti\variational_quantum_transformer_superposition\jax_training_pipeline.py", line 1004, in run_training
2026-06-17 10:24:18,715 [ERROR] [rank=0]     global_loss_sum = _allreduce_scalar(comm, np.asarray(_as_float(local_loss_sum), dtype=np.float64))
2026-06-17 10:24:18,715 [ERROR] [rank=0]                                                          ~~~~~~~~~^^^^^^^^^^^^^^^^
2026-06-17 10:24:18,715 [ERROR] [rank=0]   File "C:\Users\Ale\Desktop\progetti\variational_quantum_transformer_superposition\jax_training_pipeline.py", line 49, in _as_float
2026-06-17 10:24:18,716 [ERROR] [rank=0]     return float(np.asarray(jax.device_get(value)))
2026-06-17 10:24:18,716 [ERROR] [rank=0]                             ~~~~~~~~~~~~~~^^^^^^^
2026-06-17 10:24:18,716 [ERROR] [rank=0]   File "c:\Users\Ale\Desktop\progetti\variational_quantum_transformer_superposition\.venv\Lib\site-packages\jax\_src\api.py", line 2385, in device_get
2026-06-17 10:24:18,716 [ERROR] [rank=0]     return tree_map(_device_get, x)
2026-06-17 10:24:18,716 [ERROR] [rank=0]   File "c:\Users\Ale\Desktop\progetti\variational_quantum_transformer_superposition\.venv\Lib\site-packages\jax\_src\tree_util.py", line 394, in tree_map
2026-06-17 10:24:18,717 [ERROR] [rank=0]     return treedef.unflatten(f(*xs) for xs in zip(*all_leaves))
2026-06-17 10:24:18,717 [ERROR] [rank=0]            ~~~~~~~~~~~~~~~~~^^^^^^^^^^^^^^^^^^^^^^^^^^^^^^^^^^^
2026-06-17 10:24:18,717 [ERROR] [rank=0]   File "c:\Users\Ale\Desktop\progetti\variational_quantum_transformer_superposition\.venv\Lib\site-packages\jax\_src\tree_util.py", line 394, in <genexpr>
2026-06-17 10:24:18,717 [ERROR] [rank=0]     return treedef.unflatten(f(*xs) for xs in zip(*all_leaves))
2026-06-17 10:24:18,717 [ERROR] [rank=0]                              ~^^^^^
2026-06-17 10:24:18,717 [ERROR] [rank=0]   File "c:\Users\Ale\Desktop\progetti\variational_quantum_transformer_superposition\.venv\Lib\site-packages\jax\_src\api.py", line 2346, in _device_get
2026-06-17 10:24:18,718 [ERROR] [rank=0]     return toarray()
2026-06-17 10:24:18,718 [ERROR] [rank=0]   File "c:\Users\Ale\Desktop\progetti\variational_quantum_transformer_superposition\.venv\Lib\site-packages\jax\_src\array.py", line 414, in __array__
2026-06-17 10:24:18,718 [ERROR] [rank=0]     return np.asarray(self._value, dtype=dtype, **kwds)  # pyrefly: ignore[no-matching-overload]
2026-06-17 10:24:18,718 [ERROR] [rank=0]                       ^^^^^^^^^^^
2026-06-17 10:24:18,718 [ERROR] [rank=0]   File "c:\Users\Ale\Desktop\progetti\variational_quantum_transformer_superposition\.venv\Lib\site-packages\jax\_src\profiler.py", line 427, in wrapper
2026-06-17 10:24:18,719 [ERROR] [rank=0]     return func(*args, **kwargs)
2026-06-17 10:24:18,719 [ERROR] [rank=0]   File "c:\Users\Ale\Desktop\progetti\variational_quantum_transformer_superposition\.venv\Lib\site-packages\jax\_src\array.py", line 614, in _value
2026-06-17 10:24:18,719 [ERROR] [rank=0]     npy_value, did_copy = self._single_device_array_to_np_array_did_copy()
2026-06-17 10:24:18,719 [ERROR] [rank=0]                           ~~~~~~~~~~~~~~~~~~~~~~~~~~~~~~~~~~~~~~~~~~~~~~^^
2026-06-17 10:24:18,719 [ERROR] [rank=0] jax.errors.JaxRuntimeError: RESOURCE_EXHAUSTED: Out of memory allocating 27060663568 bytes.
2026-06-17 10:24:26,287 [ERROR] [rank=0] [Rank 0] Uscita con errore (exit=1)
2026-06-17 21:46:30,897 [INFO] [rank=0] [MPI] Avvio backend distribuito JAX+PennyLane su 1 rank
2026-06-17 21:46:30,983 [INFO] [rank=0] [DATA] Frasi testuali caricate: 100 | lunghezza=10
2026-06-17 21:46:30,984 [INFO] [rank=0] [DATA] Split frasi | train=80 | test=20
2026-06-17 21:46:33,167 [INFO] [rank=0] [TRAIN] Backend JAX+PennyLane+MPI | epochs=2000 | lr=0.001 | padded_sequence_length=16
2026-06-17 21:46:33,167 [INFO] [rank=0] [MPI] ranks=1 | sample_globali=80 | sample_locali_medi~=80
2026-06-17 21:46:33,167 [INFO] [rank=0] [TRAIN] Time budget attivo: 15000000000.0 minuti (~250000000.00 ore)
2026-06-17 21:46:33,167 [INFO] [rank=0] [TRAIN] Warmup JIT alla prima iterazione di ogni rank
2026-06-17 21:57:25,633 [INFO] [rank=0] [TRAIN] Epoch 0001/2000 | opt_loss=6.69329188 | train_loss=6.58698684 | train_ppl=656.39975890 | test_loss=6.45287006 | test_ppl=627.56743619
2026-06-17 21:59:06,952 [ERROR] [rank=0] Errore critico durante l'esecuzione JAX
2026-06-17 21:59:06,963 [ERROR] [rank=0] Tipo: JaxRuntimeError, Msg: RESOURCE_EXHAUSTED: Out of memory allocating 27060663568 bytes.
2026-06-17 21:59:07,289 [ERROR] [rank=0] Traceback (most recent call last):
2026-06-17 21:59:07,289 [ERROR] [rank=0]   File "C:\Users\Ale\Desktop\progetti\variational_quantum_transformer_superposition\main_hpc.py", line 77, in main
2026-06-17 21:59:07,290 [ERROR] [rank=0]     result = run_training(logger=logger, cfg=cfg, comm=comm, rank=rank, size=size)
2026-06-17 21:59:07,290 [ERROR] [rank=0]   File "C:\Users\Ale\Desktop\progetti\variational_quantum_transformer_superposition\jax_training_pipeline.py", line 1004, in run_training
2026-06-17 21:59:07,290 [ERROR] [rank=0]     if use_quantum_states:
2026-06-17 21:59:07,290 [ERROR] [rank=0]     
2026-06-17 21:59:07,291 [ERROR] [rank=0]   File "C:\Users\Ale\Desktop\progetti\variational_quantum_transformer_superposition\jax_training_pipeline.py", line 49, in _as_float
2026-06-17 21:59:07,291 [ERROR] [rank=0]     return float(np.asarray(jax.device_get(value)))
2026-06-17 21:59:07,291 [ERROR] [rank=0]                             ~~~~~~~~~~~~~~^^^^^^^
2026-06-17 21:59:07,291 [ERROR] [rank=0]   File "c:\Users\Ale\Desktop\progetti\variational_quantum_transformer_superposition\.venv\Lib\site-packages\jax\_src\api.py", line 2385, in device_get
2026-06-17 21:59:07,292 [ERROR] [rank=0]     return tree_map(_device_get, x)
2026-06-17 21:59:07,292 [ERROR] [rank=0]   File "c:\Users\Ale\Desktop\progetti\variational_quantum_transformer_superposition\.venv\Lib\site-packages\jax\_src\tree_util.py", line 394, in tree_map
2026-06-17 21:59:07,292 [ERROR] [rank=0]     return treedef.unflatten(f(*xs) for xs in zip(*all_leaves))
2026-06-17 21:59:07,292 [ERROR] [rank=0]            ~~~~~~~~~~~~~~~~~^^^^^^^^^^^^^^^^^^^^^^^^^^^^^^^^^^^
2026-06-17 21:59:07,293 [ERROR] [rank=0]   File "c:\Users\Ale\Desktop\progetti\variational_quantum_transformer_superposition\.venv\Lib\site-packages\jax\_src\tree_util.py", line 394, in <genexpr>
2026-06-17 21:59:07,293 [ERROR] [rank=0]     return treedef.unflatten(f(*xs) for xs in zip(*all_leaves))
2026-06-17 21:59:07,293 [ERROR] [rank=0]                              ~^^^^^
2026-06-17 21:59:07,293 [ERROR] [rank=0]   File "c:\Users\Ale\Desktop\progetti\variational_quantum_transformer_superposition\.venv\Lib\site-packages\jax\_src\api.py", line 2346, in _device_get
2026-06-17 21:59:07,294 [ERROR] [rank=0]     return toarray()
2026-06-17 21:59:07,294 [ERROR] [rank=0]   File "c:\Users\Ale\Desktop\progetti\variational_quantum_transformer_superposition\.venv\Lib\site-packages\jax\_src\array.py", line 414, in __array__
2026-06-17 21:59:07,294 [ERROR] [rank=0]     return np.asarray(self._value, dtype=dtype, **kwds)  # pyrefly: ignore[no-matching-overload]
2026-06-17 21:59:07,295 [ERROR] [rank=0]                       ^^^^^^^^^^^
2026-06-17 21:59:07,295 [ERROR] [rank=0]   File "c:\Users\Ale\Desktop\progetti\variational_quantum_transformer_superposition\.venv\Lib\site-packages\jax\_src\profiler.py", line 427, in wrapper
2026-06-17 21:59:07,295 [ERROR] [rank=0]     return func(*args, **kwargs)
2026-06-17 21:59:07,295 [ERROR] [rank=0]   File "c:\Users\Ale\Desktop\progetti\variational_quantum_transformer_superposition\.venv\Lib\site-packages\jax\_src\array.py", line 614, in _value
2026-06-17 21:59:07,296 [ERROR] [rank=0]     npy_value, did_copy = self._single_device_array_to_np_array_did_copy()
2026-06-17 21:59:07,296 [ERROR] [rank=0]                           ~~~~~~~~~~~~~~~~~~~~~~~~~~~~~~~~~~~~~~~~~~~~~~^^
2026-06-17 21:59:07,296 [ERROR] [rank=0] jax.errors.JaxRuntimeError: RESOURCE_EXHAUSTED: Out of memory allocating 27060663568 bytes.
2026-06-17 21:59:15,972 [ERROR] [rank=0] [Rank 0] Uscita con errore (exit=1)
2026-06-17 22:15:16,313 [INFO] [rank=0] [MPI] Avvio backend distribuito JAX+PennyLane su 1 rank
2026-06-17 22:15:16,405 [INFO] [rank=0] [DATA] Frasi testuali caricate: 100 | lunghezza=10
2026-06-17 22:15:16,406 [INFO] [rank=0] [DATA] Split frasi | train=80 | test=20
2026-06-17 22:15:18,836 [INFO] [rank=0] [TRAIN] Backend JAX+PennyLane+MPI | epochs=2000 | lr=0.001 | padded_sequence_length=16
2026-06-17 22:15:18,836 [INFO] [rank=0] [TRAIN] Device=lightning.qubit | interface=jax | diff_method=adjoint | train_batch_size=4
2026-06-17 22:15:18,836 [INFO] [rank=0] [MPI] ranks=1 | sample_globali=80 | sample_locali_medi~=80
2026-06-17 22:15:18,836 [INFO] [rank=0] [TRAIN] Time budget attivo: 15000000000.0 minuti (~250000000.00 ore)
2026-06-17 22:15:18,836 [INFO] [rank=0] [TRAIN] Esecuzione quantistica in mini-batch con backend Lightning
2026-06-18 09:15:46,033 [INFO] [rank=0] [MPI] Avvio backend distribuito JAX+PennyLane su 1 rank
2026-06-18 09:15:46,144 [INFO] [rank=0] [DATA] Frasi testuali caricate: 100 | lunghezza=10
2026-06-18 09:15:46,146 [INFO] [rank=0] [DATA] Split frasi | train=80 | test=20
2026-06-18 09:15:49,676 [INFO] [rank=0] [TRAIN] Backend JAX+PennyLane+MPI | epochs=2000 | lr=0.001 | padded_sequence_length=16
2026-06-18 09:15:49,676 [INFO] [rank=0] [TRAIN] Device=lightning.qubit | interface=jax | diff_method=adjoint | train_batch_size=4
2026-06-18 09:15:49,677 [INFO] [rank=0] [MPI] ranks=1 | sample_globali=80 | sample_locali_medi~=80
2026-06-18 09:15:49,677 [INFO] [rank=0] [TRAIN] Time budget attivo: 15000000000.0 minuti (~250000000.00 ore)
2026-06-18 09:15:49,677 [INFO] [rank=0] [TRAIN] Esecuzione quantistica in mini-batch con backend Lightning
2026-06-18 09:37:41,951 [INFO] [rank=0] [MPI] Avvio backend distribuito JAX+PennyLane su 1 rank
2026-06-18 09:37:42,058 [INFO] [rank=0] [DATA] Frasi testuali caricate: 16 | lunghezza=8
2026-06-18 09:37:42,059 [INFO] [rank=0] [DATA] Split frasi | train=13 | test=3
2026-06-18 09:37:43,926 [INFO] [rank=0] [TRAIN] Backend JAX+PennyLane+MPI | epochs=6 | lr=0.001 | padded_sequence_length=8
2026-06-18 09:37:43,926 [INFO] [rank=0] [TRAIN] Device=lightning.qubit | interface=jax | diff_method=adjoint | train_batch_size=1
2026-06-18 09:37:43,927 [INFO] [rank=0] [MPI] ranks=1 | sample_globali=13 | sample_locali_medi~=13
2026-06-18 09:37:43,927 [INFO] [rank=0] [TRAIN] Time budget attivo: 60.0 minuti (~1.00 ore)
2026-06-18 09:37:43,927 [INFO] [rank=0] [TRAIN] Esecuzione quantistica in mini-batch con backend Lightning
2026-06-18 09:39:06,455 [INFO] [rank=0] [TRAIN] epoch=1/6 | batch=1/13 | sample_locali=1/13 | elapsed_epoch=82.5s
2026-06-18 09:39:18,907 [INFO] [rank=0] [TRAIN] epoch=1/6 | batch=2/13 | sample_locali=2/13 | elapsed_epoch=95.0s
2026-06-18 09:39:30,991 [INFO] [rank=0] [TRAIN] epoch=1/6 | batch=3/13 | sample_locali=3/13 | elapsed_epoch=107.1s
2026-06-18 09:39:42,681 [INFO] [rank=0] [TRAIN] epoch=1/6 | batch=4/13 | sample_locali=4/13 | elapsed_epoch=118.8s
2026-06-18 09:39:54,377 [INFO] [rank=0] [TRAIN] epoch=1/6 | batch=5/13 | sample_locali=5/13 | elapsed_epoch=130.4s
2026-06-18 09:40:06,186 [INFO] [rank=0] [TRAIN] epoch=1/6 | batch=6/13 | sample_locali=6/13 | elapsed_epoch=142.3s
2026-06-18 09:40:18,567 [INFO] [rank=0] [TRAIN] epoch=1/6 | batch=7/13 | sample_locali=7/13 | elapsed_epoch=154.6s
2026-06-18 09:40:29,954 [INFO] [rank=0] [TRAIN] epoch=1/6 | batch=8/13 | sample_locali=8/13 | elapsed_epoch=166.0s
2026-06-18 09:40:41,233 [INFO] [rank=0] [TRAIN] epoch=1/6 | batch=9/13 | sample_locali=9/13 | elapsed_epoch=177.3s
2026-06-18 09:40:53,033 [INFO] [rank=0] [TRAIN] epoch=1/6 | batch=10/13 | sample_locali=10/13 | elapsed_epoch=189.1s
2026-06-18 09:41:06,867 [INFO] [rank=0] [TRAIN] epoch=1/6 | batch=11/13 | sample_locali=11/13 | elapsed_epoch=202.9s
2026-06-18 09:41:22,539 [INFO] [rank=0] [TRAIN] epoch=1/6 | batch=12/13 | sample_locali=12/13 | elapsed_epoch=218.6s
2026-06-18 09:41:37,239 [INFO] [rank=0] [TRAIN] epoch=1/6 | batch=13/13 | sample_locali=13/13 | elapsed_epoch=233.3s
2026-06-18 09:41:39,323 [ERROR] [rank=0] Errore critico durante l'esecuzione JAX
2026-06-18 09:41:39,323 [ERROR] [rank=0] Tipo: ValueError, Msg: state_vector has to be of norm 1.0, got norm(s) nan
2026-06-18 09:41:39,349 [ERROR] [rank=0] Traceback (most recent call last):
2026-06-18 09:41:39,350 [ERROR] [rank=0]   File "C:\Users\Ale\Desktop\progetti\variational_quantum_transformer_superposition\main_hpc.py", line 77, in main
2026-06-18 09:41:39,350 [ERROR] [rank=0]     result = run_training(logger=logger, cfg=cfg, comm=comm, rank=rank, size=size)
2026-06-18 09:41:39,350 [ERROR] [rank=0]   File "C:\Users\Ale\Desktop\progetti\variational_quantum_transformer_superposition\jax_training_pipeline.py", line 1143, in run_training
2026-06-18 09:41:39,350 [ERROR] [rank=0]     current_train_metrics = _evaluate_text_batch(
2026-06-18 09:41:39,350 [ERROR] [rank=0]         params,
2026-06-18 09:41:39,351 [ERROR] [rank=0]     ...<5 lines>...
2026-06-18 09:41:39,351 [ERROR] [rank=0]         size=size,
2026-06-18 09:41:39,351 [ERROR] [rank=0]     )
2026-06-18 09:41:39,351 [ERROR] [rank=0]   File "C:\Users\Ale\Desktop\progetti\variational_quantum_transformer_superposition\jax_training_pipeline.py", line 795, in _evaluate_text_batch
2026-06-18 09:41:39,351 [ERROR] [rank=0]     _as_numpy(infer_overlaps(params, batch["token_batch"], batch["positional_encoding"]))
2026-06-18 09:41:39,351 [ERROR] [rank=0]               ~~~~~~~~~~~~~~^^^^^^^^^^^^^^^^^^^^^^^^^^^^^^^^^^^^^^^^^^^^^^^^^^^^^^^^^^^^
2026-06-18 09:41:39,352 [ERROR] [rank=0]   File "C:\Users\Ale\Desktop\progetti\variational_quantum_transformer_superposition\jax_training_pipeline.py", line 472, in infer_overlaps
2026-06-18 09:41:39,352 [ERROR] [rank=0]     return _stacked_qnode_eval(
2026-06-18 09:41:39,352 [ERROR] [rank=0]         qnode,
2026-06-18 09:41:39,352 [ERROR] [rank=0]     ...<5 lines>...
2026-06-18 09:41:39,352 [ERROR] [rank=0]         params["weights_c"],
2026-06-18 09:41:39,352 [ERROR] [rank=0]     )
2026-06-18 09:41:39,353 [ERROR] [rank=0]   File "C:\Users\Ale\Desktop\progetti\variational_quantum_transformer_superposition\jax_training_pipeline.py", line 422, in _stacked_qnode_eval
2026-06-18 09:41:39,353 [ERROR] [rank=0]     qnode(x_item, tilde_item, prep_item, weights_v, weights_w, weights_c)
2026-06-18 09:41:39,353 [ERROR] [rank=0]     ~~~~~^^^^^^^^^^^^^^^^^^^^^^^^^^^^^^^^^^^^^^^^^^^^^^^^^^^^^^^^^^^^^^^^
2026-06-18 09:41:39,353 [ERROR] [rank=0]   File "C:\Users\Ale\AppData\Roaming\Python\Python314\site-packages\pennylane\workflow\qnode.py", line 880, in __call__
2026-06-18 09:41:39,353 [ERROR] [rank=0]     return self._impl_call(*args, **kwargs)
2026-06-18 09:41:39,353 [ERROR] [rank=0]            ~~~~~~~~~~~~~~~^^^^^^^^^^^^^^^^^
2026-06-18 09:41:39,353 [ERROR] [rank=0]   File "C:\Users\Ale\AppData\Roaming\Python\Python314\site-packages\pennylane\workflow\qnode.py", line 853, in _impl_call
2026-06-18 09:41:39,354 [ERROR] [rank=0]     res = execute(
2026-06-18 09:41:39,354 [ERROR] [rank=0]         (tape,),
2026-06-18 09:41:39,354 [ERROR] [rank=0]     ...<5 lines>...
2026-06-18 09:41:39,354 [ERROR] [rank=0]         **self.execute_kwargs,
2026-06-18 09:41:39,354 [ERROR] [rank=0]     )
2026-06-18 09:41:39,354 [ERROR] [rank=0]   File "C:\Users\Ale\AppData\Roaming\Python\Python314\site-packages\pennylane\workflow\execution.py", line 235, in execute
2026-06-18 09:41:39,354 [ERROR] [rank=0]     tapes, outer_post_processing = outer_transform(tapes)
2026-06-18 09:41:39,355 [ERROR] [rank=0]                                    ~~~~~~~~~~~~~~~^^^^^^^
2026-06-18 09:41:39,355 [ERROR] [rank=0]   File "C:\Users\Ale\AppData\Roaming\Python\Python314\site-packages\pennylane\transforms\core\compile_pipeline.py", line 1038, in __call__
2026-06-18 09:41:39,355 [ERROR] [rank=0]     return self.__call_tapes(*args, **kwargs)
2026-06-18 09:41:39,355 [ERROR] [rank=0]            ~~~~~~~~~~~~~~~~~^^^^^^^^^^^^^^^^^
2026-06-18 09:41:39,355 [ERROR] [rank=0]   File "C:\Users\Ale\AppData\Roaming\Python\Python314\site-packages\pennylane\transforms\core\compile_pipeline.py", line 934, in __call_tapes
2026-06-18 09:41:39,355 [ERROR] [rank=0]     new_tapes, fn = transform(tape, *targs, **tkwargs)
2026-06-18 09:41:39,356 [ERROR] [rank=0]                     ~~~~~~~~~^^^^^^^^^^^^^^^^^^^^^^^^^
2026-06-18 09:41:39,356 [ERROR] [rank=0]   File "C:\Users\Ale\AppData\Roaming\Python\Python314\site-packages\pennylane\devices\preprocess.py", line 412, in decompose
2026-06-18 09:41:39,356 [ERROR] [rank=0]     for final_op in _operator_decomposition_gen(
2026-06-18 09:41:39,356 [ERROR] [rank=0]                     ~~~~~~~~~~~~~~~~~~~~~~~~~~~^
2026-06-18 09:41:39,356 [ERROR] [rank=0]         op,
2026-06-18 09:41:39,356 [ERROR] [rank=0]         ^^^
2026-06-18 09:41:39,357 [ERROR] [rank=0]     ...<4 lines>...
2026-06-18 09:41:39,357 [ERROR] [rank=0]         strict=True,
2026-06-18 09:41:39,357 [ERROR] [rank=0]         ^^^^^^^^^^^^
2026-06-18 09:41:39,357 [ERROR] [rank=0]     )
2026-06-18 09:41:39,357 [ERROR] [rank=0]     ^
2026-06-18 09:41:39,357 [ERROR] [rank=0]   File "C:\Users\Ale\AppData\Roaming\Python\Python314\site-packages\pennylane\transforms\decompose.py", line 896, in _operator_decomposition_gen
2026-06-18 09:41:39,358 [ERROR] [rank=0]     decomp = op.decomposition()
2026-06-18 09:41:39,358 [ERROR] [rank=0]   File "C:\Users\Ale\AppData\Roaming\Python\Python314\site-packages\pennylane\ops\op_math\controlled.py", line 888, in decomposition
2026-06-18 09:41:39,358 [ERROR] [rank=0]     decomp = _decompose_no_control_values(self)
2026-06-18 09:41:39,358 [ERROR] [rank=0]   File "C:\Users\Ale\AppData\Roaming\Python\Python314\site-packages\pennylane\ops\op_math\controlled.py", line 1061, in _decompose_no_control_values
2026-06-18 09:41:39,358 [ERROR] [rank=0]     base_decomp = op.base.decomposition()
2026-06-18 09:41:39,358 [ERROR] [rank=0]   File "C:\Users\Ale\AppData\Roaming\Python\Python314\site-packages\pennylane\ops\op_math\adjoint.py", line 407, in decomposition
2026-06-18 09:41:39,358 [ERROR] [rank=0]     base_decomp = self.base.decomposition()
2026-06-18 09:41:39,359 [ERROR] [rank=0]   File "C:\Users\Ale\AppData\Roaming\Python\Python314\site-packages\pennylane\operation.py", line 1398, in decomposition
2026-06-18 09:41:39,359 [ERROR] [rank=0]     return self.compute_decomposition(
2026-06-18 09:41:39,359 [ERROR] [rank=0]            ~~~~~~~~~~~~~~~~~~~~~~~~~~^
2026-06-18 09:41:39,359 [ERROR] [rank=0]         *self.parameters, wires=self.wires, **self.hyperparameters
2026-06-18 09:41:39,359 [ERROR] [rank=0]         ^^^^^^^^^^^^^^^^^^^^^^^^^^^^^^^^^^^^^^^^^^^^^^^^^^^^^^^^^^
2026-06-18 09:41:39,359 [ERROR] [rank=0]     )
2026-06-18 09:41:39,359 [ERROR] [rank=0]     ^
2026-06-18 09:41:39,360 [ERROR] [rank=0]   File "C:\Users\Ale\AppData\Roaming\Python\Python314\site-packages\pennylane\ops\qubit\state_preparation.py", line 469, in compute_decomposition
2026-06-18 09:41:39,360 [ERROR] [rank=0]     return [MottonenStatePreparation(state, wires)]
2026-06-18 09:41:39,360 [ERROR] [rank=0]             ~~~~~~~~~~~~~~~~~~~~~~~~^^^^^^^^^^^^^^
2026-06-18 09:41:39,360 [ERROR] [rank=0]   File "C:\Users\Ale\AppData\Roaming\Python\Python314\site-packages\pennylane\capture\capture_meta.py", line 31, in new_f
2026-06-18 09:41:39,360 [ERROR] [rank=0]     return f(*args, **kwargs)
2026-06-18 09:41:39,361 [ERROR] [rank=0]   File "C:\Users\Ale\AppData\Roaming\Python\Python314\site-packages\pennylane\capture\capture_meta.py", line 98, in __call__
2026-06-18 09:41:39,361 [ERROR] [rank=0]     return type.__call__(cls, *args, **kwargs)
2026-06-18 09:41:39,361 [ERROR] [rank=0]            ~~~~~~~~~~~~~^^^^^^^^^^^^^^^^^^^^^^
2026-06-18 09:41:39,361 [ERROR] [rank=0]   File "C:\Users\Ale\AppData\Roaming\Python\Python314\site-packages\pennylane\templates\state_preparations\mottonen.py", line 367, in __init__
2026-06-18 09:41:39,361 [ERROR] [rank=0]     raise ValueError(f"state_vector has to be of norm 1.0, got norm(s) {norms}")
2026-06-18 09:41:39,362 [ERROR] [rank=0] ValueError: state_vector has to be of norm 1.0, got norm(s) nan
2026-06-18 09:41:39,365 [ERROR] [rank=0] [Rank 0] Uscita con errore (exit=1)
2026-06-18 10:43:04,563 [INFO] [rank=0] [MPI] Avvio backend distribuito JAX+PennyLane su 1 rank
2026-06-18 10:43:04,653 [INFO] [rank=0] [DATA] Frasi testuali caricate: 16 | lunghezza=8
2026-06-18 10:43:04,653 [INFO] [rank=0] [DATA] Split frasi | train=13 | test=3
2026-06-18 10:43:06,408 [INFO] [rank=0] [TRAIN] Backend JAX+PennyLane+MPI | epochs=6 | lr=0.0001 | padded_sequence_length=8
2026-06-18 10:43:06,408 [INFO] [rank=0] [TRAIN] Device=lightning.qubit | interface=jax | diff_method=adjoint | train_batch_size=1
2026-06-18 10:43:06,408 [INFO] [rank=0] [MPI] ranks=1 | sample_globali=13 | sample_locali_medi~=13
2026-06-18 10:43:06,409 [INFO] [rank=0] [TRAIN] Time budget attivo: 60.0 minuti (~1.00 ore)
2026-06-18 10:43:06,409 [INFO] [rank=0] [TRAIN] Esecuzione quantistica in mini-batch con backend Lightning
2026-06-18 10:44:20,931 [INFO] [rank=0] [TRAIN] epoch=1/6 | batch=1/13 | sample_locali=1/13 | elapsed_epoch=74.5s
2026-06-18 10:44:31,816 [INFO] [rank=0] [TRAIN] epoch=1/6 | batch=2/13 | sample_locali=2/13 | elapsed_epoch=85.4s
2026-06-18 10:44:42,766 [INFO] [rank=0] [TRAIN] epoch=1/6 | batch=3/13 | sample_locali=3/13 | elapsed_epoch=96.4s
2026-06-18 10:44:53,765 [INFO] [rank=0] [TRAIN] epoch=1/6 | batch=4/13 | sample_locali=4/13 | elapsed_epoch=107.4s
2026-06-18 10:45:04,638 [INFO] [rank=0] [TRAIN] epoch=1/6 | batch=5/13 | sample_locali=5/13 | elapsed_epoch=118.2s
2026-06-18 10:45:15,676 [INFO] [rank=0] [TRAIN] epoch=1/6 | batch=6/13 | sample_locali=6/13 | elapsed_epoch=129.3s
2026-06-18 10:45:26,846 [INFO] [rank=0] [TRAIN] epoch=1/6 | batch=7/13 | sample_locali=7/13 | elapsed_epoch=140.4s
2026-06-18 10:45:37,640 [INFO] [rank=0] [TRAIN] epoch=1/6 | batch=8/13 | sample_locali=8/13 | elapsed_epoch=151.2s
2026-06-18 10:45:48,447 [INFO] [rank=0] [TRAIN] epoch=1/6 | batch=9/13 | sample_locali=9/13 | elapsed_epoch=162.0s
2026-06-18 10:45:59,088 [INFO] [rank=0] [TRAIN] epoch=1/6 | batch=10/13 | sample_locali=10/13 | elapsed_epoch=172.7s
2026-06-18 10:46:10,823 [INFO] [rank=0] [TRAIN] epoch=1/6 | batch=11/13 | sample_locali=11/13 | elapsed_epoch=184.4s
2026-06-18 10:46:22,135 [INFO] [rank=0] [TRAIN] epoch=1/6 | batch=12/13 | sample_locali=12/13 | elapsed_epoch=195.7s
2026-06-18 10:46:35,659 [INFO] [rank=0] [TRAIN] epoch=1/6 | batch=13/13 | sample_locali=13/13 | elapsed_epoch=209.2s
2026-06-18 10:47:04,101 [INFO] [rank=0] [TRAIN] Epoch 0001/0006 | opt_loss=6.71697716 | grad_norm=8.633929 | train_loss=6.71214547 | train_ppl=743.77121402 | test_loss=6.73859882 | test_ppl=843.00054708
2026-06-18 10:47:16,284 [INFO] [rank=0] [TRAIN] epoch=2/6 | batch=1/13 | sample_locali=1/13 | elapsed_epoch=12.2s
2026-06-18 10:47:27,796 [INFO] [rank=0] [TRAIN] epoch=2/6 | batch=2/13 | sample_locali=2/13 | elapsed_epoch=23.7s
2026-06-18 10:47:38,784 [INFO] [rank=0] [TRAIN] epoch=2/6 | batch=3/13 | sample_locali=3/13 | elapsed_epoch=34.7s
2026-06-18 10:47:50,144 [INFO] [rank=0] [TRAIN] epoch=2/6 | batch=4/13 | sample_locali=4/13 | elapsed_epoch=46.0s
2026-06-18 10:48:01,264 [INFO] [rank=0] [TRAIN] epoch=2/6 | batch=5/13 | sample_locali=5/13 | elapsed_epoch=57.2s
2026-06-18 10:48:12,918 [INFO] [rank=0] [TRAIN] epoch=2/6 | batch=6/13 | sample_locali=6/13 | elapsed_epoch=68.8s
2026-06-18 10:48:24,990 [INFO] [rank=0] [TRAIN] epoch=2/6 | batch=7/13 | sample_locali=7/13 | elapsed_epoch=80.9s
2026-06-18 10:48:37,019 [INFO] [rank=0] [TRAIN] epoch=2/6 | batch=8/13 | sample_locali=8/13 | elapsed_epoch=92.9s
2026-06-18 10:48:48,694 [INFO] [rank=0] [TRAIN] epoch=2/6 | batch=9/13 | sample_locali=9/13 | elapsed_epoch=104.6s
2026-06-18 10:49:01,120 [INFO] [rank=0] [TRAIN] epoch=2/6 | batch=10/13 | sample_locali=10/13 | elapsed_epoch=117.0s
2026-06-18 10:49:13,229 [INFO] [rank=0] [TRAIN] epoch=2/6 | batch=11/13 | sample_locali=11/13 | elapsed_epoch=129.1s
2026-06-18 10:49:25,534 [INFO] [rank=0] [TRAIN] epoch=2/6 | batch=12/13 | sample_locali=12/13 | elapsed_epoch=141.4s
2026-06-18 10:49:37,675 [INFO] [rank=0] [TRAIN] epoch=2/6 | batch=13/13 | sample_locali=13/13 | elapsed_epoch=153.6s
2026-06-18 10:49:37,678 [INFO] [rank=0] [TRAIN] Epoch 0002/0006 | opt_loss=6.71214547 | grad_norm=8.617719
2026-06-18 10:49:48,641 [INFO] [rank=0] [TRAIN] epoch=3/6 | batch=1/13 | sample_locali=1/13 | elapsed_epoch=11.0s
2026-06-18 10:49:59,739 [INFO] [rank=0] [TRAIN] epoch=3/6 | batch=2/13 | sample_locali=2/13 | elapsed_epoch=22.1s
2026-06-18 10:50:11,154 [INFO] [rank=0] [TRAIN] epoch=3/6 | batch=3/13 | sample_locali=3/13 | elapsed_epoch=33.5s
2026-06-18 10:50:22,213 [INFO] [rank=0] [TRAIN] epoch=3/6 | batch=4/13 | sample_locali=4/13 | elapsed_epoch=44.5s
2026-06-18 10:50:33,320 [INFO] [rank=0] [TRAIN] epoch=3/6 | batch=5/13 | sample_locali=5/13 | elapsed_epoch=55.6s
2026-06-18 10:50:44,440 [INFO] [rank=0] [TRAIN] epoch=3/6 | batch=6/13 | sample_locali=6/13 | elapsed_epoch=66.8s
2026-06-18 10:50:55,465 [INFO] [rank=0] [TRAIN] epoch=3/6 | batch=7/13 | sample_locali=7/13 | elapsed_epoch=77.8s
2026-06-18 10:51:06,382 [INFO] [rank=0] [TRAIN] epoch=3/6 | batch=8/13 | sample_locali=8/13 | elapsed_epoch=88.7s
2026-06-18 10:51:17,479 [INFO] [rank=0] [TRAIN] epoch=3/6 | batch=9/13 | sample_locali=9/13 | elapsed_epoch=99.8s
2026-06-18 10:51:28,157 [INFO] [rank=0] [TRAIN] epoch=3/6 | batch=10/13 | sample_locali=10/13 | elapsed_epoch=110.5s
2026-06-18 10:51:39,021 [INFO] [rank=0] [TRAIN] epoch=3/6 | batch=11/13 | sample_locali=11/13 | elapsed_epoch=121.3s
2026-06-18 10:51:50,593 [INFO] [rank=0] [TRAIN] epoch=3/6 | batch=12/13 | sample_locali=12/13 | elapsed_epoch=132.9s
2026-06-18 10:52:01,393 [INFO] [rank=0] [TRAIN] epoch=3/6 | batch=13/13 | sample_locali=13/13 | elapsed_epoch=143.7s
2026-06-18 10:52:19,657 [INFO] [rank=0] [TRAIN] Epoch 0003/0006 | opt_loss=6.70732214 | grad_norm=8.601567 | train_loss=6.70250713 | train_ppl=737.01702080 | test_loss=6.73269953 | test_ppl=838.09326308
2026-06-18 10:52:30,926 [INFO] [rank=0] [TRAIN] epoch=4/6 | batch=1/13 | sample_locali=1/13 | elapsed_epoch=11.3s
2026-06-18 10:52:43,013 [INFO] [rank=0] [TRAIN] epoch=4/6 | batch=2/13 | sample_locali=2/13 | elapsed_epoch=23.4s
2026-06-18 10:52:53,914 [INFO] [rank=0] [TRAIN] epoch=4/6 | batch=3/13 | sample_locali=3/13 | elapsed_epoch=34.3s
2026-06-18 10:53:05,596 [INFO] [rank=0] [TRAIN] epoch=4/6 | batch=4/13 | sample_locali=4/13 | elapsed_epoch=45.9s
2026-06-18 10:53:16,729 [INFO] [rank=0] [TRAIN] epoch=4/6 | batch=5/13 | sample_locali=5/13 | elapsed_epoch=57.1s
2026-06-18 10:53:28,370 [INFO] [rank=0] [TRAIN] epoch=4/6 | batch=6/13 | sample_locali=6/13 | elapsed_epoch=68.7s
2026-06-18 10:53:40,061 [INFO] [rank=0] [TRAIN] epoch=4/6 | batch=7/13 | sample_locali=7/13 | elapsed_epoch=80.4s
2026-06-18 10:53:55,723 [INFO] [rank=0] [TRAIN] epoch=4/6 | batch=8/13 | sample_locali=8/13 | elapsed_epoch=96.1s
2026-06-18 10:54:08,392 [INFO] [rank=0] [TRAIN] epoch=4/6 | batch=9/13 | sample_locali=9/13 | elapsed_epoch=108.7s
2026-06-18 10:54:22,373 [INFO] [rank=0] [TRAIN] epoch=4/6 | batch=10/13 | sample_locali=10/13 | elapsed_epoch=122.7s
2026-06-18 10:54:36,210 [INFO] [rank=0] [TRAIN] epoch=4/6 | batch=11/13 | sample_locali=11/13 | elapsed_epoch=136.6s
2026-06-18 10:54:48,428 [INFO] [rank=0] [TRAIN] epoch=4/6 | batch=12/13 | sample_locali=12/13 | elapsed_epoch=148.8s
2026-06-18 10:55:01,612 [INFO] [rank=0] [TRAIN] epoch=4/6 | batch=13/13 | sample_locali=13/13 | elapsed_epoch=162.0s
2026-06-18 10:55:01,615 [INFO] [rank=0] [TRAIN] Epoch 0004/0006 | opt_loss=6.70250713 | grad_norm=8.585479
2026-06-18 10:55:14,390 [INFO] [rank=0] [TRAIN] epoch=5/6 | batch=1/13 | sample_locali=1/13 | elapsed_epoch=12.8s
2026-06-18 10:55:26,669 [INFO] [rank=0] [TRAIN] epoch=5/6 | batch=2/13 | sample_locali=2/13 | elapsed_epoch=25.1s
2026-06-18 10:55:38,235 [INFO] [rank=0] [TRAIN] epoch=5/6 | batch=3/13 | sample_locali=3/13 | elapsed_epoch=36.6s
2026-06-18 10:55:50,959 [INFO] [rank=0] [TRAIN] epoch=5/6 | batch=4/13 | sample_locali=4/13 | elapsed_epoch=49.3s
2026-06-18 10:56:03,477 [INFO] [rank=0] [TRAIN] epoch=5/6 | batch=5/13 | sample_locali=5/13 | elapsed_epoch=61.9s
2026-06-18 10:56:15,990 [INFO] [rank=0] [TRAIN] epoch=5/6 | batch=6/13 | sample_locali=6/13 | elapsed_epoch=74.4s
2026-06-18 10:56:29,679 [INFO] [rank=0] [TRAIN] epoch=5/6 | batch=7/13 | sample_locali=7/13 | elapsed_epoch=88.1s
2026-06-18 10:56:44,521 [INFO] [rank=0] [TRAIN] epoch=5/6 | batch=8/13 | sample_locali=8/13 | elapsed_epoch=102.9s
2026-06-18 10:56:59,546 [INFO] [rank=0] [TRAIN] epoch=5/6 | batch=9/13 | sample_locali=9/13 | elapsed_epoch=117.9s
2026-06-18 10:57:16,769 [INFO] [rank=0] [TRAIN] epoch=5/6 | batch=10/13 | sample_locali=10/13 | elapsed_epoch=135.2s
2026-06-18 10:57:38,870 [INFO] [rank=0] [TRAIN] epoch=5/6 | batch=11/13 | sample_locali=11/13 | elapsed_epoch=157.3s
2026-06-18 10:57:51,875 [INFO] [rank=0] [TRAIN] epoch=5/6 | batch=12/13 | sample_locali=12/13 | elapsed_epoch=170.3s
2026-06-18 10:58:08,316 [INFO] [rank=0] [TRAIN] epoch=5/6 | batch=13/13 | sample_locali=13/13 | elapsed_epoch=186.7s
2026-06-18 10:58:08,319 [INFO] [rank=0] [TRAIN] Epoch 0005/0006 | opt_loss=6.69770039 | grad_norm=8.569462
2026-06-18 10:58:27,888 [INFO] [rank=0] [TRAIN] epoch=6/6 | batch=1/13 | sample_locali=1/13 | elapsed_epoch=19.6s
2026-06-18 10:58:40,924 [INFO] [rank=0] [TRAIN] epoch=6/6 | batch=2/13 | sample_locali=2/13 | elapsed_epoch=32.6s
2026-06-18 10:58:54,157 [INFO] [rank=0] [TRAIN] epoch=6/6 | batch=3/13 | sample_locali=3/13 | elapsed_epoch=45.8s
2026-06-18 10:59:08,757 [INFO] [rank=0] [TRAIN] epoch=6/6 | batch=4/13 | sample_locali=4/13 | elapsed_epoch=60.4s
2026-06-18 10:59:25,281 [INFO] [rank=0] [TRAIN] epoch=6/6 | batch=5/13 | sample_locali=5/13 | elapsed_epoch=77.0s
2026-06-18 10:59:41,765 [INFO] [rank=0] [TRAIN] epoch=6/6 | batch=6/13 | sample_locali=6/13 | elapsed_epoch=93.4s
2026-06-18 10:59:57,200 [INFO] [rank=0] [TRAIN] epoch=6/6 | batch=7/13 | sample_locali=7/13 | elapsed_epoch=108.9s
2026-06-18 11:00:11,090 [INFO] [rank=0] [TRAIN] epoch=6/6 | batch=8/13 | sample_locali=8/13 | elapsed_epoch=122.8s
2026-06-18 11:00:22,805 [INFO] [rank=0] [TRAIN] epoch=6/6 | batch=9/13 | sample_locali=9/13 | elapsed_epoch=134.5s
2026-06-18 11:00:35,002 [INFO] [rank=0] [TRAIN] epoch=6/6 | batch=10/13 | sample_locali=10/13 | elapsed_epoch=146.7s
2026-06-18 11:00:47,691 [INFO] [rank=0] [TRAIN] epoch=6/6 | batch=11/13 | sample_locali=11/13 | elapsed_epoch=159.4s
2026-06-18 11:01:00,093 [INFO] [rank=0] [TRAIN] epoch=6/6 | batch=12/13 | sample_locali=12/13 | elapsed_epoch=171.8s
2026-06-18 11:01:11,676 [INFO] [rank=0] [TRAIN] epoch=6/6 | batch=13/13 | sample_locali=13/13 | elapsed_epoch=183.4s
2026-06-18 11:01:32,664 [INFO] [rank=0] [TRAIN] Epoch 0006/0006 | opt_loss=6.69290187 | grad_norm=8.553521 | train_loss=6.68811152 | train_ppl=727.03670448 | test_loss=6.72389375 | test_ppl=830.81726487
2026-06-18 11:01:32,665 [INFO] [rank=0] [EVAL] Valutazione finale su train/test holdout
2026-06-18 11:02:08,815 [INFO] [rank=0] [EVAL] Final train | loss=6.68811152 | ppl=727.03670448
2026-06-18 11:02:08,815 [INFO] [rank=0] [EVAL] Final test  | loss=6.72389375 | ppl=830.81726487
2026-06-18 11:02:08,816 [INFO] [rank=0] [SAVE] Run completata: results\run_20260618_110154_seed42
2026-06-18 11:02:08,816 [INFO] [rank=0] [SAVE] Matrici: results\run_20260618_110154_seed42\matrices
2026-06-18 11:02:08,816 [INFO] [rank=0] [SAVE] Parametri: results\run_20260618_110154_seed42\parameters
2026-06-18 11:02:08,817 [INFO] [rank=0] [SAVE] Summary: results\run_20260618_110154_seed42\summaries
2026-06-18 11:02:08,817 [INFO] [rank=0] [SAVE] Plots: results\run_20260618_110154_seed42\plots
2026-06-18 11:02:11,821 [INFO] [rank=0] [Rank 0] Uscita pulita (exit=0)
2026-07-04 14:40:40,202 [INFO] [rank=0] [MPI] Avvio backend distribuito JAX+PennyLane su 1 rank
2026-07-04 14:40:40,321 [INFO] [rank=0] [DATA] Frasi testuali caricate: 256 | lunghezza=17
2026-07-04 14:40:40,323 [INFO] [rank=0] [DATA] Split frasi | train=205 | test=51
2026-07-04 14:40:44,156 [INFO] [rank=0] [TRAIN] Backend JAX+PennyLane+MPI | epochs=400 | lr=0.0001 | padded_sequence_length=16
2026-07-04 14:40:44,156 [INFO] [rank=0] [TRAIN] Run label=paper_T16active_d4_nlo2_256sent_e400_localserious
2026-07-04 14:40:44,157 [INFO] [rank=0] [TRAIN] Device=lightning.qubit | interface=jax | diff_method=adjoint | train_batch_size=1
2026-07-04 14:40:44,157 [INFO] [rank=0] [MPI] ranks=1 | sample_globali=205 | sample_locali_medi~=205
2026-07-04 14:40:44,157 [INFO] [rank=0] [TRAIN] Time budget attivo: 4320.0 minuti (~72.00 ore)
2026-07-04 14:40:44,158 [INFO] [rank=0] [TRAIN] Esecuzione quantistica in mini-batch con backend Lightning
2026-07-04 14:41:05,480 [INFO] [rank=0] [TRAIN] epoch=1/400 | batch=1/205 | sample_locali=1/205 | elapsed_epoch=21.3s
2026-07-04 14:44:00,123 [INFO] [rank=0] [TRAIN] epoch=1/400 | batch=64/205 | sample_locali=64/205 | elapsed_epoch=196.0s
2026-07-04 14:47:20,935 [INFO] [rank=0] [TRAIN] epoch=1/400 | batch=128/205 | sample_locali=128/205 | elapsed_epoch=396.8s
2026-07-04 14:50:47,011 [INFO] [rank=0] [TRAIN] epoch=1/400 | batch=192/205 | sample_locali=192/205 | elapsed_epoch=602.9s
2026-07-04 14:51:30,452 [INFO] [rank=0] [TRAIN] epoch=1/400 | batch=205/205 | sample_locali=205/205 | elapsed_epoch=646.3s
2026-07-04 14:54:21,645 [INFO] [rank=0] [TRAIN] Epoch 0001/0400 | opt_loss=8.06718632 | grad_norm=52.826219 | train_loss=8.04636892 | train_ppl=2437.43483814 | test_loss=8.04584431 | test_ppl=2455.20657782
2026-07-04 14:54:25,415 [INFO] [rank=0] [TRAIN] epoch=2/400 | batch=1/205 | sample_locali=1/205 | elapsed_epoch=3.8s
2026-07-04 14:58:30,546 [INFO] [rank=0] [TRAIN] epoch=2/400 | batch=64/205 | sample_locali=64/205 | elapsed_epoch=248.9s
2026-07-04 15:01:33,878 [INFO] [rank=0] [TRAIN] epoch=2/400 | batch=128/205 | sample_locali=128/205 | elapsed_epoch=432.2s
2026-07-04 15:04:04,459 [INFO] [rank=0] [TRAIN] epoch=2/400 | batch=192/205 | sample_locali=192/205 | elapsed_epoch=582.8s
2026-07-04 15:04:54,044 [INFO] [rank=0] [TRAIN] epoch=2/400 | batch=205/205 | sample_locali=205/205 | elapsed_epoch=632.4s
2026-07-04 15:04:58,226 [INFO] [rank=0] [TRAIN] epoch=3/400 | batch=1/205 | sample_locali=1/205 | elapsed_epoch=4.2s
2026-07-04 15:07:54,617 [INFO] [rank=0] [TRAIN] epoch=3/400 | batch=64/205 | sample_locali=64/205 | elapsed_epoch=180.6s
2026-07-04 15:10:38,717 [INFO] [rank=0] [TRAIN] epoch=3/400 | batch=128/205 | sample_locali=128/205 | elapsed_epoch=344.7s
2026-07-04 15:13:24,216 [INFO] [rank=0] [TRAIN] epoch=3/400 | batch=192/205 | sample_locali=192/205 | elapsed_epoch=510.2s
2026-07-04 15:14:25,605 [INFO] [rank=0] [TRAIN] epoch=3/400 | batch=205/205 | sample_locali=205/205 | elapsed_epoch=571.5s
2026-07-04 15:14:27,844 [INFO] [rank=0] [TRAIN] epoch=4/400 | batch=1/205 | sample_locali=1/205 | elapsed_epoch=2.0s
2026-07-04 15:16:59,772 [INFO] [rank=0] [TRAIN] epoch=4/400 | batch=64/205 | sample_locali=64/205 | elapsed_epoch=154.0s
2026-07-04 15:20:25,879 [INFO] [rank=0] [TRAIN] epoch=4/400 | batch=128/205 | sample_locali=128/205 | elapsed_epoch=360.1s
2026-07-04 15:23:17,997 [INFO] [rank=0] [TRAIN] epoch=4/400 | batch=192/205 | sample_locali=192/205 | elapsed_epoch=532.2s
2026-07-04 15:23:42,069 [INFO] [rank=0] [TRAIN] epoch=4/400 | batch=205/205 | sample_locali=205/205 | elapsed_epoch=556.3s
2026-07-04 15:23:43,953 [INFO] [rank=0] [TRAIN] epoch=5/400 | batch=1/205 | sample_locali=1/205 | elapsed_epoch=1.8s
2026-07-04 15:25:40,625 [INFO] [rank=0] [TRAIN] epoch=5/400 | batch=64/205 | sample_locali=64/205 | elapsed_epoch=118.5s
2026-07-04 15:27:39,831 [INFO] [rank=0] [TRAIN] epoch=5/400 | batch=128/205 | sample_locali=128/205 | elapsed_epoch=237.7s
2026-07-04 15:30:44,743 [INFO] [rank=0] [TRAIN] epoch=5/400 | batch=192/205 | sample_locali=192/205 | elapsed_epoch=422.6s
2026-07-04 15:31:25,642 [INFO] [rank=0] [TRAIN] epoch=5/400 | batch=205/205 | sample_locali=205/205 | elapsed_epoch=463.5s
2026-07-04 15:31:28,595 [INFO] [rank=0] [TRAIN] epoch=6/400 | batch=1/205 | sample_locali=1/205 | elapsed_epoch=2.9s
2026-07-04 15:33:31,768 [INFO] [rank=0] [TRAIN] epoch=6/400 | batch=64/205 | sample_locali=64/205 | elapsed_epoch=126.1s
2026-07-04 15:35:28,332 [INFO] [rank=0] [TRAIN] epoch=6/400 | batch=128/205 | sample_locali=128/205 | elapsed_epoch=242.6s
2026-07-04 15:37:24,845 [INFO] [rank=0] [TRAIN] epoch=6/400 | batch=192/205 | sample_locali=192/205 | elapsed_epoch=359.1s
2026-07-04 15:37:48,306 [INFO] [rank=0] [TRAIN] epoch=6/400 | batch=205/205 | sample_locali=205/205 | elapsed_epoch=382.6s
2026-07-04 15:37:50,217 [INFO] [rank=0] [TRAIN] epoch=7/400 | batch=1/205 | sample_locali=1/205 | elapsed_epoch=1.8s
2026-07-04 15:39:51,411 [INFO] [rank=0] [TRAIN] epoch=7/400 | batch=64/205 | sample_locali=64/205 | elapsed_epoch=123.0s
2026-07-04 15:42:06,253 [INFO] [rank=0] [TRAIN] epoch=7/400 | batch=128/205 | sample_locali=128/205 | elapsed_epoch=257.8s
2026-07-04 15:44:29,598 [INFO] [rank=0] [TRAIN] epoch=7/400 | batch=192/205 | sample_locali=192/205 | elapsed_epoch=401.2s
2026-07-04 15:45:08,201 [INFO] [rank=0] [TRAIN] epoch=7/400 | batch=205/205 | sample_locali=205/205 | elapsed_epoch=439.8s
2026-07-04 15:45:11,505 [INFO] [rank=0] [TRAIN] epoch=8/400 | batch=1/205 | sample_locali=1/205 | elapsed_epoch=3.3s
2026-07-04 15:48:44,975 [INFO] [rank=0] [TRAIN] epoch=8/400 | batch=64/205 | sample_locali=64/205 | elapsed_epoch=216.8s
2026-07-04 15:51:51,658 [INFO] [rank=0] [TRAIN] epoch=8/400 | batch=128/205 | sample_locali=128/205 | elapsed_epoch=403.4s
2026-07-04 15:54:52,103 [INFO] [rank=0] [TRAIN] epoch=8/400 | batch=192/205 | sample_locali=192/205 | elapsed_epoch=583.9s
2026-07-04 15:55:39,667 [INFO] [rank=0] [TRAIN] epoch=8/400 | batch=205/205 | sample_locali=205/205 | elapsed_epoch=631.5s
2026-07-04 15:55:43,741 [INFO] [rank=0] [TRAIN] epoch=9/400 | batch=1/205 | sample_locali=1/205 | elapsed_epoch=4.0s
2026-07-04 15:59:23,058 [INFO] [rank=0] [TRAIN] epoch=9/400 | batch=64/205 | sample_locali=64/205 | elapsed_epoch=223.3s
2026-07-04 16:02:49,151 [INFO] [rank=0] [TRAIN] epoch=9/400 | batch=128/205 | sample_locali=128/205 | elapsed_epoch=429.4s
2026-07-04 16:05:17,824 [INFO] [rank=0] [TRAIN] epoch=9/400 | batch=192/205 | sample_locali=192/205 | elapsed_epoch=578.1s
2026-07-04 16:05:42,477 [INFO] [rank=0] [TRAIN] epoch=9/400 | batch=205/205 | sample_locali=205/205 | elapsed_epoch=602.7s
2026-07-04 16:05:44,431 [INFO] [rank=0] [TRAIN] epoch=10/400 | batch=1/205 | sample_locali=1/205 | elapsed_epoch=1.9s
2026-07-04 16:07:44,152 [INFO] [rank=0] [TRAIN] epoch=10/400 | batch=64/205 | sample_locali=64/205 | elapsed_epoch=121.6s
2026-07-04 16:09:37,394 [INFO] [rank=0] [TRAIN] epoch=10/400 | batch=128/205 | sample_locali=128/205 | elapsed_epoch=234.9s
2026-07-04 16:11:28,876 [INFO] [rank=0] [TRAIN] epoch=10/400 | batch=192/205 | sample_locali=192/205 | elapsed_epoch=346.3s
2026-07-04 16:11:51,393 [INFO] [rank=0] [TRAIN] epoch=10/400 | batch=205/205 | sample_locali=205/205 | elapsed_epoch=368.9s
2026-07-04 16:11:51,399 [INFO] [rank=0] [TRAIN] Epoch 0010/0400 | opt_loss=7.88688398 | grad_norm=50.475713
2026-07-04 16:11:53,154 [INFO] [rank=0] [TRAIN] epoch=11/400 | batch=1/205 | sample_locali=1/205 | elapsed_epoch=1.8s
2026-07-04 16:13:41,321 [INFO] [rank=0] [TRAIN] epoch=11/400 | batch=64/205 | sample_locali=64/205 | elapsed_epoch=109.9s
2026-07-04 16:15:30,000 [INFO] [rank=0] [TRAIN] epoch=11/400 | batch=128/205 | sample_locali=128/205 | elapsed_epoch=218.6s
2026-07-04 16:17:18,466 [INFO] [rank=0] [TRAIN] epoch=11/400 | batch=192/205 | sample_locali=192/205 | elapsed_epoch=327.1s
2026-07-04 16:17:40,515 [INFO] [rank=0] [TRAIN] epoch=11/400 | batch=205/205 | sample_locali=205/205 | elapsed_epoch=349.1s
2026-07-04 16:17:42,265 [INFO] [rank=0] [TRAIN] epoch=12/400 | batch=1/205 | sample_locali=1/205 | elapsed_epoch=1.7s
2026-07-04 16:19:29,021 [INFO] [rank=0] [TRAIN] epoch=12/400 | batch=64/205 | sample_locali=64/205 | elapsed_epoch=108.5s
2026-07-04 16:21:17,429 [INFO] [rank=0] [TRAIN] epoch=12/400 | batch=128/205 | sample_locali=128/205 | elapsed_epoch=216.9s
2026-07-04 16:23:05,814 [INFO] [rank=0] [TRAIN] epoch=12/400 | batch=192/205 | sample_locali=192/205 | elapsed_epoch=325.3s
2026-07-04 16:23:27,692 [INFO] [rank=0] [TRAIN] epoch=12/400 | batch=205/205 | sample_locali=205/205 | elapsed_epoch=347.2s
2026-07-04 16:23:29,393 [INFO] [rank=0] [TRAIN] epoch=13/400 | batch=1/205 | sample_locali=1/205 | elapsed_epoch=1.7s
2026-07-04 16:25:15,782 [INFO] [rank=0] [TRAIN] epoch=13/400 | batch=64/205 | sample_locali=64/205 | elapsed_epoch=108.1s
2026-07-04 16:27:04,197 [INFO] [rank=0] [TRAIN] epoch=13/400 | batch=128/205 | sample_locali=128/205 | elapsed_epoch=216.5s
2026-07-04 16:28:52,032 [INFO] [rank=0] [TRAIN] epoch=13/400 | batch=192/205 | sample_locali=192/205 | elapsed_epoch=324.3s
2026-07-04 16:29:13,957 [INFO] [rank=0] [TRAIN] epoch=13/400 | batch=205/205 | sample_locali=205/205 | elapsed_epoch=346.3s
2026-07-04 16:29:15,679 [INFO] [rank=0] [TRAIN] epoch=14/400 | batch=1/205 | sample_locali=1/205 | elapsed_epoch=1.7s
2026-07-04 16:31:01,955 [INFO] [rank=0] [TRAIN] epoch=14/400 | batch=64/205 | sample_locali=64/205 | elapsed_epoch=108.0s
2026-07-04 16:32:49,960 [INFO] [rank=0] [TRAIN] epoch=14/400 | batch=128/205 | sample_locali=128/205 | elapsed_epoch=216.0s
2026-07-04 16:34:38,056 [INFO] [rank=0] [TRAIN] epoch=14/400 | batch=192/205 | sample_locali=192/205 | elapsed_epoch=324.1s
2026-07-04 16:34:59,933 [INFO] [rank=0] [TRAIN] epoch=14/400 | batch=205/205 | sample_locali=205/205 | elapsed_epoch=346.0s
2026-07-04 16:35:01,635 [INFO] [rank=0] [TRAIN] epoch=15/400 | batch=1/205 | sample_locali=1/205 | elapsed_epoch=1.7s
2026-07-04 16:36:48,015 [INFO] [rank=0] [TRAIN] epoch=15/400 | batch=64/205 | sample_locali=64/205 | elapsed_epoch=108.1s
2026-07-04 16:38:35,868 [INFO] [rank=0] [TRAIN] epoch=15/400 | batch=128/205 | sample_locali=128/205 | elapsed_epoch=215.9s
2026-07-04 16:40:23,706 [INFO] [rank=0] [TRAIN] epoch=15/400 | batch=192/205 | sample_locali=192/205 | elapsed_epoch=323.8s
2026-07-04 16:40:45,590 [INFO] [rank=0] [TRAIN] epoch=15/400 | batch=205/205 | sample_locali=205/205 | elapsed_epoch=345.7s
2026-07-04 16:40:47,406 [INFO] [rank=0] [TRAIN] epoch=16/400 | batch=1/205 | sample_locali=1/205 | elapsed_epoch=1.7s
2026-07-04 16:42:33,573 [INFO] [rank=0] [TRAIN] epoch=16/400 | batch=64/205 | sample_locali=64/205 | elapsed_epoch=107.9s
2026-07-04 16:44:21,308 [INFO] [rank=0] [TRAIN] epoch=16/400 | batch=128/205 | sample_locali=128/205 | elapsed_epoch=215.6s
2026-07-04 16:46:09,152 [INFO] [rank=0] [TRAIN] epoch=16/400 | batch=192/205 | sample_locali=192/205 | elapsed_epoch=323.4s
2026-07-04 16:46:31,026 [INFO] [rank=0] [TRAIN] epoch=16/400 | batch=205/205 | sample_locali=205/205 | elapsed_epoch=345.3s
2026-07-04 16:46:32,802 [INFO] [rank=0] [TRAIN] epoch=17/400 | batch=1/205 | sample_locali=1/205 | elapsed_epoch=1.8s
2026-07-04 16:48:19,209 [INFO] [rank=0] [TRAIN] epoch=17/400 | batch=64/205 | sample_locali=64/205 | elapsed_epoch=108.2s
2026-07-04 16:50:06,656 [INFO] [rank=0] [TRAIN] epoch=17/400 | batch=128/205 | sample_locali=128/205 | elapsed_epoch=215.6s
2026-07-04 16:51:54,540 [INFO] [rank=0] [TRAIN] epoch=17/400 | batch=192/205 | sample_locali=192/205 | elapsed_epoch=323.5s
2026-07-04 16:52:16,321 [INFO] [rank=0] [TRAIN] epoch=17/400 | batch=205/205 | sample_locali=205/205 | elapsed_epoch=345.3s
2026-07-04 16:52:18,117 [INFO] [rank=0] [TRAIN] epoch=18/400 | batch=1/205 | sample_locali=1/205 | elapsed_epoch=1.8s
2026-07-04 16:54:04,139 [INFO] [rank=0] [TRAIN] epoch=18/400 | batch=64/205 | sample_locali=64/205 | elapsed_epoch=107.8s
2026-07-04 16:55:52,148 [INFO] [rank=0] [TRAIN] epoch=18/400 | batch=128/205 | sample_locali=128/205 | elapsed_epoch=215.8s
2026-07-04 16:57:39,957 [INFO] [rank=0] [TRAIN] epoch=18/400 | batch=192/205 | sample_locali=192/205 | elapsed_epoch=323.6s
2026-07-04 16:58:01,849 [INFO] [rank=0] [TRAIN] epoch=18/400 | batch=205/205 | sample_locali=205/205 | elapsed_epoch=345.5s
2026-07-04 16:58:03,629 [INFO] [rank=0] [TRAIN] epoch=19/400 | batch=1/205 | sample_locali=1/205 | elapsed_epoch=1.8s
2026-07-04 16:59:49,677 [INFO] [rank=0] [TRAIN] epoch=19/400 | batch=64/205 | sample_locali=64/205 | elapsed_epoch=107.8s
2026-07-04 17:01:37,764 [INFO] [rank=0] [TRAIN] epoch=19/400 | batch=128/205 | sample_locali=128/205 | elapsed_epoch=215.9s
2026-07-04 17:03:25,714 [INFO] [rank=0] [TRAIN] epoch=19/400 | batch=192/205 | sample_locali=192/205 | elapsed_epoch=323.9s
2026-07-04 17:03:47,627 [INFO] [rank=0] [TRAIN] epoch=19/400 | batch=205/205 | sample_locali=205/205 | elapsed_epoch=345.8s
2026-07-04 17:03:49,344 [INFO] [rank=0] [TRAIN] epoch=20/400 | batch=1/205 | sample_locali=1/205 | elapsed_epoch=1.7s
2026-07-04 17:05:35,951 [INFO] [rank=0] [TRAIN] epoch=20/400 | batch=64/205 | sample_locali=64/205 | elapsed_epoch=108.3s
2026-07-04 17:07:24,278 [INFO] [rank=0] [TRAIN] epoch=20/400 | batch=128/205 | sample_locali=128/205 | elapsed_epoch=216.6s
2026-07-04 17:09:12,150 [INFO] [rank=0] [TRAIN] epoch=20/400 | batch=192/205 | sample_locali=192/205 | elapsed_epoch=324.5s
2026-07-04 17:09:34,125 [INFO] [rank=0] [TRAIN] epoch=20/400 | batch=205/205 | sample_locali=205/205 | elapsed_epoch=346.5s
2026-07-04 17:09:34,145 [INFO] [rank=0] [TRAIN] Epoch 0020/0400 | opt_loss=7.69980022 | grad_norm=49.394617
2026-07-04 17:09:35,844 [INFO] [rank=0] [TRAIN] epoch=21/400 | batch=1/205 | sample_locali=1/205 | elapsed_epoch=1.7s
2026-07-04 17:11:22,380 [INFO] [rank=0] [TRAIN] epoch=21/400 | batch=64/205 | sample_locali=64/205 | elapsed_epoch=108.2s
2026-07-04 17:13:10,385 [INFO] [rank=0] [TRAIN] epoch=21/400 | batch=128/205 | sample_locali=128/205 | elapsed_epoch=216.2s
2026-07-04 17:14:57,996 [INFO] [rank=0] [TRAIN] epoch=21/400 | batch=192/205 | sample_locali=192/205 | elapsed_epoch=323.8s
2026-07-04 17:15:19,872 [INFO] [rank=0] [TRAIN] epoch=21/400 | batch=205/205 | sample_locali=205/205 | elapsed_epoch=345.7s
2026-07-04 17:15:21,580 [INFO] [rank=0] [TRAIN] epoch=22/400 | batch=1/205 | sample_locali=1/205 | elapsed_epoch=1.7s
2026-07-04 17:17:07,779 [INFO] [rank=0] [TRAIN] epoch=22/400 | batch=64/205 | sample_locali=64/205 | elapsed_epoch=107.9s
2026-07-04 17:18:55,589 [INFO] [rank=0] [TRAIN] epoch=22/400 | batch=128/205 | sample_locali=128/205 | elapsed_epoch=215.7s
2026-07-04 17:20:43,654 [INFO] [rank=0] [TRAIN] epoch=22/400 | batch=192/205 | sample_locali=192/205 | elapsed_epoch=323.8s
2026-07-04 17:21:05,644 [INFO] [rank=0] [TRAIN] epoch=22/400 | batch=205/205 | sample_locali=205/205 | elapsed_epoch=345.8s
2026-07-04 17:21:07,342 [INFO] [rank=0] [TRAIN] epoch=23/400 | batch=1/205 | sample_locali=1/205 | elapsed_epoch=1.7s
2026-07-04 17:22:53,557 [INFO] [rank=0] [TRAIN] epoch=23/400 | batch=64/205 | sample_locali=64/205 | elapsed_epoch=107.9s
2026-07-04 17:24:41,162 [INFO] [rank=0] [TRAIN] epoch=23/400 | batch=128/205 | sample_locali=128/205 | elapsed_epoch=215.5s
2026-07-04 17:26:28,804 [INFO] [rank=0] [TRAIN] epoch=23/400 | batch=192/205 | sample_locali=192/205 | elapsed_epoch=323.2s
2026-07-04 17:26:50,633 [INFO] [rank=0] [TRAIN] epoch=23/400 | batch=205/205 | sample_locali=205/205 | elapsed_epoch=345.0s
2026-07-04 17:26:52,361 [INFO] [rank=0] [TRAIN] epoch=24/400 | batch=1/205 | sample_locali=1/205 | elapsed_epoch=1.7s
2026-07-04 17:28:38,687 [INFO] [rank=0] [TRAIN] epoch=24/400 | batch=64/205 | sample_locali=64/205 | elapsed_epoch=108.0s
2026-07-04 17:30:26,410 [INFO] [rank=0] [TRAIN] epoch=24/400 | batch=128/205 | sample_locali=128/205 | elapsed_epoch=215.8s
2026-07-04 17:32:14,157 [INFO] [rank=0] [TRAIN] epoch=24/400 | batch=192/205 | sample_locali=192/205 | elapsed_epoch=323.5s
2026-07-04 17:32:36,039 [INFO] [rank=0] [TRAIN] epoch=24/400 | batch=205/205 | sample_locali=205/205 | elapsed_epoch=345.4s
2026-07-04 17:32:37,728 [INFO] [rank=0] [TRAIN] epoch=25/400 | batch=1/205 | sample_locali=1/205 | elapsed_epoch=1.7s
2026-07-04 17:34:23,806 [INFO] [rank=0] [TRAIN] epoch=25/400 | batch=64/205 | sample_locali=64/205 | elapsed_epoch=107.8s
2026-07-04 17:36:11,648 [INFO] [rank=0] [TRAIN] epoch=25/400 | batch=128/205 | sample_locali=128/205 | elapsed_epoch=215.6s
2026-07-04 17:37:59,327 [INFO] [rank=0] [TRAIN] epoch=25/400 | batch=192/205 | sample_locali=192/205 | elapsed_epoch=323.3s
2026-07-04 17:38:21,275 [INFO] [rank=0] [TRAIN] epoch=25/400 | batch=205/205 | sample_locali=205/205 | elapsed_epoch=345.2s
2026-07-04 17:39:40,854 [INFO] [rank=0] [TRAIN] epoch=26/400 | batch=1/205 | sample_locali=1/205 | elapsed_epoch=1.7s
2026-07-04 17:41:25,883 [INFO] [rank=0] [TRAIN] epoch=26/400 | batch=64/205 | sample_locali=64/205 | elapsed_epoch=106.7s
2026-07-04 17:43:12,597 [INFO] [rank=0] [TRAIN] epoch=26/400 | batch=128/205 | sample_locali=128/205 | elapsed_epoch=213.4s
2026-07-04 17:44:59,447 [INFO] [rank=0] [TRAIN] epoch=26/400 | batch=192/205 | sample_locali=192/205 | elapsed_epoch=320.3s
2026-07-04 17:45:21,089 [INFO] [rank=0] [TRAIN] epoch=26/400 | batch=205/205 | sample_locali=205/205 | elapsed_epoch=341.9s
2026-07-04 17:45:22,796 [INFO] [rank=0] [TRAIN] epoch=27/400 | batch=1/205 | sample_locali=1/205 | elapsed_epoch=1.7s
2026-07-04 17:47:08,210 [INFO] [rank=0] [TRAIN] epoch=27/400 | batch=64/205 | sample_locali=64/205 | elapsed_epoch=107.1s
2026-07-04 17:48:55,190 [INFO] [rank=0] [TRAIN] epoch=27/400 | batch=128/205 | sample_locali=128/205 | elapsed_epoch=214.1s
2026-07-04 17:50:42,683 [INFO] [rank=0] [TRAIN] epoch=27/400 | batch=192/205 | sample_locali=192/205 | elapsed_epoch=321.6s
2026-07-04 17:51:04,490 [INFO] [rank=0] [TRAIN] epoch=27/400 | batch=205/205 | sample_locali=205/205 | elapsed_epoch=343.4s
2026-07-04 17:51:06,280 [INFO] [rank=0] [TRAIN] epoch=28/400 | batch=1/205 | sample_locali=1/205 | elapsed_epoch=1.8s
2026-07-04 17:52:52,604 [INFO] [rank=0] [TRAIN] epoch=28/400 | batch=64/205 | sample_locali=64/205 | elapsed_epoch=108.1s
2026-07-04 17:54:40,007 [INFO] [rank=0] [TRAIN] epoch=28/400 | batch=128/205 | sample_locali=128/205 | elapsed_epoch=215.5s
2026-07-04 17:56:27,534 [INFO] [rank=0] [TRAIN] epoch=28/400 | batch=192/205 | sample_locali=192/205 | elapsed_epoch=323.0s
2026-07-04 17:56:49,513 [INFO] [rank=0] [TRAIN] epoch=28/400 | batch=205/205 | sample_locali=205/205 | elapsed_epoch=345.0s
2026-07-04 17:56:51,240 [INFO] [rank=0] [TRAIN] epoch=29/400 | batch=1/205 | sample_locali=1/205 | elapsed_epoch=1.7s
2026-07-04 17:58:37,235 [INFO] [rank=0] [TRAIN] epoch=29/400 | batch=64/205 | sample_locali=64/205 | elapsed_epoch=107.7s
2026-07-04 18:00:25,298 [INFO] [rank=0] [TRAIN] epoch=29/400 | batch=128/205 | sample_locali=128/205 | elapsed_epoch=215.8s
2026-07-04 18:02:14,998 [INFO] [rank=0] [TRAIN] epoch=29/400 | batch=192/205 | sample_locali=192/205 | elapsed_epoch=325.5s
2026-07-04 18:02:36,907 [INFO] [rank=0] [TRAIN] epoch=29/400 | batch=205/205 | sample_locali=205/205 | elapsed_epoch=347.4s
2026-07-04 18:02:38,721 [INFO] [rank=0] [TRAIN] epoch=30/400 | batch=1/205 | sample_locali=1/205 | elapsed_epoch=1.8s
2026-07-04 18:04:25,124 [INFO] [rank=0] [TRAIN] epoch=30/400 | batch=64/205 | sample_locali=64/205 | elapsed_epoch=108.2s
2026-07-04 18:06:13,167 [INFO] [rank=0] [TRAIN] epoch=30/400 | batch=128/205 | sample_locali=128/205 | elapsed_epoch=216.3s
2026-07-04 18:08:01,639 [INFO] [rank=0] [TRAIN] epoch=30/400 | batch=192/205 | sample_locali=192/205 | elapsed_epoch=324.7s
2026-07-04 18:08:23,441 [INFO] [rank=0] [TRAIN] epoch=30/400 | batch=205/205 | sample_locali=205/205 | elapsed_epoch=346.5s
2026-07-04 18:08:23,446 [INFO] [rank=0] [TRAIN] Epoch 0030/0400 | opt_loss=7.52602977 | grad_norm=45.329867
2026-07-04 18:08:25,283 [INFO] [rank=0] [TRAIN] epoch=31/400 | batch=1/205 | sample_locali=1/205 | elapsed_epoch=1.8s
2026-07-04 18:10:11,643 [INFO] [rank=0] [TRAIN] epoch=31/400 | batch=64/205 | sample_locali=64/205 | elapsed_epoch=108.2s
2026-07-04 18:12:00,161 [INFO] [rank=0] [TRAIN] epoch=31/400 | batch=128/205 | sample_locali=128/205 | elapsed_epoch=216.7s
2026-07-04 18:14:06,249 [INFO] [rank=0] [TRAIN] epoch=31/400 | batch=192/205 | sample_locali=192/205 | elapsed_epoch=342.8s
2026-07-04 18:14:36,480 [INFO] [rank=0] [TRAIN] epoch=31/400 | batch=205/205 | sample_locali=205/205 | elapsed_epoch=373.0s
2026-07-04 18:14:39,396 [INFO] [rank=0] [TRAIN] epoch=32/400 | batch=1/205 | sample_locali=1/205 | elapsed_epoch=2.9s
2026-07-04 18:17:19,680 [INFO] [rank=0] [TRAIN] epoch=32/400 | batch=64/205 | sample_locali=64/205 | elapsed_epoch=163.2s
2026-07-04 18:20:25,284 [INFO] [rank=0] [TRAIN] epoch=32/400 | batch=128/205 | sample_locali=128/205 | elapsed_epoch=348.8s
2026-07-04 18:23:48,203 [INFO] [rank=0] [TRAIN] epoch=32/400 | batch=192/205 | sample_locali=192/205 | elapsed_epoch=551.7s
2026-07-04 18:24:25,563 [INFO] [rank=0] [TRAIN] epoch=32/400 | batch=205/205 | sample_locali=205/205 | elapsed_epoch=589.1s
2026-07-04 18:24:28,760 [INFO] [rank=0] [TRAIN] epoch=33/400 | batch=1/205 | sample_locali=1/205 | elapsed_epoch=3.2s
2026-07-04 18:27:40,038 [INFO] [rank=0] [TRAIN] epoch=33/400 | batch=64/205 | sample_locali=64/205 | elapsed_epoch=194.5s
2026-07-04 18:30:48,154 [INFO] [rank=0] [TRAIN] epoch=33/400 | batch=128/205 | sample_locali=128/205 | elapsed_epoch=382.6s
2026-07-04 18:34:13,082 [INFO] [rank=0] [TRAIN] epoch=33/400 | batch=192/205 | sample_locali=192/205 | elapsed_epoch=587.5s
2026-07-04 18:35:04,103 [INFO] [rank=0] [TRAIN] epoch=33/400 | batch=205/205 | sample_locali=205/205 | elapsed_epoch=638.5s
2026-07-04 18:35:08,364 [INFO] [rank=0] [TRAIN] epoch=34/400 | batch=1/205 | sample_locali=1/205 | elapsed_epoch=4.2s
2026-07-04 18:39:00,693 [INFO] [rank=0] [TRAIN] epoch=34/400 | batch=64/205 | sample_locali=64/205 | elapsed_epoch=236.6s
2026-07-04 18:41:35,699 [INFO] [rank=0] [TRAIN] epoch=34/400 | batch=128/205 | sample_locali=128/205 | elapsed_epoch=391.6s
2026-07-04 18:43:38,538 [INFO] [rank=0] [TRAIN] epoch=34/400 | batch=192/205 | sample_locali=192/205 | elapsed_epoch=514.4s
2026-07-04 18:44:02,832 [INFO] [rank=0] [TRAIN] epoch=34/400 | batch=205/205 | sample_locali=205/205 | elapsed_epoch=538.7s
2026-07-04 18:44:04,684 [INFO] [rank=0] [TRAIN] epoch=35/400 | batch=1/205 | sample_locali=1/205 | elapsed_epoch=1.8s
2026-07-04 18:46:01,422 [INFO] [rank=0] [TRAIN] epoch=35/400 | batch=64/205 | sample_locali=64/205 | elapsed_epoch=118.6s
2026-07-04 18:47:56,723 [INFO] [rank=0] [TRAIN] epoch=35/400 | batch=128/205 | sample_locali=128/205 | elapsed_epoch=233.9s
2026-07-04 18:49:54,712 [INFO] [rank=0] [TRAIN] epoch=35/400 | batch=192/205 | sample_locali=192/205 | elapsed_epoch=351.9s
2026-07-04 18:50:18,894 [INFO] [rank=0] [TRAIN] epoch=35/400 | batch=205/205 | sample_locali=205/205 | elapsed_epoch=376.1s
2026-07-04 18:50:20,709 [INFO] [rank=0] [TRAIN] epoch=36/400 | batch=1/205 | sample_locali=1/205 | elapsed_epoch=1.8s
2026-07-04 18:52:26,754 [INFO] [rank=0] [TRAIN] epoch=36/400 | batch=64/205 | sample_locali=64/205 | elapsed_epoch=127.9s
2026-07-04 18:55:15,270 [INFO] [rank=0] [TRAIN] epoch=36/400 | batch=128/205 | sample_locali=128/205 | elapsed_epoch=296.4s
2026-07-04 18:57:42,998 [INFO] [rank=0] [TRAIN] epoch=36/400 | batch=192/205 | sample_locali=192/205 | elapsed_epoch=444.1s
2026-07-04 18:58:11,460 [INFO] [rank=0] [TRAIN] epoch=36/400 | batch=205/205 | sample_locali=205/205 | elapsed_epoch=472.6s
2026-07-04 18:58:14,439 [INFO] [rank=0] [TRAIN] epoch=37/400 | batch=1/205 | sample_locali=1/205 | elapsed_epoch=3.0s
2026-07-04 19:01:39,268 [INFO] [rank=0] [TRAIN] epoch=37/400 | batch=64/205 | sample_locali=64/205 | elapsed_epoch=207.8s
2026-07-04 19:05:17,546 [INFO] [rank=0] [TRAIN] epoch=37/400 | batch=128/205 | sample_locali=128/205 | elapsed_epoch=426.1s
2026-07-04 19:08:33,049 [INFO] [rank=0] [TRAIN] epoch=37/400 | batch=192/205 | sample_locali=192/205 | elapsed_epoch=621.6s
2026-07-04 19:09:07,300 [INFO] [rank=0] [TRAIN] epoch=37/400 | batch=205/205 | sample_locali=205/205 | elapsed_epoch=655.8s
2026-07-04 19:09:09,944 [INFO] [rank=0] [TRAIN] epoch=38/400 | batch=1/205 | sample_locali=1/205 | elapsed_epoch=2.6s
2026-07-04 19:11:59,920 [INFO] [rank=0] [TRAIN] epoch=38/400 | batch=64/205 | sample_locali=64/205 | elapsed_epoch=172.6s
2026-07-04 19:15:10,470 [INFO] [rank=0] [TRAIN] epoch=38/400 | batch=128/205 | sample_locali=128/205 | elapsed_epoch=363.2s
2026-07-04 19:18:11,010 [INFO] [rank=0] [TRAIN] epoch=38/400 | batch=192/205 | sample_locali=192/205 | elapsed_epoch=543.7s
2026-07-04 19:18:53,171 [INFO] [rank=0] [TRAIN] epoch=38/400 | batch=205/205 | sample_locali=205/205 | elapsed_epoch=585.9s
2026-07-04 19:18:55,900 [INFO] [rank=0] [TRAIN] epoch=39/400 | batch=1/205 | sample_locali=1/205 | elapsed_epoch=2.7s
2026-07-04 19:22:53,991 [INFO] [rank=0] [TRAIN] epoch=39/400 | batch=64/205 | sample_locali=64/205 | elapsed_epoch=240.8s
2026-07-04 19:26:52,166 [INFO] [rank=0] [TRAIN] epoch=39/400 | batch=128/205 | sample_locali=128/205 | elapsed_epoch=479.0s
2026-07-04 19:30:41,506 [INFO] [rank=0] [TRAIN] epoch=39/400 | batch=192/205 | sample_locali=192/205 | elapsed_epoch=708.3s
2026-07-04 19:31:20,160 [INFO] [rank=0] [TRAIN] epoch=39/400 | batch=205/205 | sample_locali=205/205 | elapsed_epoch=747.0s
2026-07-04 19:31:23,561 [INFO] [rank=0] [TRAIN] epoch=40/400 | batch=1/205 | sample_locali=1/205 | elapsed_epoch=3.4s
2026-07-04 19:33:47,172 [INFO] [rank=0] [TRAIN] epoch=40/400 | batch=64/205 | sample_locali=64/205 | elapsed_epoch=147.0s
2026-07-04 19:36:42,848 [INFO] [rank=0] [TRAIN] epoch=40/400 | batch=128/205 | sample_locali=128/205 | elapsed_epoch=322.6s
2026-07-04 19:40:13,989 [INFO] [rank=0] [TRAIN] epoch=40/400 | batch=192/205 | sample_locali=192/205 | elapsed_epoch=533.8s
2026-07-04 19:41:01,513 [INFO] [rank=0] [TRAIN] epoch=40/400 | batch=205/205 | sample_locali=205/205 | elapsed_epoch=581.3s
2026-07-04 19:41:01,522 [INFO] [rank=0] [TRAIN] Epoch 0040/0400 | opt_loss=7.36794879 | grad_norm=41.966520
2026-07-04 19:41:04,690 [INFO] [rank=0] [TRAIN] epoch=41/400 | batch=1/205 | sample_locali=1/205 | elapsed_epoch=3.2s
2026-07-04 19:44:06,758 [INFO] [rank=0] [TRAIN] epoch=41/400 | batch=64/205 | sample_locali=64/205 | elapsed_epoch=185.2s
2026-07-04 19:46:08,228 [INFO] [rank=0] [TRAIN] epoch=41/400 | batch=128/205 | sample_locali=128/205 | elapsed_epoch=306.7s
2026-07-04 19:48:05,336 [INFO] [rank=0] [TRAIN] epoch=41/400 | batch=192/205 | sample_locali=192/205 | elapsed_epoch=423.8s
2026-07-04 19:48:28,631 [INFO] [rank=0] [TRAIN] epoch=41/400 | batch=205/205 | sample_locali=205/205 | elapsed_epoch=447.1s
2026-07-04 19:48:30,426 [INFO] [rank=0] [TRAIN] epoch=42/400 | batch=1/205 | sample_locali=1/205 | elapsed_epoch=1.8s
2026-07-04 19:50:22,182 [INFO] [rank=0] [TRAIN] epoch=42/400 | batch=64/205 | sample_locali=64/205 | elapsed_epoch=113.5s
2026-07-04 19:52:14,644 [INFO] [rank=0] [TRAIN] epoch=42/400 | batch=128/205 | sample_locali=128/205 | elapsed_epoch=226.0s
2026-07-04 19:54:06,583 [INFO] [rank=0] [TRAIN] epoch=42/400 | batch=192/205 | sample_locali=192/205 | elapsed_epoch=337.9s
2026-07-04 19:54:29,123 [INFO] [rank=0] [TRAIN] epoch=42/400 | batch=205/205 | sample_locali=205/205 | elapsed_epoch=360.5s
2026-07-04 19:54:30,966 [INFO] [rank=0] [TRAIN] epoch=43/400 | batch=1/205 | sample_locali=1/205 | elapsed_epoch=1.8s
2026-07-04 19:56:20,637 [INFO] [rank=0] [TRAIN] epoch=43/400 | batch=64/205 | sample_locali=64/205 | elapsed_epoch=111.5s
2026-07-04 19:58:11,488 [INFO] [rank=0] [TRAIN] epoch=43/400 | batch=128/205 | sample_locali=128/205 | elapsed_epoch=222.3s
2026-07-04 20:00:02,201 [INFO] [rank=0] [TRAIN] epoch=43/400 | batch=192/205 | sample_locali=192/205 | elapsed_epoch=333.1s
2026-07-04 20:00:24,911 [INFO] [rank=0] [TRAIN] epoch=43/400 | batch=205/205 | sample_locali=205/205 | elapsed_epoch=355.8s
2026-07-04 20:00:26,730 [INFO] [rank=0] [TRAIN] epoch=44/400 | batch=1/205 | sample_locali=1/205 | elapsed_epoch=1.8s
2026-07-04 20:02:15,701 [INFO] [rank=0] [TRAIN] epoch=44/400 | batch=64/205 | sample_locali=64/205 | elapsed_epoch=110.8s
2026-07-04 20:04:10,266 [INFO] [rank=0] [TRAIN] epoch=44/400 | batch=128/205 | sample_locali=128/205 | elapsed_epoch=225.3s
2026-07-04 20:06:13,026 [INFO] [rank=0] [TRAIN] epoch=44/400 | batch=192/205 | sample_locali=192/205 | elapsed_epoch=348.1s
2026-07-04 20:06:36,407 [INFO] [rank=0] [TRAIN] epoch=44/400 | batch=205/205 | sample_locali=205/205 | elapsed_epoch=371.5s
2026-07-04 20:06:38,481 [INFO] [rank=0] [TRAIN] epoch=45/400 | batch=1/205 | sample_locali=1/205 | elapsed_epoch=2.1s
2026-07-04 20:08:40,138 [INFO] [rank=0] [TRAIN] epoch=45/400 | batch=64/205 | sample_locali=64/205 | elapsed_epoch=123.7s
2026-07-04 20:10:47,576 [INFO] [rank=0] [TRAIN] epoch=45/400 | batch=128/205 | sample_locali=128/205 | elapsed_epoch=251.2s
2026-07-04 20:13:19,968 [INFO] [rank=0] [TRAIN] epoch=45/400 | batch=192/205 | sample_locali=192/205 | elapsed_epoch=403.6s
2026-07-04 20:13:46,104 [INFO] [rank=0] [TRAIN] epoch=45/400 | batch=205/205 | sample_locali=205/205 | elapsed_epoch=429.7s
2026-07-04 20:13:48,135 [INFO] [rank=0] [TRAIN] epoch=46/400 | batch=1/205 | sample_locali=1/205 | elapsed_epoch=2.0s
2026-07-04 20:15:44,395 [INFO] [rank=0] [TRAIN] epoch=46/400 | batch=64/205 | sample_locali=64/205 | elapsed_epoch=118.3s
2026-07-04 20:17:43,661 [INFO] [rank=0] [TRAIN] epoch=46/400 | batch=128/205 | sample_locali=128/205 | elapsed_epoch=237.5s
2026-07-04 20:19:46,223 [INFO] [rank=0] [TRAIN] epoch=46/400 | batch=192/205 | sample_locali=192/205 | elapsed_epoch=360.1s
2026-07-04 20:20:09,975 [INFO] [rank=0] [TRAIN] epoch=46/400 | batch=205/205 | sample_locali=205/205 | elapsed_epoch=383.8s
2026-07-04 20:20:11,791 [INFO] [rank=0] [TRAIN] epoch=47/400 | batch=1/205 | sample_locali=1/205 | elapsed_epoch=1.8s
2026-07-04 20:22:16,811 [INFO] [rank=0] [TRAIN] epoch=47/400 | batch=64/205 | sample_locali=64/205 | elapsed_epoch=126.8s
2026-07-04 20:24:14,968 [INFO] [rank=0] [TRAIN] epoch=47/400 | batch=128/205 | sample_locali=128/205 | elapsed_epoch=245.0s
2026-07-04 20:26:09,890 [INFO] [rank=0] [TRAIN] epoch=47/400 | batch=192/205 | sample_locali=192/205 | elapsed_epoch=359.9s
2026-07-04 20:26:32,773 [INFO] [rank=0] [TRAIN] epoch=47/400 | batch=205/205 | sample_locali=205/205 | elapsed_epoch=382.8s
2026-07-04 20:26:34,528 [INFO] [rank=0] [TRAIN] epoch=48/400 | batch=1/205 | sample_locali=1/205 | elapsed_epoch=1.7s
2026-07-04 20:28:29,341 [INFO] [rank=0] [TRAIN] epoch=48/400 | batch=64/205 | sample_locali=64/205 | elapsed_epoch=116.6s
2026-07-04 20:30:27,770 [INFO] [rank=0] [TRAIN] epoch=48/400 | batch=128/205 | sample_locali=128/205 | elapsed_epoch=235.0s
2026-07-04 20:32:24,015 [INFO] [rank=0] [TRAIN] epoch=48/400 | batch=192/205 | sample_locali=192/205 | elapsed_epoch=351.2s
2026-07-04 20:32:48,081 [INFO] [rank=0] [TRAIN] epoch=48/400 | batch=205/205 | sample_locali=205/205 | elapsed_epoch=375.3s
2026-07-04 20:32:49,969 [INFO] [rank=0] [TRAIN] epoch=49/400 | batch=1/205 | sample_locali=1/205 | elapsed_epoch=1.9s
2026-07-04 20:34:41,997 [INFO] [rank=0] [TRAIN] epoch=49/400 | batch=64/205 | sample_locali=64/205 | elapsed_epoch=113.9s
2026-07-04 20:36:35,342 [INFO] [rank=0] [TRAIN] epoch=49/400 | batch=128/205 | sample_locali=128/205 | elapsed_epoch=227.3s
2026-07-04 20:38:29,433 [INFO] [rank=0] [TRAIN] epoch=49/400 | batch=192/205 | sample_locali=192/205 | elapsed_epoch=341.3s
2026-07-04 20:38:52,179 [INFO] [rank=0] [TRAIN] epoch=49/400 | batch=205/205 | sample_locali=205/205 | elapsed_epoch=364.1s
2026-07-04 20:38:53,931 [INFO] [rank=0] [TRAIN] epoch=50/400 | batch=1/205 | sample_locali=1/205 | elapsed_epoch=1.7s
2026-07-04 20:40:44,130 [INFO] [rank=0] [TRAIN] epoch=50/400 | batch=64/205 | sample_locali=64/205 | elapsed_epoch=111.9s
2026-07-04 20:42:35,487 [INFO] [rank=0] [TRAIN] epoch=50/400 | batch=128/205 | sample_locali=128/205 | elapsed_epoch=223.3s
2026-07-04 20:44:27,923 [INFO] [rank=0] [TRAIN] epoch=50/400 | batch=192/205 | sample_locali=192/205 | elapsed_epoch=335.7s
2026-07-04 20:44:50,558 [INFO] [rank=0] [TRAIN] epoch=50/400 | batch=205/205 | sample_locali=205/205 | elapsed_epoch=358.4s
2026-07-04 20:46:09,084 [INFO] [rank=0] [TRAIN] Epoch 0050/0400 | opt_loss=7.22278578 | grad_norm=39.141576 | train_loss=7.20890125 | train_ppl=1166.35532264 | test_loss=7.19237273 | test_ppl=1150.51978675
2026-07-04 20:46:10,788 [INFO] [rank=0] [TRAIN] epoch=51/400 | batch=1/205 | sample_locali=1/205 | elapsed_epoch=1.7s
2026-07-04 20:48:10,044 [INFO] [rank=0] [TRAIN] epoch=51/400 | batch=64/205 | sample_locali=64/205 | elapsed_epoch=121.0s
2026-07-04 20:50:18,353 [INFO] [rank=0] [TRAIN] epoch=51/400 | batch=128/205 | sample_locali=128/205 | elapsed_epoch=249.3s
2026-07-04 20:52:58,640 [INFO] [rank=0] [TRAIN] epoch=51/400 | batch=192/205 | sample_locali=192/205 | elapsed_epoch=409.6s
2026-07-04 20:53:31,889 [INFO] [rank=0] [TRAIN] epoch=51/400 | batch=205/205 | sample_locali=205/205 | elapsed_epoch=442.8s
2026-07-04 20:53:34,458 [INFO] [rank=0] [TRAIN] epoch=52/400 | batch=1/205 | sample_locali=1/205 | elapsed_epoch=2.5s
2026-07-04 20:56:05,979 [INFO] [rank=0] [TRAIN] epoch=52/400 | batch=64/205 | sample_locali=64/205 | elapsed_epoch=154.1s
2026-07-04 20:58:22,528 [INFO] [rank=0] [TRAIN] epoch=52/400 | batch=128/205 | sample_locali=128/205 | elapsed_epoch=290.6s
2026-07-04 21:00:42,367 [INFO] [rank=0] [TRAIN] epoch=52/400 | batch=192/205 | sample_locali=192/205 | elapsed_epoch=430.4s
2026-07-04 21:01:09,055 [INFO] [rank=0] [TRAIN] epoch=52/400 | batch=205/205 | sample_locali=205/205 | elapsed_epoch=457.1s
2026-07-04 21:01:11,060 [INFO] [rank=0] [TRAIN] epoch=53/400 | batch=1/205 | sample_locali=1/205 | elapsed_epoch=2.0s
2026-07-04 21:03:19,342 [INFO] [rank=0] [TRAIN] epoch=53/400 | batch=64/205 | sample_locali=64/205 | elapsed_epoch=130.3s
2026-07-04 21:05:31,213 [INFO] [rank=0] [TRAIN] epoch=53/400 | batch=128/205 | sample_locali=128/205 | elapsed_epoch=262.2s
2026-07-04 21:07:49,040 [INFO] [rank=0] [TRAIN] epoch=53/400 | batch=192/205 | sample_locali=192/205 | elapsed_epoch=400.0s
2026-07-04 21:08:18,690 [INFO] [rank=0] [TRAIN] epoch=53/400 | batch=205/205 | sample_locali=205/205 | elapsed_epoch=429.6s
2026-07-04 21:08:20,825 [INFO] [rank=0] [TRAIN] epoch=54/400 | batch=1/205 | sample_locali=1/205 | elapsed_epoch=2.1s
2026-07-04 21:10:42,826 [INFO] [rank=0] [TRAIN] epoch=54/400 | batch=64/205 | sample_locali=64/205 | elapsed_epoch=144.1s
2026-07-04 21:13:10,107 [INFO] [rank=0] [TRAIN] epoch=54/400 | batch=128/205 | sample_locali=128/205 | elapsed_epoch=291.4s
2026-07-04 21:15:27,879 [INFO] [rank=0] [TRAIN] epoch=54/400 | batch=192/205 | sample_locali=192/205 | elapsed_epoch=429.2s
2026-07-04 21:15:57,747 [INFO] [rank=0] [TRAIN] epoch=54/400 | batch=205/205 | sample_locali=205/205 | elapsed_epoch=459.0s
2026-07-04 21:16:00,420 [INFO] [rank=0] [TRAIN] epoch=55/400 | batch=1/205 | sample_locali=1/205 | elapsed_epoch=2.7s
2026-07-04 21:18:27,177 [INFO] [rank=0] [TRAIN] epoch=55/400 | batch=64/205 | sample_locali=64/205 | elapsed_epoch=149.4s
2026-07-04 21:20:51,754 [INFO] [rank=0] [TRAIN] epoch=55/400 | batch=128/205 | sample_locali=128/205 | elapsed_epoch=294.0s
2026-07-04 21:23:16,649 [INFO] [rank=0] [TRAIN] epoch=55/400 | batch=192/205 | sample_locali=192/205 | elapsed_epoch=438.9s
2026-07-04 21:23:45,397 [INFO] [rank=0] [TRAIN] epoch=55/400 | batch=205/205 | sample_locali=205/205 | elapsed_epoch=467.6s
2026-07-04 21:23:47,740 [INFO] [rank=0] [TRAIN] epoch=56/400 | batch=1/205 | sample_locali=1/205 | elapsed_epoch=2.3s
2026-07-04 21:25:59,382 [INFO] [rank=0] [TRAIN] epoch=56/400 | batch=64/205 | sample_locali=64/205 | elapsed_epoch=134.0s
2026-07-04 21:28:17,512 [INFO] [rank=0] [TRAIN] epoch=56/400 | batch=128/205 | sample_locali=128/205 | elapsed_epoch=272.1s
2026-07-04 21:30:31,332 [INFO] [rank=0] [TRAIN] epoch=56/400 | batch=192/205 | sample_locali=192/205 | elapsed_epoch=405.9s
2026-07-04 21:30:58,371 [INFO] [rank=0] [TRAIN] epoch=56/400 | batch=205/205 | sample_locali=205/205 | elapsed_epoch=433.0s
2026-07-04 21:31:00,408 [INFO] [rank=0] [TRAIN] epoch=57/400 | batch=1/205 | sample_locali=1/205 | elapsed_epoch=2.0s
2026-07-04 21:33:11,490 [INFO] [rank=0] [TRAIN] epoch=57/400 | batch=64/205 | sample_locali=64/205 | elapsed_epoch=133.1s
2026-07-04 21:35:24,128 [INFO] [rank=0] [TRAIN] epoch=57/400 | batch=128/205 | sample_locali=128/205 | elapsed_epoch=265.8s
2026-07-04 21:37:35,967 [INFO] [rank=0] [TRAIN] epoch=57/400 | batch=192/205 | sample_locali=192/205 | elapsed_epoch=397.6s
2026-07-04 21:38:02,600 [INFO] [rank=0] [TRAIN] epoch=57/400 | batch=205/205 | sample_locali=205/205 | elapsed_epoch=424.2s
2026-07-04 21:38:04,693 [INFO] [rank=0] [TRAIN] epoch=58/400 | batch=1/205 | sample_locali=1/205 | elapsed_epoch=2.1s
2026-07-04 21:40:12,972 [INFO] [rank=0] [TRAIN] epoch=58/400 | batch=64/205 | sample_locali=64/205 | elapsed_epoch=130.4s
2026-07-04 21:42:36,281 [INFO] [rank=0] [TRAIN] epoch=58/400 | batch=128/205 | sample_locali=128/205 | elapsed_epoch=273.7s
2026-07-04 21:45:06,305 [INFO] [rank=0] [TRAIN] epoch=58/400 | batch=192/205 | sample_locali=192/205 | elapsed_epoch=423.7s
2026-07-04 21:45:35,104 [INFO] [rank=0] [TRAIN] epoch=58/400 | batch=205/205 | sample_locali=205/205 | elapsed_epoch=452.5s
2026-07-04 21:45:37,262 [INFO] [rank=0] [TRAIN] epoch=59/400 | batch=1/205 | sample_locali=1/205 | elapsed_epoch=2.2s
2026-07-04 21:47:48,862 [INFO] [rank=0] [TRAIN] epoch=59/400 | batch=64/205 | sample_locali=64/205 | elapsed_epoch=133.8s
2026-07-04 21:50:01,863 [INFO] [rank=0] [TRAIN] epoch=59/400 | batch=128/205 | sample_locali=128/205 | elapsed_epoch=266.8s
2026-07-04 21:52:09,808 [INFO] [rank=0] [TRAIN] epoch=59/400 | batch=192/205 | sample_locali=192/205 | elapsed_epoch=394.7s
2026-07-04 21:52:35,960 [INFO] [rank=0] [TRAIN] epoch=59/400 | batch=205/205 | sample_locali=205/205 | elapsed_epoch=420.8s
2026-07-04 21:52:38,070 [INFO] [rank=0] [TRAIN] epoch=60/400 | batch=1/205 | sample_locali=1/205 | elapsed_epoch=2.1s
2026-07-04 21:55:06,853 [INFO] [rank=0] [TRAIN] epoch=60/400 | batch=64/205 | sample_locali=64/205 | elapsed_epoch=150.9s
2026-07-04 21:57:25,387 [INFO] [rank=0] [TRAIN] epoch=60/400 | batch=128/205 | sample_locali=128/205 | elapsed_epoch=289.4s
2026-07-04 21:59:29,677 [INFO] [rank=0] [TRAIN] epoch=60/400 | batch=192/205 | sample_locali=192/205 | elapsed_epoch=413.7s
2026-07-04 21:59:54,458 [INFO] [rank=0] [TRAIN] epoch=60/400 | batch=205/205 | sample_locali=205/205 | elapsed_epoch=438.5s
2026-07-04 21:59:54,463 [INFO] [rank=0] [TRAIN] Epoch 0060/0400 | opt_loss=7.08874294 | grad_norm=36.526366
2026-07-04 21:59:56,396 [INFO] [rank=0] [TRAIN] epoch=61/400 | batch=1/205 | sample_locali=1/205 | elapsed_epoch=1.9s
2026-07-04 22:02:05,056 [INFO] [rank=0] [TRAIN] epoch=61/400 | batch=64/205 | sample_locali=64/205 | elapsed_epoch=130.6s
2026-07-04 22:04:23,032 [INFO] [rank=0] [TRAIN] epoch=61/400 | batch=128/205 | sample_locali=128/205 | elapsed_epoch=268.6s
2026-07-04 22:07:36,384 [INFO] [rank=0] [TRAIN] epoch=61/400 | batch=192/205 | sample_locali=192/205 | elapsed_epoch=461.9s
2026-07-04 22:08:18,911 [INFO] [rank=0] [TRAIN] epoch=61/400 | batch=205/205 | sample_locali=205/205 | elapsed_epoch=504.4s
2026-07-04 22:08:22,234 [INFO] [rank=0] [TRAIN] epoch=62/400 | batch=1/205 | sample_locali=1/205 | elapsed_epoch=3.3s
2026-07-04 22:11:45,962 [INFO] [rank=0] [TRAIN] epoch=62/400 | batch=64/205 | sample_locali=64/205 | elapsed_epoch=207.0s
2026-07-04 22:15:30,548 [INFO] [rank=0] [TRAIN] epoch=62/400 | batch=128/205 | sample_locali=128/205 | elapsed_epoch=431.6s
2026-07-04 22:18:55,539 [INFO] [rank=0] [TRAIN] epoch=62/400 | batch=192/205 | sample_locali=192/205 | elapsed_epoch=636.6s
2026-07-04 22:19:29,611 [INFO] [rank=0] [TRAIN] epoch=62/400 | batch=205/205 | sample_locali=205/205 | elapsed_epoch=670.7s
2026-07-04 22:19:32,545 [INFO] [rank=0] [TRAIN] epoch=63/400 | batch=1/205 | sample_locali=1/205 | elapsed_epoch=2.9s
2026-07-04 22:22:24,610 [INFO] [rank=0] [TRAIN] epoch=63/400 | batch=64/205 | sample_locali=64/205 | elapsed_epoch=175.0s
2026-07-04 23:43:00,820 [INFO] [rank=0] [MPI] Avvio backend distribuito JAX+PennyLane su 1 rank
2026-07-04 23:43:00,932 [INFO] [rank=0] [DATA] Frasi testuali caricate: 256 | lunghezza=17
2026-07-04 23:43:00,933 [INFO] [rank=0] [DATA] Split frasi | train=205 | test=51
2026-07-04 23:43:03,891 [INFO] [rank=0] [RESUME] Parametri inizializzati da checkpoint: results\checkpoints\20260704_144044_paper_T16active_d4_nlo2_256sent_e400_localserious\best_params_native.npy
2026-07-04 23:43:04,315 [INFO] [rank=0] [TRAIN] Backend JAX+PennyLane+MPI | epochs=400 | lr=0.0001 | padded_sequence_length=16
2026-07-04 23:43:04,316 [INFO] [rank=0] [TRAIN] Run label=paper_T16active_d4_nlo2_256sent_e400_localserious_resume1
2026-07-04 23:43:04,316 [INFO] [rank=0] [TRAIN] Device=lightning.qubit | interface=jax | diff_method=adjoint | train_batch_size=1
2026-07-04 23:43:04,316 [INFO] [rank=0] [MPI] ranks=1 | sample_globali=205 | sample_locali_medi~=205
2026-07-04 23:43:04,316 [INFO] [rank=0] [TRAIN] Time budget attivo: 4320.0 minuti (~72.00 ore)
2026-07-04 23:43:04,317 [INFO] [rank=0] [TRAIN] Esecuzione quantistica in mini-batch con backend Lightning
2026-07-04 23:43:20,644 [INFO] [rank=0] [TRAIN] epoch=1/400 | batch=1/205 | sample_locali=1/205 | elapsed_epoch=16.3s
2026-07-04 23:45:33,267 [INFO] [rank=0] [TRAIN] epoch=1/400 | batch=64/205 | sample_locali=64/205 | elapsed_epoch=148.9s
2026-07-04 23:47:48,934 [INFO] [rank=0] [TRAIN] epoch=1/400 | batch=128/205 | sample_locali=128/205 | elapsed_epoch=284.6s
2026-07-04 23:50:05,078 [INFO] [rank=0] [TRAIN] epoch=1/400 | batch=192/205 | sample_locali=192/205 | elapsed_epoch=420.8s
2026-07-04 23:50:31,357 [INFO] [rank=0] [TRAIN] epoch=1/400 | batch=205/205 | sample_locali=205/205 | elapsed_epoch=447.0s
2026-07-04 23:51:59,887 [INFO] [rank=0] [TRAIN] Epoch 0001/0400 | opt_loss=7.05053129 | grad_norm=35.781866 | train_loss=7.03782390 | train_ppl=998.22038002 | test_loss=7.01659554 | test_ppl=981.51641349
2026-07-04 23:52:01,755 [INFO] [rank=0] [TRAIN] epoch=2/400 | batch=1/205 | sample_locali=1/205 | elapsed_epoch=1.9s
2026-07-04 23:54:01,401 [INFO] [rank=0] [TRAIN] epoch=2/400 | batch=64/205 | sample_locali=64/205 | elapsed_epoch=121.5s
2026-07-04 23:56:09,255 [INFO] [rank=0] [TRAIN] epoch=2/400 | batch=128/205 | sample_locali=128/205 | elapsed_epoch=249.4s
2026-07-04 23:58:20,069 [INFO] [rank=0] [TRAIN] epoch=2/400 | batch=192/205 | sample_locali=192/205 | elapsed_epoch=380.2s
2026-07-04 23:58:46,579 [INFO] [rank=0] [TRAIN] epoch=2/400 | batch=205/205 | sample_locali=205/205 | elapsed_epoch=406.7s
2026-07-04 23:58:48,580 [INFO] [rank=0] [TRAIN] epoch=3/400 | batch=1/205 | sample_locali=1/205 | elapsed_epoch=2.0s
2026-07-05 00:00:57,829 [INFO] [rank=0] [TRAIN] epoch=3/400 | batch=64/205 | sample_locali=64/205 | elapsed_epoch=131.2s
2026-07-05 00:03:05,206 [INFO] [rank=0] [TRAIN] epoch=3/400 | batch=128/205 | sample_locali=128/205 | elapsed_epoch=258.6s
2026-07-05 00:05:10,637 [INFO] [rank=0] [TRAIN] epoch=3/400 | batch=192/205 | sample_locali=192/205 | elapsed_epoch=384.1s
2026-07-05 00:05:36,161 [INFO] [rank=0] [TRAIN] epoch=3/400 | batch=205/205 | sample_locali=205/205 | elapsed_epoch=409.6s
2026-07-05 00:05:38,107 [INFO] [rank=0] [TRAIN] epoch=4/400 | batch=1/205 | sample_locali=1/205 | elapsed_epoch=1.9s
2026-07-05 00:07:43,587 [INFO] [rank=0] [TRAIN] epoch=4/400 | batch=64/205 | sample_locali=64/205 | elapsed_epoch=127.4s
2026-07-05 00:09:52,071 [INFO] [rank=0] [TRAIN] epoch=4/400 | batch=128/205 | sample_locali=128/205 | elapsed_epoch=255.9s
2026-07-05 00:12:01,532 [INFO] [rank=0] [TRAIN] epoch=4/400 | batch=192/205 | sample_locali=192/205 | elapsed_epoch=385.4s
2026-07-05 00:12:31,038 [INFO] [rank=0] [TRAIN] epoch=4/400 | batch=205/205 | sample_locali=205/205 | elapsed_epoch=414.9s
2026-07-05 00:15:57,456 [INFO] [rank=0] [MPI] Avvio backend distribuito JAX+PennyLane su 1 rank
2026-07-05 00:15:57,568 [INFO] [rank=0] [DATA] Frasi testuali caricate: 256 | lunghezza=17
2026-07-05 00:15:57,570 [INFO] [rank=0] [DATA] Split frasi | train=205 | test=51
2026-07-05 00:16:00,050 [INFO] [rank=0] [RESUME] Parametri inizializzati da checkpoint: results\checkpoints\20260704_234304_paper_T16active_d4_nlo2_256sent_e400_localserious_resume1\best_params_native.npy
2026-07-05 00:16:00,412 [INFO] [rank=0] [TRAIN] Backend JAX+PennyLane+MPI | epochs=400 | lr=0.0001 | padded_sequence_length=16
2026-07-05 00:16:00,412 [INFO] [rank=0] [TRAIN] Run label=paper_T16active_d4_nlo2_256sent_e400_localserious_resume2
2026-07-05 00:16:00,413 [INFO] [rank=0] [TRAIN] Device=lightning.qubit | interface=jax | diff_method=adjoint | train_batch_size=1
2026-07-05 00:16:00,413 [INFO] [rank=0] [MPI] ranks=1 | sample_globali=205 | sample_locali_medi~=205
2026-07-05 00:16:00,413 [INFO] [rank=0] [TRAIN] Time budget attivo: 4320.0 minuti (~72.00 ore)
2026-07-05 00:16:00,413 [INFO] [rank=0] [TRAIN] Esecuzione quantistica in mini-batch con backend Lightning
2026-07-05 00:16:14,253 [INFO] [rank=0] [TRAIN] epoch=1/400 | batch=1/205 | sample_locali=1/205 | elapsed_epoch=13.8s
2026-07-05 00:18:08,532 [INFO] [rank=0] [TRAIN] epoch=1/400 | batch=64/205 | sample_locali=64/205 | elapsed_epoch=128.1s
2026-07-05 00:19:57,655 [INFO] [rank=0] [TRAIN] epoch=1/400 | batch=128/205 | sample_locali=128/205 | elapsed_epoch=237.2s
2026-07-05 00:21:44,448 [INFO] [rank=0] [TRAIN] epoch=1/400 | batch=192/205 | sample_locali=192/205 | elapsed_epoch=344.0s
2026-07-05 00:22:06,192 [INFO] [rank=0] [TRAIN] epoch=1/400 | batch=205/205 | sample_locali=205/205 | elapsed_epoch=365.8s
2026-07-05 00:23:24,523 [INFO] [rank=0] [TRAIN] Epoch 0001/0400 | opt_loss=7.00032139 | grad_norm=34.755692 | train_loss=6.98801405 | train_ppl=953.56361513 | test_loss=6.96577976 | test_ppl=936.86442186
2026-07-05 00:23:26,245 [INFO] [rank=0] [TRAIN] epoch=2/400 | batch=1/205 | sample_locali=1/205 | elapsed_epoch=1.7s
2026-07-05 00:25:19,585 [INFO] [rank=0] [TRAIN] epoch=2/400 | batch=64/205 | sample_locali=64/205 | elapsed_epoch=115.1s
2026-07-05 00:27:12,283 [INFO] [rank=0] [TRAIN] epoch=2/400 | batch=128/205 | sample_locali=128/205 | elapsed_epoch=227.8s
2026-07-05 00:28:59,485 [INFO] [rank=0] [TRAIN] epoch=2/400 | batch=192/205 | sample_locali=192/205 | elapsed_epoch=335.0s
2026-07-05 00:29:20,950 [INFO] [rank=0] [TRAIN] epoch=2/400 | batch=205/205 | sample_locali=205/205 | elapsed_epoch=356.4s
2026-07-05 00:29:22,683 [INFO] [rank=0] [TRAIN] epoch=3/400 | batch=1/205 | sample_locali=1/205 | elapsed_epoch=1.7s
2026-07-05 00:31:07,412 [INFO] [rank=0] [TRAIN] epoch=3/400 | batch=64/205 | sample_locali=64/205 | elapsed_epoch=106.5s
2026-07-05 00:32:53,447 [INFO] [rank=0] [TRAIN] epoch=3/400 | batch=128/205 | sample_locali=128/205 | elapsed_epoch=212.5s
2026-07-05 00:34:40,262 [INFO] [rank=0] [TRAIN] epoch=3/400 | batch=192/205 | sample_locali=192/205 | elapsed_epoch=319.3s
2026-07-05 00:35:01,829 [INFO] [rank=0] [TRAIN] epoch=3/400 | batch=205/205 | sample_locali=205/205 | elapsed_epoch=340.9s
2026-07-05 00:35:03,536 [INFO] [rank=0] [TRAIN] epoch=4/400 | batch=1/205 | sample_locali=1/205 | elapsed_epoch=1.7s
2026-07-05 00:36:48,009 [INFO] [rank=0] [TRAIN] epoch=4/400 | batch=64/205 | sample_locali=64/205 | elapsed_epoch=106.2s
2026-07-05 00:38:34,186 [INFO] [rank=0] [TRAIN] epoch=4/400 | batch=128/205 | sample_locali=128/205 | elapsed_epoch=212.4s
2026-07-05 00:40:20,026 [INFO] [rank=0] [TRAIN] epoch=4/400 | batch=192/205 | sample_locali=192/205 | elapsed_epoch=318.2s
2026-07-05 00:40:41,718 [INFO] [rank=0] [TRAIN] epoch=4/400 | batch=205/205 | sample_locali=205/205 | elapsed_epoch=339.9s
2026-07-05 00:40:43,502 [INFO] [rank=0] [TRAIN] epoch=5/400 | batch=1/205 | sample_locali=1/205 | elapsed_epoch=1.8s
2026-07-05 00:42:28,499 [INFO] [rank=0] [TRAIN] epoch=5/400 | batch=64/205 | sample_locali=64/205 | elapsed_epoch=106.8s
2026-07-05 00:44:15,255 [INFO] [rank=0] [TRAIN] epoch=5/400 | batch=128/205 | sample_locali=128/205 | elapsed_epoch=213.5s
2026-07-05 00:46:01,861 [INFO] [rank=0] [TRAIN] epoch=5/400 | batch=192/205 | sample_locali=192/205 | elapsed_epoch=320.1s
2026-07-05 00:46:23,411 [INFO] [rank=0] [TRAIN] epoch=5/400 | batch=205/205 | sample_locali=205/205 | elapsed_epoch=341.7s
2026-07-05 00:46:25,152 [INFO] [rank=0] [TRAIN] epoch=6/400 | batch=1/205 | sample_locali=1/205 | elapsed_epoch=1.7s
2026-07-05 00:48:09,970 [INFO] [rank=0] [TRAIN] epoch=6/400 | batch=64/205 | sample_locali=64/205 | elapsed_epoch=106.6s
2026-07-05 00:49:56,390 [INFO] [rank=0] [TRAIN] epoch=6/400 | batch=128/205 | sample_locali=128/205 | elapsed_epoch=213.0s
2026-07-05 00:51:42,469 [INFO] [rank=0] [TRAIN] epoch=6/400 | batch=192/205 | sample_locali=192/205 | elapsed_epoch=319.1s
2026-07-05 00:52:04,112 [INFO] [rank=0] [TRAIN] epoch=6/400 | batch=205/205 | sample_locali=205/205 | elapsed_epoch=340.7s
2026-07-05 00:52:05,798 [INFO] [rank=0] [TRAIN] epoch=7/400 | batch=1/205 | sample_locali=1/205 | elapsed_epoch=1.7s
2026-07-05 00:53:50,648 [INFO] [rank=0] [TRAIN] epoch=7/400 | batch=64/205 | sample_locali=64/205 | elapsed_epoch=106.5s
2026-07-05 00:55:37,439 [INFO] [rank=0] [TRAIN] epoch=7/400 | batch=128/205 | sample_locali=128/205 | elapsed_epoch=213.3s
2026-07-05 00:57:23,626 [INFO] [rank=0] [TRAIN] epoch=7/400 | batch=192/205 | sample_locali=192/205 | elapsed_epoch=319.5s
2026-07-05 00:57:45,324 [INFO] [rank=0] [TRAIN] epoch=7/400 | batch=205/205 | sample_locali=205/205 | elapsed_epoch=341.2s
2026-07-05 00:57:47,056 [INFO] [rank=0] [TRAIN] epoch=8/400 | batch=1/205 | sample_locali=1/205 | elapsed_epoch=1.7s
2026-07-05 00:59:32,702 [INFO] [rank=0] [TRAIN] epoch=8/400 | batch=64/205 | sample_locali=64/205 | elapsed_epoch=107.4s
2026-07-05 01:01:19,564 [INFO] [rank=0] [TRAIN] epoch=8/400 | batch=128/205 | sample_locali=128/205 | elapsed_epoch=214.2s
2026-07-05 01:03:06,401 [INFO] [rank=0] [TRAIN] epoch=8/400 | batch=192/205 | sample_locali=192/205 | elapsed_epoch=321.1s
2026-07-05 01:03:28,215 [INFO] [rank=0] [TRAIN] epoch=8/400 | batch=205/205 | sample_locali=205/205 | elapsed_epoch=342.9s
2026-07-05 01:03:29,928 [INFO] [rank=0] [TRAIN] epoch=9/400 | batch=1/205 | sample_locali=1/205 | elapsed_epoch=1.7s
2026-07-05 01:05:15,080 [INFO] [rank=0] [TRAIN] epoch=9/400 | batch=64/205 | sample_locali=64/205 | elapsed_epoch=106.9s
2026-07-05 01:07:01,887 [INFO] [rank=0] [TRAIN] epoch=9/400 | batch=128/205 | sample_locali=128/205 | elapsed_epoch=213.7s
2026-07-05 01:08:48,601 [INFO] [rank=0] [TRAIN] epoch=9/400 | batch=192/205 | sample_locali=192/205 | elapsed_epoch=320.4s
2026-07-05 01:09:10,428 [INFO] [rank=0] [TRAIN] epoch=9/400 | batch=205/205 | sample_locali=205/205 | elapsed_epoch=342.2s
2026-07-05 01:09:12,168 [INFO] [rank=0] [TRAIN] epoch=10/400 | batch=1/205 | sample_locali=1/205 | elapsed_epoch=1.7s
2026-07-05 01:10:57,088 [INFO] [rank=0] [TRAIN] epoch=10/400 | batch=64/205 | sample_locali=64/205 | elapsed_epoch=106.7s
2026-07-05 01:12:43,477 [INFO] [rank=0] [TRAIN] epoch=10/400 | batch=128/205 | sample_locali=128/205 | elapsed_epoch=213.0s
2026-07-05 01:14:30,377 [INFO] [rank=0] [TRAIN] epoch=10/400 | batch=192/205 | sample_locali=192/205 | elapsed_epoch=319.9s
2026-07-05 01:14:52,327 [INFO] [rank=0] [TRAIN] epoch=10/400 | batch=205/205 | sample_locali=205/205 | elapsed_epoch=341.9s
2026-07-05 01:14:52,333 [INFO] [rank=0] [TRAIN] Epoch 0010/0400 | opt_loss=6.89290924 | grad_norm=32.656737
2026-07-05 01:14:54,066 [INFO] [rank=0] [TRAIN] epoch=11/400 | batch=1/205 | sample_locali=1/205 | elapsed_epoch=1.7s
2026-07-05 01:16:39,196 [INFO] [rank=0] [TRAIN] epoch=11/400 | batch=64/205 | sample_locali=64/205 | elapsed_epoch=106.9s
2026-07-05 01:18:25,516 [INFO] [rank=0] [TRAIN] epoch=11/400 | batch=128/205 | sample_locali=128/205 | elapsed_epoch=213.2s
2026-07-05 01:20:11,837 [INFO] [rank=0] [TRAIN] epoch=11/400 | batch=192/205 | sample_locali=192/205 | elapsed_epoch=319.5s
2026-07-05 01:20:33,345 [INFO] [rank=0] [TRAIN] epoch=11/400 | batch=205/205 | sample_locali=205/205 | elapsed_epoch=341.0s
2026-07-05 01:20:35,149 [INFO] [rank=0] [TRAIN] epoch=12/400 | batch=1/205 | sample_locali=1/205 | elapsed_epoch=1.8s
2026-07-05 01:22:19,708 [INFO] [rank=0] [TRAIN] epoch=12/400 | batch=64/205 | sample_locali=64/205 | elapsed_epoch=106.4s
2026-07-05 01:24:05,983 [INFO] [rank=0] [TRAIN] epoch=12/400 | batch=128/205 | sample_locali=128/205 | elapsed_epoch=212.6s
2026-07-05 01:25:52,350 [INFO] [rank=0] [TRAIN] epoch=12/400 | batch=192/205 | sample_locali=192/205 | elapsed_epoch=319.0s
2026-07-05 01:26:13,969 [INFO] [rank=0] [TRAIN] epoch=12/400 | batch=205/205 | sample_locali=205/205 | elapsed_epoch=340.6s
2026-07-05 01:26:15,698 [INFO] [rank=0] [TRAIN] epoch=13/400 | batch=1/205 | sample_locali=1/205 | elapsed_epoch=1.7s
2026-07-05 01:28:00,268 [INFO] [rank=0] [TRAIN] epoch=13/400 | batch=64/205 | sample_locali=64/205 | elapsed_epoch=106.3s
2026-07-05 01:29:46,700 [INFO] [rank=0] [TRAIN] epoch=13/400 | batch=128/205 | sample_locali=128/205 | elapsed_epoch=212.7s
2026-07-05 01:31:33,205 [INFO] [rank=0] [TRAIN] epoch=13/400 | batch=192/205 | sample_locali=192/205 | elapsed_epoch=319.2s
2026-07-05 01:31:54,866 [INFO] [rank=0] [TRAIN] epoch=13/400 | batch=205/205 | sample_locali=205/205 | elapsed_epoch=340.9s
2026-07-05 01:31:56,564 [INFO] [rank=0] [TRAIN] epoch=14/400 | batch=1/205 | sample_locali=1/205 | elapsed_epoch=1.7s
2026-07-05 01:33:41,087 [INFO] [rank=0] [TRAIN] epoch=14/400 | batch=64/205 | sample_locali=64/205 | elapsed_epoch=106.2s
2026-07-05 01:35:27,639 [INFO] [rank=0] [TRAIN] epoch=14/400 | batch=128/205 | sample_locali=128/205 | elapsed_epoch=212.8s
2026-07-05 01:37:13,885 [INFO] [rank=0] [TRAIN] epoch=14/400 | batch=192/205 | sample_locali=192/205 | elapsed_epoch=319.0s
2026-07-05 01:37:35,529 [INFO] [rank=0] [TRAIN] epoch=14/400 | batch=205/205 | sample_locali=205/205 | elapsed_epoch=340.7s
2026-07-05 01:37:37,236 [INFO] [rank=0] [TRAIN] epoch=15/400 | batch=1/205 | sample_locali=1/205 | elapsed_epoch=1.7s
2026-07-05 01:39:22,023 [INFO] [rank=0] [TRAIN] epoch=15/400 | batch=64/205 | sample_locali=64/205 | elapsed_epoch=106.5s
2026-07-05 01:41:08,441 [INFO] [rank=0] [TRAIN] epoch=15/400 | batch=128/205 | sample_locali=128/205 | elapsed_epoch=212.9s
2026-07-05 01:42:54,770 [INFO] [rank=0] [TRAIN] epoch=15/400 | batch=192/205 | sample_locali=192/205 | elapsed_epoch=319.2s
2026-07-05 01:43:16,426 [INFO] [rank=0] [TRAIN] epoch=15/400 | batch=205/205 | sample_locali=205/205 | elapsed_epoch=340.9s
2026-07-05 01:43:18,169 [INFO] [rank=0] [TRAIN] epoch=16/400 | batch=1/205 | sample_locali=1/205 | elapsed_epoch=1.7s
2026-07-05 01:45:02,973 [INFO] [rank=0] [TRAIN] epoch=16/400 | batch=64/205 | sample_locali=64/205 | elapsed_epoch=106.5s
2026-07-05 01:46:49,367 [INFO] [rank=0] [TRAIN] epoch=16/400 | batch=128/205 | sample_locali=128/205 | elapsed_epoch=212.9s
2026-07-05 01:48:35,475 [INFO] [rank=0] [TRAIN] epoch=16/400 | batch=192/205 | sample_locali=192/205 | elapsed_epoch=319.0s
2026-07-05 01:48:57,151 [INFO] [rank=0] [TRAIN] epoch=16/400 | batch=205/205 | sample_locali=205/205 | elapsed_epoch=340.7s
2026-07-05 01:48:58,891 [INFO] [rank=0] [TRAIN] epoch=17/400 | batch=1/205 | sample_locali=1/205 | elapsed_epoch=1.7s
2026-07-05 01:50:43,746 [INFO] [rank=0] [TRAIN] epoch=17/400 | batch=64/205 | sample_locali=64/205 | elapsed_epoch=106.6s
2026-07-05 01:52:29,916 [INFO] [rank=0] [TRAIN] epoch=17/400 | batch=128/205 | sample_locali=128/205 | elapsed_epoch=212.8s
2026-07-05 01:54:16,583 [INFO] [rank=0] [TRAIN] epoch=17/400 | batch=192/205 | sample_locali=192/205 | elapsed_epoch=319.4s
2026-07-05 01:54:38,305 [INFO] [rank=0] [TRAIN] epoch=17/400 | batch=205/205 | sample_locali=205/205 | elapsed_epoch=341.1s
2026-07-05 01:54:40,094 [INFO] [rank=0] [TRAIN] epoch=18/400 | batch=1/205 | sample_locali=1/205 | elapsed_epoch=1.8s
2026-07-05 01:56:24,962 [INFO] [rank=0] [TRAIN] epoch=18/400 | batch=64/205 | sample_locali=64/205 | elapsed_epoch=106.7s
2026-07-05 01:58:11,154 [INFO] [rank=0] [TRAIN] epoch=18/400 | batch=128/205 | sample_locali=128/205 | elapsed_epoch=212.8s
2026-07-05 01:59:57,428 [INFO] [rank=0] [TRAIN] epoch=18/400 | batch=192/205 | sample_locali=192/205 | elapsed_epoch=319.1s
2026-07-05 02:00:18,957 [INFO] [rank=0] [TRAIN] epoch=18/400 | batch=205/205 | sample_locali=205/205 | elapsed_epoch=340.6s
2026-07-05 02:00:20,774 [INFO] [rank=0] [TRAIN] epoch=19/400 | batch=1/205 | sample_locali=1/205 | elapsed_epoch=1.8s
2026-07-05 02:02:05,532 [INFO] [rank=0] [TRAIN] epoch=19/400 | batch=64/205 | sample_locali=64/205 | elapsed_epoch=106.6s
2026-07-05 02:03:52,027 [INFO] [rank=0] [TRAIN] epoch=19/400 | batch=128/205 | sample_locali=128/205 | elapsed_epoch=213.1s
2026-07-05 02:05:38,625 [INFO] [rank=0] [TRAIN] epoch=19/400 | batch=192/205 | sample_locali=192/205 | elapsed_epoch=319.7s
2026-07-05 02:06:00,315 [INFO] [rank=0] [TRAIN] epoch=19/400 | batch=205/205 | sample_locali=205/205 | elapsed_epoch=341.4s
2026-07-05 02:06:02,010 [INFO] [rank=0] [TRAIN] epoch=20/400 | batch=1/205 | sample_locali=1/205 | elapsed_epoch=1.7s
2026-07-05 02:07:46,628 [INFO] [rank=0] [TRAIN] epoch=20/400 | batch=64/205 | sample_locali=64/205 | elapsed_epoch=106.3s
2026-07-05 02:09:33,001 [INFO] [rank=0] [TRAIN] epoch=20/400 | batch=128/205 | sample_locali=128/205 | elapsed_epoch=212.7s
2026-07-05 02:11:19,501 [INFO] [rank=0] [TRAIN] epoch=20/400 | batch=192/205 | sample_locali=192/205 | elapsed_epoch=319.2s
2026-07-05 02:11:41,188 [INFO] [rank=0] [TRAIN] epoch=20/400 | batch=205/205 | sample_locali=205/205 | elapsed_epoch=340.9s
2026-07-05 02:11:41,193 [INFO] [rank=0] [TRAIN] Epoch 0020/0400 | opt_loss=6.78190887 | grad_norm=30.556150
2026-07-05 02:11:42,908 [INFO] [rank=0] [TRAIN] epoch=21/400 | batch=1/205 | sample_locali=1/205 | elapsed_epoch=1.7s
2026-07-05 02:13:27,996 [INFO] [rank=0] [TRAIN] epoch=21/400 | batch=64/205 | sample_locali=64/205 | elapsed_epoch=106.8s
2026-07-05 02:15:14,786 [INFO] [rank=0] [TRAIN] epoch=21/400 | batch=128/205 | sample_locali=128/205 | elapsed_epoch=213.6s
2026-07-05 02:17:01,652 [INFO] [rank=0] [TRAIN] epoch=21/400 | batch=192/205 | sample_locali=192/205 | elapsed_epoch=320.5s
2026-07-05 02:17:23,279 [INFO] [rank=0] [TRAIN] epoch=21/400 | batch=205/205 | sample_locali=205/205 | elapsed_epoch=342.1s
2026-07-05 02:17:24,997 [INFO] [rank=0] [TRAIN] epoch=22/400 | batch=1/205 | sample_locali=1/205 | elapsed_epoch=1.7s
2026-07-05 02:19:09,834 [INFO] [rank=0] [TRAIN] epoch=22/400 | batch=64/205 | sample_locali=64/205 | elapsed_epoch=106.5s
2026-07-05 02:20:56,198 [INFO] [rank=0] [TRAIN] epoch=22/400 | batch=128/205 | sample_locali=128/205 | elapsed_epoch=212.9s
2026-07-05 02:22:42,430 [INFO] [rank=0] [TRAIN] epoch=22/400 | batch=192/205 | sample_locali=192/205 | elapsed_epoch=319.1s
2026-07-05 02:23:04,070 [INFO] [rank=0] [TRAIN] epoch=22/400 | batch=205/205 | sample_locali=205/205 | elapsed_epoch=340.8s
2026-07-05 02:23:05,757 [INFO] [rank=0] [TRAIN] epoch=23/400 | batch=1/205 | sample_locali=1/205 | elapsed_epoch=1.7s
2026-07-05 02:24:50,370 [INFO] [rank=0] [TRAIN] epoch=23/400 | batch=64/205 | sample_locali=64/205 | elapsed_epoch=106.3s
2026-07-05 02:26:36,484 [INFO] [rank=0] [TRAIN] epoch=23/400 | batch=128/205 | sample_locali=128/205 | elapsed_epoch=212.4s
2026-07-05 02:28:22,550 [INFO] [rank=0] [TRAIN] epoch=23/400 | batch=192/205 | sample_locali=192/205 | elapsed_epoch=318.5s
2026-07-05 02:28:44,070 [INFO] [rank=0] [TRAIN] epoch=23/400 | batch=205/205 | sample_locali=205/205 | elapsed_epoch=340.0s
2026-07-05 02:28:45,785 [INFO] [rank=0] [TRAIN] epoch=24/400 | batch=1/205 | sample_locali=1/205 | elapsed_epoch=1.7s
2026-07-05 02:30:30,575 [INFO] [rank=0] [TRAIN] epoch=24/400 | batch=64/205 | sample_locali=64/205 | elapsed_epoch=106.5s
2026-07-05 02:32:17,073 [INFO] [rank=0] [TRAIN] epoch=24/400 | batch=128/205 | sample_locali=128/205 | elapsed_epoch=213.0s
2026-07-05 02:34:03,238 [INFO] [rank=0] [TRAIN] epoch=24/400 | batch=192/205 | sample_locali=192/205 | elapsed_epoch=319.2s
2026-07-05 02:34:24,920 [INFO] [rank=0] [TRAIN] epoch=24/400 | batch=205/205 | sample_locali=205/205 | elapsed_epoch=340.8s
2026-07-05 02:34:26,729 [INFO] [rank=0] [TRAIN] epoch=25/400 | batch=1/205 | sample_locali=1/205 | elapsed_epoch=1.8s
2026-07-05 02:36:11,249 [INFO] [rank=0] [TRAIN] epoch=25/400 | batch=64/205 | sample_locali=64/205 | elapsed_epoch=106.3s
2026-07-05 02:37:57,658 [INFO] [rank=0] [TRAIN] epoch=25/400 | batch=128/205 | sample_locali=128/205 | elapsed_epoch=212.7s
2026-07-05 02:39:44,103 [INFO] [rank=0] [TRAIN] epoch=25/400 | batch=192/205 | sample_locali=192/205 | elapsed_epoch=319.2s
2026-07-05 02:40:05,635 [INFO] [rank=0] [TRAIN] epoch=25/400 | batch=205/205 | sample_locali=205/205 | elapsed_epoch=340.7s
2026-07-05 02:41:22,465 [INFO] [rank=0] [TRAIN] epoch=26/400 | batch=1/205 | sample_locali=1/205 | elapsed_epoch=1.6s
2026-07-05 02:43:06,049 [INFO] [rank=0] [TRAIN] epoch=26/400 | batch=64/205 | sample_locali=64/205 | elapsed_epoch=105.2s
2026-07-05 02:44:52,017 [INFO] [rank=0] [TRAIN] epoch=26/400 | batch=128/205 | sample_locali=128/205 | elapsed_epoch=211.2s
2026-07-05 02:46:37,818 [INFO] [rank=0] [TRAIN] epoch=26/400 | batch=192/205 | sample_locali=192/205 | elapsed_epoch=317.0s
2026-07-05 02:46:59,279 [INFO] [rank=0] [TRAIN] epoch=26/400 | batch=205/205 | sample_locali=205/205 | elapsed_epoch=338.4s
2026-07-05 02:47:01,047 [INFO] [rank=0] [TRAIN] epoch=27/400 | batch=1/205 | sample_locali=1/205 | elapsed_epoch=1.8s
2026-07-05 02:48:45,220 [INFO] [rank=0] [TRAIN] epoch=27/400 | batch=64/205 | sample_locali=64/205 | elapsed_epoch=105.9s
2026-07-05 02:50:31,171 [INFO] [rank=0] [TRAIN] epoch=27/400 | batch=128/205 | sample_locali=128/205 | elapsed_epoch=211.9s
2026-07-05 02:52:17,308 [INFO] [rank=0] [TRAIN] epoch=27/400 | batch=192/205 | sample_locali=192/205 | elapsed_epoch=318.0s
2026-07-05 02:52:38,809 [INFO] [rank=0] [TRAIN] epoch=27/400 | batch=205/205 | sample_locali=205/205 | elapsed_epoch=339.5s
2026-07-05 02:52:40,606 [INFO] [rank=0] [TRAIN] epoch=28/400 | batch=1/205 | sample_locali=1/205 | elapsed_epoch=1.8s
2026-07-05 02:54:24,890 [INFO] [rank=0] [TRAIN] epoch=28/400 | batch=64/205 | sample_locali=64/205 | elapsed_epoch=106.1s
2026-07-05 02:56:11,125 [INFO] [rank=0] [TRAIN] epoch=28/400 | batch=128/205 | sample_locali=128/205 | elapsed_epoch=212.3s
2026-07-05 02:57:57,278 [INFO] [rank=0] [TRAIN] epoch=28/400 | batch=192/205 | sample_locali=192/205 | elapsed_epoch=318.5s
2026-07-05 02:58:18,933 [INFO] [rank=0] [TRAIN] epoch=28/400 | batch=205/205 | sample_locali=205/205 | elapsed_epoch=340.1s
2026-07-05 02:58:20,660 [INFO] [rank=0] [TRAIN] epoch=29/400 | batch=1/205 | sample_locali=1/205 | elapsed_epoch=1.7s
2026-07-05 03:00:05,309 [INFO] [rank=0] [TRAIN] epoch=29/400 | batch=64/205 | sample_locali=64/205 | elapsed_epoch=106.4s
2026-07-05 03:01:51,930 [INFO] [rank=0] [TRAIN] epoch=29/400 | batch=128/205 | sample_locali=128/205 | elapsed_epoch=213.0s
2026-07-05 03:03:38,445 [INFO] [rank=0] [TRAIN] epoch=29/400 | batch=192/205 | sample_locali=192/205 | elapsed_epoch=319.5s
2026-07-05 03:04:00,105 [INFO] [rank=0] [TRAIN] epoch=29/400 | batch=205/205 | sample_locali=205/205 | elapsed_epoch=341.2s
2026-07-05 03:04:01,905 [INFO] [rank=0] [TRAIN] epoch=30/400 | batch=1/205 | sample_locali=1/205 | elapsed_epoch=1.8s
2026-07-05 03:05:47,004 [INFO] [rank=0] [TRAIN] epoch=30/400 | batch=64/205 | sample_locali=64/205 | elapsed_epoch=106.9s
2026-07-05 03:07:33,881 [INFO] [rank=0] [TRAIN] epoch=30/400 | batch=128/205 | sample_locali=128/205 | elapsed_epoch=213.8s
2026-07-05 03:09:20,128 [INFO] [rank=0] [TRAIN] epoch=30/400 | batch=192/205 | sample_locali=192/205 | elapsed_epoch=320.0s
2026-07-05 03:09:41,741 [INFO] [rank=0] [TRAIN] epoch=30/400 | batch=205/205 | sample_locali=205/205 | elapsed_epoch=341.6s
2026-07-05 03:09:41,746 [INFO] [rank=0] [TRAIN] Epoch 0030/0400 | opt_loss=6.67886064 | grad_norm=28.675902
2026-07-05 03:09:43,447 [INFO] [rank=0] [TRAIN] epoch=31/400 | batch=1/205 | sample_locali=1/205 | elapsed_epoch=1.7s
2026-07-05 03:11:28,003 [INFO] [rank=0] [TRAIN] epoch=31/400 | batch=64/205 | sample_locali=64/205 | elapsed_epoch=106.3s
2026-07-05 03:13:14,639 [INFO] [rank=0] [TRAIN] epoch=31/400 | batch=128/205 | sample_locali=128/205 | elapsed_epoch=212.9s
2026-07-05 03:15:01,231 [INFO] [rank=0] [TRAIN] epoch=31/400 | batch=192/205 | sample_locali=192/205 | elapsed_epoch=319.5s
2026-07-05 03:15:22,898 [INFO] [rank=0] [TRAIN] epoch=31/400 | batch=205/205 | sample_locali=205/205 | elapsed_epoch=341.2s
2026-07-05 03:15:24,701 [INFO] [rank=0] [TRAIN] epoch=32/400 | batch=1/205 | sample_locali=1/205 | elapsed_epoch=1.8s
2026-07-05 03:17:09,974 [INFO] [rank=0] [TRAIN] epoch=32/400 | batch=64/205 | sample_locali=64/205 | elapsed_epoch=107.1s
2026-07-05 03:18:56,737 [INFO] [rank=0] [TRAIN] epoch=32/400 | batch=128/205 | sample_locali=128/205 | elapsed_epoch=213.8s
2026-07-05 03:20:43,385 [INFO] [rank=0] [TRAIN] epoch=32/400 | batch=192/205 | sample_locali=192/205 | elapsed_epoch=320.5s
2026-07-05 03:21:05,115 [INFO] [rank=0] [TRAIN] epoch=32/400 | batch=205/205 | sample_locali=205/205 | elapsed_epoch=342.2s
2026-07-05 03:21:06,813 [INFO] [rank=0] [TRAIN] epoch=33/400 | batch=1/205 | sample_locali=1/205 | elapsed_epoch=1.7s
2026-07-05 03:22:51,517 [INFO] [rank=0] [TRAIN] epoch=33/400 | batch=64/205 | sample_locali=64/205 | elapsed_epoch=106.4s
2026-07-05 03:24:38,266 [INFO] [rank=0] [TRAIN] epoch=33/400 | batch=128/205 | sample_locali=128/205 | elapsed_epoch=213.1s
2026-07-05 03:26:24,510 [INFO] [rank=0] [TRAIN] epoch=33/400 | batch=192/205 | sample_locali=192/205 | elapsed_epoch=319.4s
2026-07-05 03:26:46,143 [INFO] [rank=0] [TRAIN] epoch=33/400 | batch=205/205 | sample_locali=205/205 | elapsed_epoch=341.0s
2026-07-05 03:26:47,938 [INFO] [rank=0] [TRAIN] epoch=34/400 | batch=1/205 | sample_locali=1/205 | elapsed_epoch=1.8s
2026-07-05 03:28:33,203 [INFO] [rank=0] [TRAIN] epoch=34/400 | batch=64/205 | sample_locali=64/205 | elapsed_epoch=107.1s
2026-07-05 03:30:19,552 [INFO] [rank=0] [TRAIN] epoch=34/400 | batch=128/205 | sample_locali=128/205 | elapsed_epoch=213.4s
2026-07-05 03:32:05,801 [INFO] [rank=0] [TRAIN] epoch=34/400 | batch=192/205 | sample_locali=192/205 | elapsed_epoch=319.7s
2026-07-05 03:32:27,429 [INFO] [rank=0] [TRAIN] epoch=34/400 | batch=205/205 | sample_locali=205/205 | elapsed_epoch=341.3s
2026-07-05 03:32:29,121 [INFO] [rank=0] [TRAIN] epoch=35/400 | batch=1/205 | sample_locali=1/205 | elapsed_epoch=1.7s
2026-07-05 03:34:13,825 [INFO] [rank=0] [TRAIN] epoch=35/400 | batch=64/205 | sample_locali=64/205 | elapsed_epoch=106.4s
2026-07-05 03:36:00,553 [INFO] [rank=0] [TRAIN] epoch=35/400 | batch=128/205 | sample_locali=128/205 | elapsed_epoch=213.1s
2026-07-05 03:37:46,890 [INFO] [rank=0] [TRAIN] epoch=35/400 | batch=192/205 | sample_locali=192/205 | elapsed_epoch=319.5s
2026-07-05 03:38:08,671 [INFO] [rank=0] [TRAIN] epoch=35/400 | batch=205/205 | sample_locali=205/205 | elapsed_epoch=341.2s
2026-07-05 03:38:10,398 [INFO] [rank=0] [TRAIN] epoch=36/400 | batch=1/205 | sample_locali=1/205 | elapsed_epoch=1.7s
2026-07-05 03:39:55,243 [INFO] [rank=0] [TRAIN] epoch=36/400 | batch=64/205 | sample_locali=64/205 | elapsed_epoch=106.6s
2026-07-05 03:41:41,727 [INFO] [rank=0] [TRAIN] epoch=36/400 | batch=128/205 | sample_locali=128/205 | elapsed_epoch=213.1s
2026-07-05 03:43:28,289 [INFO] [rank=0] [TRAIN] epoch=36/400 | batch=192/205 | sample_locali=192/205 | elapsed_epoch=319.6s
2026-07-05 03:43:50,011 [INFO] [rank=0] [TRAIN] epoch=36/400 | batch=205/205 | sample_locali=205/205 | elapsed_epoch=341.3s
2026-07-05 03:43:51,757 [INFO] [rank=0] [TRAIN] epoch=37/400 | batch=1/205 | sample_locali=1/205 | elapsed_epoch=1.7s
2026-07-05 03:45:36,749 [INFO] [rank=0] [TRAIN] epoch=37/400 | batch=64/205 | sample_locali=64/205 | elapsed_epoch=106.7s
2026-07-05 03:47:23,427 [INFO] [rank=0] [TRAIN] epoch=37/400 | batch=128/205 | sample_locali=128/205 | elapsed_epoch=213.4s
2026-07-05 03:49:09,907 [INFO] [rank=0] [TRAIN] epoch=37/400 | batch=192/205 | sample_locali=192/205 | elapsed_epoch=319.9s
2026-07-05 03:49:31,698 [INFO] [rank=0] [TRAIN] epoch=37/400 | batch=205/205 | sample_locali=205/205 | elapsed_epoch=341.7s
2026-07-05 03:49:33,423 [INFO] [rank=0] [TRAIN] epoch=38/400 | batch=1/205 | sample_locali=1/205 | elapsed_epoch=1.7s
2026-07-05 03:51:18,242 [INFO] [rank=0] [TRAIN] epoch=38/400 | batch=64/205 | sample_locali=64/205 | elapsed_epoch=106.5s
2026-07-05 03:53:04,508 [INFO] [rank=0] [TRAIN] epoch=38/400 | batch=128/205 | sample_locali=128/205 | elapsed_epoch=212.8s
2026-07-05 03:54:51,005 [INFO] [rank=0] [TRAIN] epoch=38/400 | batch=192/205 | sample_locali=192/205 | elapsed_epoch=319.3s
2026-07-05 03:55:12,582 [INFO] [rank=0] [TRAIN] epoch=38/400 | batch=205/205 | sample_locali=205/205 | elapsed_epoch=340.9s
2026-07-05 03:55:14,317 [INFO] [rank=0] [TRAIN] epoch=39/400 | batch=1/205 | sample_locali=1/205 | elapsed_epoch=1.7s
2026-07-05 03:56:59,161 [INFO] [rank=0] [TRAIN] epoch=39/400 | batch=64/205 | sample_locali=64/205 | elapsed_epoch=106.6s
2026-07-05 03:58:45,615 [INFO] [rank=0] [TRAIN] epoch=39/400 | batch=128/205 | sample_locali=128/205 | elapsed_epoch=213.0s
2026-07-05 04:00:32,155 [INFO] [rank=0] [TRAIN] epoch=39/400 | batch=192/205 | sample_locali=192/205 | elapsed_epoch=319.6s
2026-07-05 04:00:53,726 [INFO] [rank=0] [TRAIN] epoch=39/400 | batch=205/205 | sample_locali=205/205 | elapsed_epoch=341.1s
2026-07-05 04:00:55,529 [INFO] [rank=0] [TRAIN] epoch=40/400 | batch=1/205 | sample_locali=1/205 | elapsed_epoch=1.8s
2026-07-05 04:02:40,332 [INFO] [rank=0] [TRAIN] epoch=40/400 | batch=64/205 | sample_locali=64/205 | elapsed_epoch=106.6s
2026-07-05 04:04:26,649 [INFO] [rank=0] [TRAIN] epoch=40/400 | batch=128/205 | sample_locali=128/205 | elapsed_epoch=212.9s
2026-07-05 04:06:13,307 [INFO] [rank=0] [TRAIN] epoch=40/400 | batch=192/205 | sample_locali=192/205 | elapsed_epoch=319.6s
2026-07-05 04:06:34,967 [INFO] [rank=0] [TRAIN] epoch=40/400 | batch=205/205 | sample_locali=205/205 | elapsed_epoch=341.2s
2026-07-05 04:06:34,972 [INFO] [rank=0] [TRAIN] Epoch 0040/0400 | opt_loss=6.58297787 | grad_norm=26.981935
2026-07-05 04:06:36,660 [INFO] [rank=0] [TRAIN] epoch=41/400 | batch=1/205 | sample_locali=1/205 | elapsed_epoch=1.7s
2026-07-05 04:08:21,315 [INFO] [rank=0] [TRAIN] epoch=41/400 | batch=64/205 | sample_locali=64/205 | elapsed_epoch=106.3s
2026-07-05 04:10:07,724 [INFO] [rank=0] [TRAIN] epoch=41/400 | batch=128/205 | sample_locali=128/205 | elapsed_epoch=212.8s
2026-07-05 04:11:53,915 [INFO] [rank=0] [TRAIN] epoch=41/400 | batch=192/205 | sample_locali=192/205 | elapsed_epoch=318.9s
2026-07-05 04:12:15,509 [INFO] [rank=0] [TRAIN] epoch=41/400 | batch=205/205 | sample_locali=205/205 | elapsed_epoch=340.5s
2026-07-05 04:12:17,236 [INFO] [rank=0] [TRAIN] epoch=42/400 | batch=1/205 | sample_locali=1/205 | elapsed_epoch=1.7s
2026-07-05 04:14:01,967 [INFO] [rank=0] [TRAIN] epoch=42/400 | batch=64/205 | sample_locali=64/205 | elapsed_epoch=106.5s
2026-07-05 04:15:48,324 [INFO] [rank=0] [TRAIN] epoch=42/400 | batch=128/205 | sample_locali=128/205 | elapsed_epoch=212.8s
2026-07-05 04:17:34,458 [INFO] [rank=0] [TRAIN] epoch=42/400 | batch=192/205 | sample_locali=192/205 | elapsed_epoch=318.9s
2026-07-05 04:17:56,152 [INFO] [rank=0] [TRAIN] epoch=42/400 | batch=205/205 | sample_locali=205/205 | elapsed_epoch=340.6s
2026-07-05 04:17:57,855 [INFO] [rank=0] [TRAIN] epoch=43/400 | batch=1/205 | sample_locali=1/205 | elapsed_epoch=1.7s
2026-07-05 04:19:42,455 [INFO] [rank=0] [TRAIN] epoch=43/400 | batch=64/205 | sample_locali=64/205 | elapsed_epoch=106.3s
2026-07-05 04:21:28,621 [INFO] [rank=0] [TRAIN] epoch=43/400 | batch=128/205 | sample_locali=128/205 | elapsed_epoch=212.5s
2026-07-05 04:23:14,616 [INFO] [rank=0] [TRAIN] epoch=43/400 | batch=192/205 | sample_locali=192/205 | elapsed_epoch=318.5s
2026-07-05 04:23:36,249 [INFO] [rank=0] [TRAIN] epoch=43/400 | batch=205/205 | sample_locali=205/205 | elapsed_epoch=340.1s
2026-07-05 04:23:37,931 [INFO] [rank=0] [TRAIN] epoch=44/400 | batch=1/205 | sample_locali=1/205 | elapsed_epoch=1.7s
2026-07-05 04:25:22,287 [INFO] [rank=0] [TRAIN] epoch=44/400 | batch=64/205 | sample_locali=64/205 | elapsed_epoch=106.0s
2026-07-05 04:27:08,279 [INFO] [rank=0] [TRAIN] epoch=44/400 | batch=128/205 | sample_locali=128/205 | elapsed_epoch=212.0s
2026-07-05 04:28:54,128 [INFO] [rank=0] [TRAIN] epoch=44/400 | batch=192/205 | sample_locali=192/205 | elapsed_epoch=317.9s
2026-07-05 04:29:15,718 [INFO] [rank=0] [TRAIN] epoch=44/400 | batch=205/205 | sample_locali=205/205 | elapsed_epoch=339.5s
2026-07-05 04:29:17,443 [INFO] [rank=0] [TRAIN] epoch=45/400 | batch=1/205 | sample_locali=1/205 | elapsed_epoch=1.7s
2026-07-05 04:31:02,167 [INFO] [rank=0] [TRAIN] epoch=45/400 | batch=64/205 | sample_locali=64/205 | elapsed_epoch=106.4s
2026-07-05 04:32:48,452 [INFO] [rank=0] [TRAIN] epoch=45/400 | batch=128/205 | sample_locali=128/205 | elapsed_epoch=212.7s
2026-07-05 04:34:34,950 [INFO] [rank=0] [TRAIN] epoch=45/400 | batch=192/205 | sample_locali=192/205 | elapsed_epoch=319.2s
2026-07-05 04:34:56,493 [INFO] [rank=0] [TRAIN] epoch=45/400 | batch=205/205 | sample_locali=205/205 | elapsed_epoch=340.8s
2026-07-05 04:34:58,279 [INFO] [rank=0] [TRAIN] epoch=46/400 | batch=1/205 | sample_locali=1/205 | elapsed_epoch=1.8s
2026-07-05 04:36:42,981 [INFO] [rank=0] [TRAIN] epoch=46/400 | batch=64/205 | sample_locali=64/205 | elapsed_epoch=106.5s
2026-07-05 04:38:29,514 [INFO] [rank=0] [TRAIN] epoch=46/400 | batch=128/205 | sample_locali=128/205 | elapsed_epoch=213.0s
2026-07-05 04:40:15,921 [INFO] [rank=0] [TRAIN] epoch=46/400 | batch=192/205 | sample_locali=192/205 | elapsed_epoch=319.4s
2026-07-05 04:40:37,580 [INFO] [rank=0] [TRAIN] epoch=46/400 | batch=205/205 | sample_locali=205/205 | elapsed_epoch=341.1s
2026-07-05 04:40:39,301 [INFO] [rank=0] [TRAIN] epoch=47/400 | batch=1/205 | sample_locali=1/205 | elapsed_epoch=1.7s
2026-07-05 04:42:24,163 [INFO] [rank=0] [TRAIN] epoch=47/400 | batch=64/205 | sample_locali=64/205 | elapsed_epoch=106.6s
2026-07-05 04:44:10,366 [INFO] [rank=0] [TRAIN] epoch=47/400 | batch=128/205 | sample_locali=128/205 | elapsed_epoch=212.8s
2026-07-05 04:45:56,653 [INFO] [rank=0] [TRAIN] epoch=47/400 | batch=192/205 | sample_locali=192/205 | elapsed_epoch=319.1s
2026-07-05 04:46:18,352 [INFO] [rank=0] [TRAIN] epoch=47/400 | batch=205/205 | sample_locali=205/205 | elapsed_epoch=340.8s
2026-07-05 04:46:20,061 [INFO] [rank=0] [TRAIN] epoch=48/400 | batch=1/205 | sample_locali=1/205 | elapsed_epoch=1.7s
2026-07-05 04:48:04,698 [INFO] [rank=0] [TRAIN] epoch=48/400 | batch=64/205 | sample_locali=64/205 | elapsed_epoch=106.3s
2026-07-05 04:49:51,242 [INFO] [rank=0] [TRAIN] epoch=48/400 | batch=128/205 | sample_locali=128/205 | elapsed_epoch=212.9s
2026-07-05 04:51:37,508 [INFO] [rank=0] [TRAIN] epoch=48/400 | batch=192/205 | sample_locali=192/205 | elapsed_epoch=319.1s
2026-07-05 04:51:59,164 [INFO] [rank=0] [TRAIN] epoch=48/400 | batch=205/205 | sample_locali=205/205 | elapsed_epoch=340.8s
2026-07-05 04:52:00,877 [INFO] [rank=0] [TRAIN] epoch=49/400 | batch=1/205 | sample_locali=1/205 | elapsed_epoch=1.7s
2026-07-05 04:53:45,767 [INFO] [rank=0] [TRAIN] epoch=49/400 | batch=64/205 | sample_locali=64/205 | elapsed_epoch=106.6s
2026-07-05 04:55:32,234 [INFO] [rank=0] [TRAIN] epoch=49/400 | batch=128/205 | sample_locali=128/205 | elapsed_epoch=213.1s
2026-07-05 04:57:18,767 [INFO] [rank=0] [TRAIN] epoch=49/400 | batch=192/205 | sample_locali=192/205 | elapsed_epoch=319.6s
2026-07-05 04:57:40,412 [INFO] [rank=0] [TRAIN] epoch=49/400 | batch=205/205 | sample_locali=205/205 | elapsed_epoch=341.2s
2026-07-05 04:57:42,132 [INFO] [rank=0] [TRAIN] epoch=50/400 | batch=1/205 | sample_locali=1/205 | elapsed_epoch=1.7s
2026-07-05 04:59:26,965 [INFO] [rank=0] [TRAIN] epoch=50/400 | batch=64/205 | sample_locali=64/205 | elapsed_epoch=106.5s
2026-07-05 05:01:13,278 [INFO] [rank=0] [TRAIN] epoch=50/400 | batch=128/205 | sample_locali=128/205 | elapsed_epoch=212.9s
2026-07-05 05:02:59,541 [INFO] [rank=0] [TRAIN] epoch=50/400 | batch=192/205 | sample_locali=192/205 | elapsed_epoch=319.1s
2026-07-05 05:03:21,149 [INFO] [rank=0] [TRAIN] epoch=50/400 | batch=205/205 | sample_locali=205/205 | elapsed_epoch=340.7s
2026-07-05 05:04:35,996 [INFO] [rank=0] [TRAIN] Epoch 0050/0400 | opt_loss=6.49354742 | grad_norm=25.448299 | train_loss=6.48493293 | train_ppl=596.83989850 | test_loss=6.45611052 | test_ppl=582.15302490
2026-07-05 05:04:37,649 [INFO] [rank=0] [TRAIN] epoch=51/400 | batch=1/205 | sample_locali=1/205 | elapsed_epoch=1.7s
2026-07-05 05:06:21,423 [INFO] [rank=0] [TRAIN] epoch=51/400 | batch=64/205 | sample_locali=64/205 | elapsed_epoch=105.4s
2026-07-05 05:08:06,994 [INFO] [rank=0] [TRAIN] epoch=51/400 | batch=128/205 | sample_locali=128/205 | elapsed_epoch=211.0s
2026-07-05 05:09:52,525 [INFO] [rank=0] [TRAIN] epoch=51/400 | batch=192/205 | sample_locali=192/205 | elapsed_epoch=316.5s
2026-07-05 05:10:14,006 [INFO] [rank=0] [TRAIN] epoch=51/400 | batch=205/205 | sample_locali=205/205 | elapsed_epoch=338.0s
2026-07-05 05:10:15,731 [INFO] [rank=0] [TRAIN] epoch=52/400 | batch=1/205 | sample_locali=1/205 | elapsed_epoch=1.7s
2026-07-05 05:11:59,781 [INFO] [rank=0] [TRAIN] epoch=52/400 | batch=64/205 | sample_locali=64/205 | elapsed_epoch=105.8s
2026-07-05 05:13:45,601 [INFO] [rank=0] [TRAIN] epoch=52/400 | batch=128/205 | sample_locali=128/205 | elapsed_epoch=211.6s
2026-07-05 05:15:31,558 [INFO] [rank=0] [TRAIN] epoch=52/400 | batch=192/205 | sample_locali=192/205 | elapsed_epoch=317.5s
2026-07-05 05:15:53,070 [INFO] [rank=0] [TRAIN] epoch=52/400 | batch=205/205 | sample_locali=205/205 | elapsed_epoch=339.1s
2026-07-05 05:15:54,758 [INFO] [rank=0] [TRAIN] epoch=53/400 | batch=1/205 | sample_locali=1/205 | elapsed_epoch=1.7s
2026-07-05 05:17:38,802 [INFO] [rank=0] [TRAIN] epoch=53/400 | batch=64/205 | sample_locali=64/205 | elapsed_epoch=105.7s
2026-07-05 05:19:25,048 [INFO] [rank=0] [TRAIN] epoch=53/400 | batch=128/205 | sample_locali=128/205 | elapsed_epoch=212.0s
2026-07-05 05:21:11,185 [INFO] [rank=0] [TRAIN] epoch=53/400 | batch=192/205 | sample_locali=192/205 | elapsed_epoch=318.1s
2026-07-05 05:21:32,653 [INFO] [rank=0] [TRAIN] epoch=53/400 | batch=205/205 | sample_locali=205/205 | elapsed_epoch=339.6s
2026-07-05 05:21:34,426 [INFO] [rank=0] [TRAIN] epoch=54/400 | batch=1/205 | sample_locali=1/205 | elapsed_epoch=1.8s
2026-07-05 05:23:18,816 [INFO] [rank=0] [TRAIN] epoch=54/400 | batch=64/205 | sample_locali=64/205 | elapsed_epoch=106.2s
2026-07-05 05:25:05,008 [INFO] [rank=0] [TRAIN] epoch=54/400 | batch=128/205 | sample_locali=128/205 | elapsed_epoch=212.3s
2026-07-05 05:26:51,258 [INFO] [rank=0] [TRAIN] epoch=54/400 | batch=192/205 | sample_locali=192/205 | elapsed_epoch=318.6s
2026-07-05 05:27:12,836 [INFO] [rank=0] [TRAIN] epoch=54/400 | batch=205/205 | sample_locali=205/205 | elapsed_epoch=340.2s
2026-07-05 05:27:14,574 [INFO] [rank=0] [TRAIN] epoch=55/400 | batch=1/205 | sample_locali=1/205 | elapsed_epoch=1.7s
2026-07-05 05:28:59,046 [INFO] [rank=0] [TRAIN] epoch=55/400 | batch=64/205 | sample_locali=64/205 | elapsed_epoch=106.2s
2026-07-05 05:30:45,127 [INFO] [rank=0] [TRAIN] epoch=55/400 | batch=128/205 | sample_locali=128/205 | elapsed_epoch=212.3s
2026-07-05 05:32:31,601 [INFO] [rank=0] [TRAIN] epoch=55/400 | batch=192/205 | sample_locali=192/205 | elapsed_epoch=318.8s
2026-07-05 05:32:53,094 [INFO] [rank=0] [TRAIN] epoch=55/400 | batch=205/205 | sample_locali=205/205 | elapsed_epoch=340.3s
2026-07-05 05:32:54,879 [INFO] [rank=0] [TRAIN] epoch=56/400 | batch=1/205 | sample_locali=1/205 | elapsed_epoch=1.8s
2026-07-05 05:34:39,374 [INFO] [rank=0] [TRAIN] epoch=56/400 | batch=64/205 | sample_locali=64/205 | elapsed_epoch=106.3s
2026-07-05 05:36:26,002 [INFO] [rank=0] [TRAIN] epoch=56/400 | batch=128/205 | sample_locali=128/205 | elapsed_epoch=212.9s
2026-07-05 05:38:12,474 [INFO] [rank=0] [TRAIN] epoch=56/400 | batch=192/205 | sample_locali=192/205 | elapsed_epoch=319.4s
2026-07-05 05:38:34,056 [INFO] [rank=0] [TRAIN] epoch=56/400 | batch=205/205 | sample_locali=205/205 | elapsed_epoch=341.0s
2026-07-05 05:38:35,773 [INFO] [rank=0] [TRAIN] epoch=57/400 | batch=1/205 | sample_locali=1/205 | elapsed_epoch=1.7s
2026-07-05 05:40:20,454 [INFO] [rank=0] [TRAIN] epoch=57/400 | batch=64/205 | sample_locali=64/205 | elapsed_epoch=106.4s
2026-07-05 05:42:06,896 [INFO] [rank=0] [TRAIN] epoch=57/400 | batch=128/205 | sample_locali=128/205 | elapsed_epoch=212.8s
2026-07-05 05:43:52,851 [INFO] [rank=0] [TRAIN] epoch=57/400 | batch=192/205 | sample_locali=192/205 | elapsed_epoch=318.8s
2026-07-05 05:44:14,429 [INFO] [rank=0] [TRAIN] epoch=57/400 | batch=205/205 | sample_locali=205/205 | elapsed_epoch=340.4s
2026-07-05 05:44:16,233 [INFO] [rank=0] [TRAIN] epoch=58/400 | batch=1/205 | sample_locali=1/205 | elapsed_epoch=1.8s
2026-07-05 05:46:00,953 [INFO] [rank=0] [TRAIN] epoch=58/400 | batch=64/205 | sample_locali=64/205 | elapsed_epoch=106.5s
2026-07-05 05:47:47,082 [INFO] [rank=0] [TRAIN] epoch=58/400 | batch=128/205 | sample_locali=128/205 | elapsed_epoch=212.6s
2026-07-05 05:49:33,439 [INFO] [rank=0] [TRAIN] epoch=58/400 | batch=192/205 | sample_locali=192/205 | elapsed_epoch=319.0s
2026-07-05 05:49:55,191 [INFO] [rank=0] [TRAIN] epoch=58/400 | batch=205/205 | sample_locali=205/205 | elapsed_epoch=340.8s
2026-07-05 05:49:56,909 [INFO] [rank=0] [TRAIN] epoch=59/400 | batch=1/205 | sample_locali=1/205 | elapsed_epoch=1.7s
2026-07-05 05:51:41,270 [INFO] [rank=0] [TRAIN] epoch=59/400 | batch=64/205 | sample_locali=64/205 | elapsed_epoch=106.1s
2026-07-05 05:53:27,347 [INFO] [rank=0] [TRAIN] epoch=59/400 | batch=128/205 | sample_locali=128/205 | elapsed_epoch=212.1s
2026-07-05 05:55:14,019 [INFO] [rank=0] [TRAIN] epoch=59/400 | batch=192/205 | sample_locali=192/205 | elapsed_epoch=318.8s
2026-07-05 05:55:35,695 [INFO] [rank=0] [TRAIN] epoch=59/400 | batch=205/205 | sample_locali=205/205 | elapsed_epoch=340.5s
2026-07-05 05:55:37,432 [INFO] [rank=0] [TRAIN] epoch=60/400 | batch=1/205 | sample_locali=1/205 | elapsed_epoch=1.7s
2026-07-05 05:57:22,525 [INFO] [rank=0] [TRAIN] epoch=60/400 | batch=64/205 | sample_locali=64/205 | elapsed_epoch=106.8s
2026-07-05 05:59:08,605 [INFO] [rank=0] [TRAIN] epoch=60/400 | batch=128/205 | sample_locali=128/205 | elapsed_epoch=212.9s
2026-07-05 06:00:54,892 [INFO] [rank=0] [TRAIN] epoch=60/400 | batch=192/205 | sample_locali=192/205 | elapsed_epoch=319.2s
2026-07-05 06:01:16,460 [INFO] [rank=0] [TRAIN] epoch=60/400 | batch=205/205 | sample_locali=205/205 | elapsed_epoch=340.8s
2026-07-05 06:01:16,465 [INFO] [rank=0] [TRAIN] Epoch 0060/0400 | opt_loss=6.40989488 | grad_norm=24.055352
2026-07-05 06:01:18,286 [INFO] [rank=0] [TRAIN] epoch=61/400 | batch=1/205 | sample_locali=1/205 | elapsed_epoch=1.8s
2026-07-05 06:03:03,127 [INFO] [rank=0] [TRAIN] epoch=61/400 | batch=64/205 | sample_locali=64/205 | elapsed_epoch=106.7s
2026-07-05 06:04:49,321 [INFO] [rank=0] [TRAIN] epoch=61/400 | batch=128/205 | sample_locali=128/205 | elapsed_epoch=212.9s
2026-07-05 06:06:35,696 [INFO] [rank=0] [TRAIN] epoch=61/400 | batch=192/205 | sample_locali=192/205 | elapsed_epoch=319.2s
2026-07-05 06:06:57,200 [INFO] [rank=0] [TRAIN] epoch=61/400 | batch=205/205 | sample_locali=205/205 | elapsed_epoch=340.7s
2026-07-05 06:06:59,004 [INFO] [rank=0] [TRAIN] epoch=62/400 | batch=1/205 | sample_locali=1/205 | elapsed_epoch=1.8s
2026-07-05 06:08:43,461 [INFO] [rank=0] [TRAIN] epoch=62/400 | batch=64/205 | sample_locali=64/205 | elapsed_epoch=106.3s
2026-07-05 06:10:29,784 [INFO] [rank=0] [TRAIN] epoch=62/400 | batch=128/205 | sample_locali=128/205 | elapsed_epoch=212.6s
2026-07-05 06:12:15,990 [INFO] [rank=0] [TRAIN] epoch=62/400 | batch=192/205 | sample_locali=192/205 | elapsed_epoch=318.8s
2026-07-05 06:12:37,593 [INFO] [rank=0] [TRAIN] epoch=62/400 | batch=205/205 | sample_locali=205/205 | elapsed_epoch=340.4s
2026-07-05 06:12:39,318 [INFO] [rank=0] [TRAIN] epoch=63/400 | batch=1/205 | sample_locali=1/205 | elapsed_epoch=1.7s
2026-07-05 06:14:24,222 [INFO] [rank=0] [TRAIN] epoch=63/400 | batch=64/205 | sample_locali=64/205 | elapsed_epoch=106.6s
2026-07-05 06:16:10,564 [INFO] [rank=0] [TRAIN] epoch=63/400 | batch=128/205 | sample_locali=128/205 | elapsed_epoch=213.0s
2026-07-05 06:17:56,984 [INFO] [rank=0] [TRAIN] epoch=63/400 | batch=192/205 | sample_locali=192/205 | elapsed_epoch=319.4s
2026-07-05 06:18:18,640 [INFO] [rank=0] [TRAIN] epoch=63/400 | batch=205/205 | sample_locali=205/205 | elapsed_epoch=341.0s
2026-07-05 06:18:20,335 [INFO] [rank=0] [TRAIN] epoch=64/400 | batch=1/205 | sample_locali=1/205 | elapsed_epoch=1.7s
2026-07-05 06:20:06,328 [INFO] [rank=0] [TRAIN] epoch=64/400 | batch=64/205 | sample_locali=64/205 | elapsed_epoch=107.7s
2026-07-05 06:21:53,296 [INFO] [rank=0] [TRAIN] epoch=64/400 | batch=128/205 | sample_locali=128/205 | elapsed_epoch=214.6s
2026-07-05 06:23:39,816 [INFO] [rank=0] [TRAIN] epoch=64/400 | batch=192/205 | sample_locali=192/205 | elapsed_epoch=321.2s
2026-07-05 06:24:01,374 [INFO] [rank=0] [TRAIN] epoch=64/400 | batch=205/205 | sample_locali=205/205 | elapsed_epoch=342.7s
2026-07-05 06:24:03,074 [INFO] [rank=0] [TRAIN] epoch=65/400 | batch=1/205 | sample_locali=1/205 | elapsed_epoch=1.7s
2026-07-05 06:25:47,906 [INFO] [rank=0] [TRAIN] epoch=65/400 | batch=64/205 | sample_locali=64/205 | elapsed_epoch=106.5s
2026-07-05 06:27:34,116 [INFO] [rank=0] [TRAIN] epoch=65/400 | batch=128/205 | sample_locali=128/205 | elapsed_epoch=212.7s
2026-07-05 06:29:20,524 [INFO] [rank=0] [TRAIN] epoch=65/400 | batch=192/205 | sample_locali=192/205 | elapsed_epoch=319.1s
2026-07-05 06:29:42,219 [INFO] [rank=0] [TRAIN] epoch=65/400 | batch=205/205 | sample_locali=205/205 | elapsed_epoch=340.8s
2026-07-05 06:29:43,929 [INFO] [rank=0] [TRAIN] epoch=66/400 | batch=1/205 | sample_locali=1/205 | elapsed_epoch=1.7s
2026-07-05 06:31:28,696 [INFO] [rank=0] [TRAIN] epoch=66/400 | batch=64/205 | sample_locali=64/205 | elapsed_epoch=106.5s
2026-07-05 06:33:14,800 [INFO] [rank=0] [TRAIN] epoch=66/400 | batch=128/205 | sample_locali=128/205 | elapsed_epoch=212.6s
2026-07-05 06:35:01,161 [INFO] [rank=0] [TRAIN] epoch=66/400 | batch=192/205 | sample_locali=192/205 | elapsed_epoch=318.9s
2026-07-05 06:35:22,648 [INFO] [rank=0] [TRAIN] epoch=66/400 | batch=205/205 | sample_locali=205/205 | elapsed_epoch=340.4s
2026-07-05 06:35:24,382 [INFO] [rank=0] [TRAIN] epoch=67/400 | batch=1/205 | sample_locali=1/205 | elapsed_epoch=1.7s
2026-07-05 06:37:09,146 [INFO] [rank=0] [TRAIN] epoch=67/400 | batch=64/205 | sample_locali=64/205 | elapsed_epoch=106.5s
2026-07-05 06:38:55,204 [INFO] [rank=0] [TRAIN] epoch=67/400 | batch=128/205 | sample_locali=128/205 | elapsed_epoch=212.6s
2026-07-05 06:40:41,324 [INFO] [rank=0] [TRAIN] epoch=67/400 | batch=192/205 | sample_locali=192/205 | elapsed_epoch=318.7s
2026-07-05 06:41:02,817 [INFO] [rank=0] [TRAIN] epoch=67/400 | batch=205/205 | sample_locali=205/205 | elapsed_epoch=340.2s
2026-07-05 06:41:04,634 [INFO] [rank=0] [TRAIN] epoch=68/400 | batch=1/205 | sample_locali=1/205 | elapsed_epoch=1.8s
2026-07-05 06:42:49,083 [INFO] [rank=0] [TRAIN] epoch=68/400 | batch=64/205 | sample_locali=64/205 | elapsed_epoch=106.3s
2026-07-05 06:44:35,365 [INFO] [rank=0] [TRAIN] epoch=68/400 | batch=128/205 | sample_locali=128/205 | elapsed_epoch=212.5s
2026-07-05 06:46:21,803 [INFO] [rank=0] [TRAIN] epoch=68/400 | batch=192/205 | sample_locali=192/205 | elapsed_epoch=319.0s
2026-07-05 06:46:43,357 [INFO] [rank=0] [TRAIN] epoch=68/400 | batch=205/205 | sample_locali=205/205 | elapsed_epoch=340.5s
2026-07-05 06:46:45,050 [INFO] [rank=0] [TRAIN] epoch=69/400 | batch=1/205 | sample_locali=1/205 | elapsed_epoch=1.7s
2026-07-05 06:48:29,588 [INFO] [rank=0] [TRAIN] epoch=69/400 | batch=64/205 | sample_locali=64/205 | elapsed_epoch=106.2s
2026-07-05 06:50:15,787 [INFO] [rank=0] [TRAIN] epoch=69/400 | batch=128/205 | sample_locali=128/205 | elapsed_epoch=212.4s
2026-07-05 06:52:01,990 [INFO] [rank=0] [TRAIN] epoch=69/400 | batch=192/205 | sample_locali=192/205 | elapsed_epoch=318.6s
2026-07-05 06:52:23,592 [INFO] [rank=0] [TRAIN] epoch=69/400 | batch=205/205 | sample_locali=205/205 | elapsed_epoch=340.2s
2026-07-05 06:52:25,307 [INFO] [rank=0] [TRAIN] epoch=70/400 | batch=1/205 | sample_locali=1/205 | elapsed_epoch=1.7s
2026-07-05 06:54:09,469 [INFO] [rank=0] [TRAIN] epoch=70/400 | batch=64/205 | sample_locali=64/205 | elapsed_epoch=105.9s
2026-07-05 06:55:55,543 [INFO] [rank=0] [TRAIN] epoch=70/400 | batch=128/205 | sample_locali=128/205 | elapsed_epoch=211.9s
2026-07-05 06:57:41,559 [INFO] [rank=0] [TRAIN] epoch=70/400 | batch=192/205 | sample_locali=192/205 | elapsed_epoch=318.0s
2026-07-05 06:58:03,178 [INFO] [rank=0] [TRAIN] epoch=70/400 | batch=205/205 | sample_locali=205/205 | elapsed_epoch=339.6s
2026-07-05 06:58:03,184 [INFO] [rank=0] [TRAIN] Epoch 0070/0400 | opt_loss=6.33139244 | grad_norm=22.787157
2026-07-05 06:58:04,896 [INFO] [rank=0] [TRAIN] epoch=71/400 | batch=1/205 | sample_locali=1/205 | elapsed_epoch=1.7s
2026-07-05 06:59:49,100 [INFO] [rank=0] [TRAIN] epoch=71/400 | batch=64/205 | sample_locali=64/205 | elapsed_epoch=105.9s
2026-07-05 07:01:35,170 [INFO] [rank=0] [TRAIN] epoch=71/400 | batch=128/205 | sample_locali=128/205 | elapsed_epoch=212.0s
2026-07-05 07:03:20,918 [INFO] [rank=0] [TRAIN] epoch=71/400 | batch=192/205 | sample_locali=192/205 | elapsed_epoch=317.7s
2026-07-05 07:03:42,525 [INFO] [rank=0] [TRAIN] epoch=71/400 | batch=205/205 | sample_locali=205/205 | elapsed_epoch=339.3s
2026-07-05 07:03:44,207 [INFO] [rank=0] [TRAIN] epoch=72/400 | batch=1/205 | sample_locali=1/205 | elapsed_epoch=1.7s
2026-07-05 07:05:28,503 [INFO] [rank=0] [TRAIN] epoch=72/400 | batch=64/205 | sample_locali=64/205 | elapsed_epoch=106.0s
2026-07-05 07:07:14,449 [INFO] [rank=0] [TRAIN] epoch=72/400 | batch=128/205 | sample_locali=128/205 | elapsed_epoch=211.9s
2026-07-05 07:09:00,568 [INFO] [rank=0] [TRAIN] epoch=72/400 | batch=192/205 | sample_locali=192/205 | elapsed_epoch=318.0s
2026-07-05 07:09:22,076 [INFO] [rank=0] [TRAIN] epoch=72/400 | batch=205/205 | sample_locali=205/205 | elapsed_epoch=339.5s
2026-07-05 07:09:23,801 [INFO] [rank=0] [TRAIN] epoch=73/400 | batch=1/205 | sample_locali=1/205 | elapsed_epoch=1.7s
2026-07-05 07:11:08,197 [INFO] [rank=0] [TRAIN] epoch=73/400 | batch=64/205 | sample_locali=64/205 | elapsed_epoch=106.1s
2026-07-05 07:12:54,345 [INFO] [rank=0] [TRAIN] epoch=73/400 | batch=128/205 | sample_locali=128/205 | elapsed_epoch=212.3s
2026-07-05 07:14:40,692 [INFO] [rank=0] [TRAIN] epoch=73/400 | batch=192/205 | sample_locali=192/205 | elapsed_epoch=318.6s
2026-07-05 07:15:02,216 [INFO] [rank=0] [TRAIN] epoch=73/400 | batch=205/205 | sample_locali=205/205 | elapsed_epoch=340.1s
2026-07-05 07:15:03,981 [INFO] [rank=0] [TRAIN] epoch=74/400 | batch=1/205 | sample_locali=1/205 | elapsed_epoch=1.8s
2026-07-05 07:16:48,116 [INFO] [rank=0] [TRAIN] epoch=74/400 | batch=64/205 | sample_locali=64/205 | elapsed_epoch=105.9s
2026-07-05 07:18:34,209 [INFO] [rank=0] [TRAIN] epoch=74/400 | batch=128/205 | sample_locali=128/205 | elapsed_epoch=212.0s
2026-07-05 07:20:20,557 [INFO] [rank=0] [TRAIN] epoch=74/400 | batch=192/205 | sample_locali=192/205 | elapsed_epoch=318.3s
2026-07-05 07:20:42,023 [INFO] [rank=0] [TRAIN] epoch=74/400 | batch=205/205 | sample_locali=205/205 | elapsed_epoch=339.8s
2026-07-05 07:20:43,710 [INFO] [rank=0] [TRAIN] epoch=75/400 | batch=1/205 | sample_locali=1/205 | elapsed_epoch=1.7s
2026-07-05 07:22:27,817 [INFO] [rank=0] [TRAIN] epoch=75/400 | batch=64/205 | sample_locali=64/205 | elapsed_epoch=105.8s
2026-07-05 07:24:13,658 [INFO] [rank=0] [TRAIN] epoch=75/400 | batch=128/205 | sample_locali=128/205 | elapsed_epoch=211.6s
2026-07-05 07:25:59,720 [INFO] [rank=0] [TRAIN] epoch=75/400 | batch=192/205 | sample_locali=192/205 | elapsed_epoch=317.7s
2026-07-05 07:26:21,342 [INFO] [rank=0] [TRAIN] epoch=75/400 | batch=205/205 | sample_locali=205/205 | elapsed_epoch=339.3s
2026-07-05 07:27:37,518 [INFO] [rank=0] [TRAIN] epoch=76/400 | batch=1/205 | sample_locali=1/205 | elapsed_epoch=1.6s
2026-07-05 07:29:20,903 [INFO] [rank=0] [TRAIN] epoch=76/400 | batch=64/205 | sample_locali=64/205 | elapsed_epoch=105.0s
2026-07-05 07:31:06,519 [INFO] [rank=0] [TRAIN] epoch=76/400 | batch=128/205 | sample_locali=128/205 | elapsed_epoch=210.6s
2026-07-05 07:32:51,868 [INFO] [rank=0] [TRAIN] epoch=76/400 | batch=192/205 | sample_locali=192/205 | elapsed_epoch=316.0s
2026-07-05 07:33:13,220 [INFO] [rank=0] [TRAIN] epoch=76/400 | batch=205/205 | sample_locali=205/205 | elapsed_epoch=337.3s
2026-07-05 07:33:14,905 [INFO] [rank=0] [TRAIN] epoch=77/400 | batch=1/205 | sample_locali=1/205 | elapsed_epoch=1.7s
2026-07-05 07:34:58,635 [INFO] [rank=0] [TRAIN] epoch=77/400 | batch=64/205 | sample_locali=64/205 | elapsed_epoch=105.4s
2026-07-05 07:36:43,988 [INFO] [rank=0] [TRAIN] epoch=77/400 | batch=128/205 | sample_locali=128/205 | elapsed_epoch=210.8s
2026-07-05 07:38:29,343 [INFO] [rank=0] [TRAIN] epoch=77/400 | batch=192/205 | sample_locali=192/205 | elapsed_epoch=316.1s
2026-07-05 07:38:50,667 [INFO] [rank=0] [TRAIN] epoch=77/400 | batch=205/205 | sample_locali=205/205 | elapsed_epoch=337.4s
2026-07-05 07:38:52,440 [INFO] [rank=0] [TRAIN] epoch=78/400 | batch=1/205 | sample_locali=1/205 | elapsed_epoch=1.8s
2026-07-05 07:40:36,291 [INFO] [rank=0] [TRAIN] epoch=78/400 | batch=64/205 | sample_locali=64/205 | elapsed_epoch=105.6s
2026-07-05 07:42:22,044 [INFO] [rank=0] [TRAIN] epoch=78/400 | batch=128/205 | sample_locali=128/205 | elapsed_epoch=211.4s
2026-07-05 07:44:07,715 [INFO] [rank=0] [TRAIN] epoch=78/400 | batch=192/205 | sample_locali=192/205 | elapsed_epoch=317.0s
2026-07-05 07:44:29,249 [INFO] [rank=0] [TRAIN] epoch=78/400 | batch=205/205 | sample_locali=205/205 | elapsed_epoch=338.6s
2026-07-05 07:44:30,977 [INFO] [rank=0] [TRAIN] epoch=79/400 | batch=1/205 | sample_locali=1/205 | elapsed_epoch=1.7s
2026-07-05 07:46:15,538 [INFO] [rank=0] [TRAIN] epoch=79/400 | batch=64/205 | sample_locali=64/205 | elapsed_epoch=106.3s
2026-07-05 07:48:01,631 [INFO] [rank=0] [TRAIN] epoch=79/400 | batch=128/205 | sample_locali=128/205 | elapsed_epoch=212.4s
2026-07-05 07:49:47,523 [INFO] [rank=0] [TRAIN] epoch=79/400 | batch=192/205 | sample_locali=192/205 | elapsed_epoch=318.3s
2026-07-05 07:50:09,145 [INFO] [rank=0] [TRAIN] epoch=79/400 | batch=205/205 | sample_locali=205/205 | elapsed_epoch=339.9s
2026-07-05 07:50:10,865 [INFO] [rank=0] [TRAIN] epoch=80/400 | batch=1/205 | sample_locali=1/205 | elapsed_epoch=1.7s
2026-07-05 07:51:55,188 [INFO] [rank=0] [TRAIN] epoch=80/400 | batch=64/205 | sample_locali=64/205 | elapsed_epoch=106.0s
2026-07-05 07:53:41,225 [INFO] [rank=0] [TRAIN] epoch=80/400 | batch=128/205 | sample_locali=128/205 | elapsed_epoch=212.1s
2026-07-05 07:55:27,262 [INFO] [rank=0] [TRAIN] epoch=80/400 | batch=192/205 | sample_locali=192/205 | elapsed_epoch=318.1s
2026-07-05 07:55:48,884 [INFO] [rank=0] [TRAIN] epoch=80/400 | batch=205/205 | sample_locali=205/205 | elapsed_epoch=339.7s
2026-07-05 07:55:48,889 [INFO] [rank=0] [TRAIN] Epoch 0080/0400 | opt_loss=6.25746909 | grad_norm=21.630496
2026-07-05 07:55:50,567 [INFO] [rank=0] [TRAIN] epoch=81/400 | batch=1/205 | sample_locali=1/205 | elapsed_epoch=1.7s
2026-07-05 07:57:34,889 [INFO] [rank=0] [TRAIN] epoch=81/400 | batch=64/205 | sample_locali=64/205 | elapsed_epoch=106.0s
2026-07-05 07:59:20,539 [INFO] [rank=0] [TRAIN] epoch=81/400 | batch=128/205 | sample_locali=128/205 | elapsed_epoch=211.6s
2026-07-05 08:01:06,586 [INFO] [rank=0] [TRAIN] epoch=81/400 | batch=192/205 | sample_locali=192/205 | elapsed_epoch=317.7s
2026-07-05 08:01:28,194 [INFO] [rank=0] [TRAIN] epoch=81/400 | batch=205/205 | sample_locali=205/205 | elapsed_epoch=339.3s
2026-07-05 08:01:29,888 [INFO] [rank=0] [TRAIN] epoch=82/400 | batch=1/205 | sample_locali=1/205 | elapsed_epoch=1.7s
2026-07-05 08:03:14,266 [INFO] [rank=0] [TRAIN] epoch=82/400 | batch=64/205 | sample_locali=64/205 | elapsed_epoch=106.1s
2026-07-05 08:05:00,096 [INFO] [rank=0] [TRAIN] epoch=82/400 | batch=128/205 | sample_locali=128/205 | elapsed_epoch=211.9s
2026-07-05 08:06:46,114 [INFO] [rank=0] [TRAIN] epoch=82/400 | batch=192/205 | sample_locali=192/205 | elapsed_epoch=317.9s
2026-07-05 08:07:07,600 [INFO] [rank=0] [TRAIN] epoch=82/400 | batch=205/205 | sample_locali=205/205 | elapsed_epoch=339.4s
2026-07-05 08:07:09,295 [INFO] [rank=0] [TRAIN] epoch=83/400 | batch=1/205 | sample_locali=1/205 | elapsed_epoch=1.7s
2026-07-05 08:08:53,519 [INFO] [rank=0] [TRAIN] epoch=83/400 | batch=64/205 | sample_locali=64/205 | elapsed_epoch=105.9s
2026-07-05 08:10:39,645 [INFO] [rank=0] [TRAIN] epoch=83/400 | batch=128/205 | sample_locali=128/205 | elapsed_epoch=212.0s
2026-07-05 08:12:25,712 [INFO] [rank=0] [TRAIN] epoch=83/400 | batch=192/205 | sample_locali=192/205 | elapsed_epoch=318.1s
2026-07-05 08:12:47,310 [INFO] [rank=0] [TRAIN] epoch=83/400 | batch=205/205 | sample_locali=205/205 | elapsed_epoch=339.7s
2026-07-05 08:12:49,119 [INFO] [rank=0] [TRAIN] epoch=84/400 | batch=1/205 | sample_locali=1/205 | elapsed_epoch=1.8s
2026-07-05 08:14:33,529 [INFO] [rank=0] [TRAIN] epoch=84/400 | batch=64/205 | sample_locali=64/205 | elapsed_epoch=106.2s
2026-07-05 08:16:19,740 [INFO] [rank=0] [TRAIN] epoch=84/400 | batch=128/205 | sample_locali=128/205 | elapsed_epoch=212.4s
2026-07-05 08:18:05,646 [INFO] [rank=0] [TRAIN] epoch=84/400 | batch=192/205 | sample_locali=192/205 | elapsed_epoch=318.3s
2026-07-05 08:18:27,212 [INFO] [rank=0] [TRAIN] epoch=84/400 | batch=205/205 | sample_locali=205/205 | elapsed_epoch=339.9s
2026-07-05 08:18:28,923 [INFO] [rank=0] [TRAIN] epoch=85/400 | batch=1/205 | sample_locali=1/205 | elapsed_epoch=1.7s
2026-07-05 08:20:13,579 [INFO] [rank=0] [TRAIN] epoch=85/400 | batch=64/205 | sample_locali=64/205 | elapsed_epoch=106.4s
2026-07-05 08:21:59,813 [INFO] [rank=0] [TRAIN] epoch=85/400 | batch=128/205 | sample_locali=128/205 | elapsed_epoch=212.6s
2026-07-05 08:23:45,941 [INFO] [rank=0] [TRAIN] epoch=85/400 | batch=192/205 | sample_locali=192/205 | elapsed_epoch=318.7s
2026-07-05 08:24:07,661 [INFO] [rank=0] [TRAIN] epoch=85/400 | batch=205/205 | sample_locali=205/205 | elapsed_epoch=340.4s
2026-07-05 08:24:09,355 [INFO] [rank=0] [TRAIN] epoch=86/400 | batch=1/205 | sample_locali=1/205 | elapsed_epoch=1.7s
2026-07-05 08:25:53,601 [INFO] [rank=0] [TRAIN] epoch=86/400 | batch=64/205 | sample_locali=64/205 | elapsed_epoch=105.9s
2026-07-05 08:27:39,857 [INFO] [rank=0] [TRAIN] epoch=86/400 | batch=128/205 | sample_locali=128/205 | elapsed_epoch=212.2s
2026-07-05 08:29:25,862 [INFO] [rank=0] [TRAIN] epoch=86/400 | batch=192/205 | sample_locali=192/205 | elapsed_epoch=318.2s
2026-07-05 08:29:47,419 [INFO] [rank=0] [TRAIN] epoch=86/400 | batch=205/205 | sample_locali=205/205 | elapsed_epoch=339.8s
2026-07-05 08:29:49,147 [INFO] [rank=0] [TRAIN] epoch=87/400 | batch=1/205 | sample_locali=1/205 | elapsed_epoch=1.7s
2026-07-05 08:31:33,738 [INFO] [rank=0] [TRAIN] epoch=87/400 | batch=64/205 | sample_locali=64/205 | elapsed_epoch=106.3s
2026-07-05 08:33:19,594 [INFO] [rank=0] [TRAIN] epoch=87/400 | batch=128/205 | sample_locali=128/205 | elapsed_epoch=212.2s
2026-07-05 08:35:05,417 [INFO] [rank=0] [TRAIN] epoch=87/400 | batch=192/205 | sample_locali=192/205 | elapsed_epoch=318.0s
2026-07-05 08:35:27,047 [INFO] [rank=0] [TRAIN] epoch=87/400 | batch=205/205 | sample_locali=205/205 | elapsed_epoch=339.6s
2026-07-05 08:35:28,752 [INFO] [rank=0] [TRAIN] epoch=88/400 | batch=1/205 | sample_locali=1/205 | elapsed_epoch=1.7s
2026-07-05 08:37:13,321 [INFO] [rank=0] [TRAIN] epoch=88/400 | batch=64/205 | sample_locali=64/205 | elapsed_epoch=106.3s
2026-07-05 08:38:59,327 [INFO] [rank=0] [TRAIN] epoch=88/400 | batch=128/205 | sample_locali=128/205 | elapsed_epoch=212.3s
2026-07-05 08:40:45,467 [INFO] [rank=0] [TRAIN] epoch=88/400 | batch=192/205 | sample_locali=192/205 | elapsed_epoch=318.4s
2026-07-05 08:41:06,962 [INFO] [rank=0] [TRAIN] epoch=88/400 | batch=205/205 | sample_locali=205/205 | elapsed_epoch=339.9s
2026-07-05 08:41:08,781 [INFO] [rank=0] [TRAIN] epoch=89/400 | batch=1/205 | sample_locali=1/205 | elapsed_epoch=1.8s
2026-07-05 08:42:53,397 [INFO] [rank=0] [TRAIN] epoch=89/400 | batch=64/205 | sample_locali=64/205 | elapsed_epoch=106.4s
2026-07-05 08:44:39,627 [INFO] [rank=0] [TRAIN] epoch=89/400 | batch=128/205 | sample_locali=128/205 | elapsed_epoch=212.7s
2026-07-05 08:46:26,000 [INFO] [rank=0] [TRAIN] epoch=89/400 | batch=192/205 | sample_locali=192/205 | elapsed_epoch=319.0s
2026-07-05 08:46:47,606 [INFO] [rank=0] [TRAIN] epoch=89/400 | batch=205/205 | sample_locali=205/205 | elapsed_epoch=340.6s
2026-07-05 08:46:49,335 [INFO] [rank=0] [TRAIN] epoch=90/400 | batch=1/205 | sample_locali=1/205 | elapsed_epoch=1.7s
2026-07-05 08:48:33,553 [INFO] [rank=0] [TRAIN] epoch=90/400 | batch=64/205 | sample_locali=64/205 | elapsed_epoch=105.9s
2026-07-05 08:50:19,887 [INFO] [rank=0] [TRAIN] epoch=90/400 | batch=128/205 | sample_locali=128/205 | elapsed_epoch=212.3s
2026-07-05 08:52:06,274 [INFO] [rank=0] [TRAIN] epoch=90/400 | batch=192/205 | sample_locali=192/205 | elapsed_epoch=318.7s
2026-07-05 08:52:27,921 [INFO] [rank=0] [TRAIN] epoch=90/400 | batch=205/205 | sample_locali=205/205 | elapsed_epoch=340.3s
2026-07-05 08:52:27,926 [INFO] [rank=0] [TRAIN] Epoch 0090/0400 | opt_loss=6.18761536 | grad_norm=20.574439
2026-07-05 08:52:29,622 [INFO] [rank=0] [TRAIN] epoch=91/400 | batch=1/205 | sample_locali=1/205 | elapsed_epoch=1.7s
2026-07-05 08:54:13,971 [INFO] [rank=0] [TRAIN] epoch=91/400 | batch=64/205 | sample_locali=64/205 | elapsed_epoch=106.0s
2026-07-05 08:56:00,041 [INFO] [rank=0] [TRAIN] epoch=91/400 | batch=128/205 | sample_locali=128/205 | elapsed_epoch=212.1s
2026-07-05 08:57:46,352 [INFO] [rank=0] [TRAIN] epoch=91/400 | batch=192/205 | sample_locali=192/205 | elapsed_epoch=318.4s
2026-07-05 08:58:07,987 [INFO] [rank=0] [TRAIN] epoch=91/400 | batch=205/205 | sample_locali=205/205 | elapsed_epoch=340.1s
2026-07-05 08:58:09,719 [INFO] [rank=0] [TRAIN] epoch=92/400 | batch=1/205 | sample_locali=1/205 | elapsed_epoch=1.7s
2026-07-05 08:59:54,225 [INFO] [rank=0] [TRAIN] epoch=92/400 | batch=64/205 | sample_locali=64/205 | elapsed_epoch=106.2s
2026-07-05 09:01:40,519 [INFO] [rank=0] [TRAIN] epoch=92/400 | batch=128/205 | sample_locali=128/205 | elapsed_epoch=212.5s
2026-07-05 09:03:27,064 [INFO] [rank=0] [TRAIN] epoch=92/400 | batch=192/205 | sample_locali=192/205 | elapsed_epoch=319.1s
2026-07-05 09:03:48,726 [INFO] [rank=0] [TRAIN] epoch=92/400 | batch=205/205 | sample_locali=205/205 | elapsed_epoch=340.7s
2026-07-05 09:03:50,448 [INFO] [rank=0] [TRAIN] epoch=93/400 | batch=1/205 | sample_locali=1/205 | elapsed_epoch=1.7s
2026-07-05 09:05:35,261 [INFO] [rank=0] [TRAIN] epoch=93/400 | batch=64/205 | sample_locali=64/205 | elapsed_epoch=106.5s
2026-07-05 09:07:21,321 [INFO] [rank=0] [TRAIN] epoch=93/400 | batch=128/205 | sample_locali=128/205 | elapsed_epoch=212.6s
2026-07-05 09:09:07,529 [INFO] [rank=0] [TRAIN] epoch=93/400 | batch=192/205 | sample_locali=192/205 | elapsed_epoch=318.8s
2026-07-05 09:09:29,126 [INFO] [rank=0] [TRAIN] epoch=93/400 | batch=205/205 | sample_locali=205/205 | elapsed_epoch=340.4s
2026-07-05 09:09:30,861 [INFO] [rank=0] [TRAIN] epoch=94/400 | batch=1/205 | sample_locali=1/205 | elapsed_epoch=1.7s
2026-07-05 09:11:15,386 [INFO] [rank=0] [TRAIN] epoch=94/400 | batch=64/205 | sample_locali=64/205 | elapsed_epoch=106.3s
2026-07-05 09:13:01,604 [INFO] [rank=0] [TRAIN] epoch=94/400 | batch=128/205 | sample_locali=128/205 | elapsed_epoch=212.5s
2026-07-05 09:14:48,254 [INFO] [rank=0] [TRAIN] epoch=94/400 | batch=192/205 | sample_locali=192/205 | elapsed_epoch=319.1s
2026-07-05 09:15:09,810 [INFO] [rank=0] [TRAIN] epoch=94/400 | batch=205/205 | sample_locali=205/205 | elapsed_epoch=340.7s
2026-07-05 09:15:11,593 [INFO] [rank=0] [TRAIN] epoch=95/400 | batch=1/205 | sample_locali=1/205 | elapsed_epoch=1.8s
2026-07-05 09:16:56,057 [INFO] [rank=0] [TRAIN] epoch=95/400 | batch=64/205 | sample_locali=64/205 | elapsed_epoch=106.2s
2026-07-05 09:18:42,079 [INFO] [rank=0] [TRAIN] epoch=95/400 | batch=128/205 | sample_locali=128/205 | elapsed_epoch=212.3s
2026-07-05 09:20:28,359 [INFO] [rank=0] [TRAIN] epoch=95/400 | batch=192/205 | sample_locali=192/205 | elapsed_epoch=318.5s
2026-07-05 09:20:49,745 [INFO] [rank=0] [TRAIN] epoch=95/400 | batch=205/205 | sample_locali=205/205 | elapsed_epoch=339.9s
2026-07-05 09:20:51,522 [INFO] [rank=0] [TRAIN] epoch=96/400 | batch=1/205 | sample_locali=1/205 | elapsed_epoch=1.8s
2026-07-05 09:22:35,969 [INFO] [rank=0] [TRAIN] epoch=96/400 | batch=64/205 | sample_locali=64/205 | elapsed_epoch=106.2s
2026-07-05 09:24:22,057 [INFO] [rank=0] [TRAIN] epoch=96/400 | batch=128/205 | sample_locali=128/205 | elapsed_epoch=212.3s
2026-07-05 09:26:08,290 [INFO] [rank=0] [TRAIN] epoch=96/400 | batch=192/205 | sample_locali=192/205 | elapsed_epoch=318.5s
2026-07-05 09:26:29,857 [INFO] [rank=0] [TRAIN] epoch=96/400 | batch=205/205 | sample_locali=205/205 | elapsed_epoch=340.1s
2026-07-05 09:26:31,607 [INFO] [rank=0] [TRAIN] epoch=97/400 | batch=1/205 | sample_locali=1/205 | elapsed_epoch=1.7s
2026-07-05 09:28:16,155 [INFO] [rank=0] [TRAIN] epoch=97/400 | batch=64/205 | sample_locali=64/205 | elapsed_epoch=106.3s
2026-07-05 09:30:02,260 [INFO] [rank=0] [TRAIN] epoch=97/400 | batch=128/205 | sample_locali=128/205 | elapsed_epoch=212.4s
2026-07-05 09:31:52,528 [INFO] [rank=0] [TRAIN] epoch=97/400 | batch=192/205 | sample_locali=192/205 | elapsed_epoch=318.6s
2026-07-05 09:32:14,135 [INFO] [rank=0] [TRAIN] epoch=97/400 | batch=205/205 | sample_locali=205/205 | elapsed_epoch=340.2s
2026-07-05 09:32:15,831 [INFO] [rank=0] [TRAIN] epoch=98/400 | batch=1/205 | sample_locali=1/205 | elapsed_epoch=1.7s
2026-07-05 09:34:00,218 [INFO] [rank=0] [TRAIN] epoch=98/400 | batch=64/205 | sample_locali=64/205 | elapsed_epoch=106.1s
2026-07-05 09:35:46,465 [INFO] [rank=0] [TRAIN] epoch=98/400 | batch=128/205 | sample_locali=128/205 | elapsed_epoch=212.3s
2026-07-05 09:37:32,802 [INFO] [rank=0] [TRAIN] epoch=98/400 | batch=192/205 | sample_locali=192/205 | elapsed_epoch=318.7s
2026-07-05 09:37:54,446 [INFO] [rank=0] [TRAIN] epoch=98/400 | batch=205/205 | sample_locali=205/205 | elapsed_epoch=340.3s
2026-07-05 09:37:56,140 [INFO] [rank=0] [TRAIN] epoch=99/400 | batch=1/205 | sample_locali=1/205 | elapsed_epoch=1.7s
2026-07-05 09:39:40,944 [INFO] [rank=0] [TRAIN] epoch=99/400 | batch=64/205 | sample_locali=64/205 | elapsed_epoch=106.5s
2026-07-05 09:41:27,710 [INFO] [rank=0] [TRAIN] epoch=99/400 | batch=128/205 | sample_locali=128/205 | elapsed_epoch=213.3s
2026-07-05 09:43:14,324 [INFO] [rank=0] [TRAIN] epoch=99/400 | batch=192/205 | sample_locali=192/205 | elapsed_epoch=319.9s
2026-07-05 09:43:36,127 [INFO] [rank=0] [TRAIN] epoch=99/400 | batch=205/205 | sample_locali=205/205 | elapsed_epoch=341.7s
2026-07-05 09:43:37,868 [INFO] [rank=0] [TRAIN] epoch=100/400 | batch=1/205 | sample_locali=1/205 | elapsed_epoch=1.7s
2026-07-05 09:45:22,523 [INFO] [rank=0] [TRAIN] epoch=100/400 | batch=64/205 | sample_locali=64/205 | elapsed_epoch=106.4s
2026-07-05 09:47:08,723 [INFO] [rank=0] [TRAIN] epoch=100/400 | batch=128/205 | sample_locali=128/205 | elapsed_epoch=212.6s
2026-07-05 09:48:55,108 [INFO] [rank=0] [TRAIN] epoch=100/400 | batch=192/205 | sample_locali=192/205 | elapsed_epoch=319.0s
2026-07-05 09:49:16,612 [INFO] [rank=0] [TRAIN] epoch=100/400 | batch=205/205 | sample_locali=205/205 | elapsed_epoch=340.5s
2026-07-05 09:50:31,493 [INFO] [rank=0] [TRAIN] Epoch 0100/0400 | opt_loss=6.12138250 | grad_norm=19.609961 | train_loss=6.11494277 | train_ppl=420.96910364 | test_loss=6.08458143 | test_ppl=409.31913859
2026-07-05 09:50:33,181 [INFO] [rank=0] [TRAIN] epoch=101/400 | batch=1/205 | sample_locali=1/205 | elapsed_epoch=1.7s
2026-07-05 09:52:17,511 [INFO] [rank=0] [TRAIN] epoch=101/400 | batch=64/205 | sample_locali=64/205 | elapsed_epoch=106.0s
2026-07-05 09:54:03,233 [INFO] [rank=0] [TRAIN] epoch=101/400 | batch=128/205 | sample_locali=128/205 | elapsed_epoch=211.7s
2026-07-05 09:55:48,745 [INFO] [rank=0] [TRAIN] epoch=101/400 | batch=192/205 | sample_locali=192/205 | elapsed_epoch=317.3s
2026-07-05 09:56:10,148 [INFO] [rank=0] [TRAIN] epoch=101/400 | batch=205/205 | sample_locali=205/205 | elapsed_epoch=338.7s
2026-07-05 09:56:11,839 [INFO] [rank=0] [TRAIN] epoch=102/400 | batch=1/205 | sample_locali=1/205 | elapsed_epoch=1.7s
2026-07-05 09:57:55,436 [INFO] [rank=0] [TRAIN] epoch=102/400 | batch=64/205 | sample_locali=64/205 | elapsed_epoch=105.3s
2026-07-05 09:59:41,277 [INFO] [rank=0] [TRAIN] epoch=102/400 | batch=128/205 | sample_locali=128/205 | elapsed_epoch=211.1s
2026-07-05 10:01:27,246 [INFO] [rank=0] [TRAIN] epoch=102/400 | batch=192/205 | sample_locali=192/205 | elapsed_epoch=317.1s
2026-07-05 10:01:48,792 [INFO] [rank=0] [TRAIN] epoch=102/400 | batch=205/205 | sample_locali=205/205 | elapsed_epoch=338.6s
2026-07-05 10:01:50,507 [INFO] [rank=0] [TRAIN] epoch=103/400 | batch=1/205 | sample_locali=1/205 | elapsed_epoch=1.7s
2026-07-05 10:03:35,174 [INFO] [rank=0] [TRAIN] epoch=103/400 | batch=64/205 | sample_locali=64/205 | elapsed_epoch=106.4s
2026-07-05 10:05:21,185 [INFO] [rank=0] [TRAIN] epoch=103/400 | batch=128/205 | sample_locali=128/205 | elapsed_epoch=212.4s
2026-07-05 10:07:11,976 [INFO] [rank=0] [TRAIN] epoch=103/400 | batch=192/205 | sample_locali=192/205 | elapsed_epoch=323.2s
2026-07-05 10:07:35,476 [INFO] [rank=0] [TRAIN] epoch=103/400 | batch=205/205 | sample_locali=205/205 | elapsed_epoch=346.7s
2026-07-05 10:07:37,791 [INFO] [rank=0] [TRAIN] epoch=104/400 | batch=1/205 | sample_locali=1/205 | elapsed_epoch=2.3s
2026-07-05 10:09:32,569 [INFO] [rank=0] [TRAIN] epoch=104/400 | batch=64/205 | sample_locali=64/205 | elapsed_epoch=117.1s
2026-07-05 10:11:27,942 [INFO] [rank=0] [TRAIN] epoch=104/400 | batch=128/205 | sample_locali=128/205 | elapsed_epoch=232.5s
2026-07-05 10:13:32,127 [INFO] [rank=0] [TRAIN] epoch=104/400 | batch=192/205 | sample_locali=192/205 | elapsed_epoch=356.6s
2026-07-05 10:13:57,267 [INFO] [rank=0] [TRAIN] epoch=104/400 | batch=205/205 | sample_locali=205/205 | elapsed_epoch=381.8s
2026-07-05 10:13:59,113 [INFO] [rank=0] [TRAIN] epoch=105/400 | batch=1/205 | sample_locali=1/205 | elapsed_epoch=1.8s
2026-07-05 10:16:49,148 [INFO] [rank=0] [TRAIN] epoch=105/400 | batch=64/205 | sample_locali=64/205 | elapsed_epoch=171.9s
2026-07-05 10:19:49,493 [INFO] [rank=0] [TRAIN] epoch=105/400 | batch=128/205 | sample_locali=128/205 | elapsed_epoch=352.2s
2026-07-05 10:22:35,949 [INFO] [rank=0] [TRAIN] epoch=105/400 | batch=192/205 | sample_locali=192/205 | elapsed_epoch=518.7s
2026-07-05 10:23:10,655 [INFO] [rank=0] [TRAIN] epoch=105/400 | batch=205/205 | sample_locali=205/205 | elapsed_epoch=553.4s
2026-07-05 10:23:13,458 [INFO] [rank=0] [TRAIN] epoch=106/400 | batch=1/205 | sample_locali=1/205 | elapsed_epoch=2.8s
2026-07-05 10:26:06,716 [INFO] [rank=0] [TRAIN] epoch=106/400 | batch=64/205 | sample_locali=64/205 | elapsed_epoch=176.1s
2026-07-05 10:29:09,847 [INFO] [rank=0] [TRAIN] epoch=106/400 | batch=128/205 | sample_locali=128/205 | elapsed_epoch=359.2s
2026-07-05 10:32:06,519 [INFO] [rank=0] [TRAIN] epoch=106/400 | batch=192/205 | sample_locali=192/205 | elapsed_epoch=535.9s
2026-07-05 10:32:37,697 [INFO] [rank=0] [TRAIN] epoch=106/400 | batch=205/205 | sample_locali=205/205 | elapsed_epoch=567.0s
2026-07-05 10:32:40,069 [INFO] [rank=0] [TRAIN] epoch=107/400 | batch=1/205 | sample_locali=1/205 | elapsed_epoch=2.4s
2026-07-05 10:35:42,654 [INFO] [rank=0] [TRAIN] epoch=107/400 | batch=64/205 | sample_locali=64/205 | elapsed_epoch=184.9s
2026-07-05 10:38:09,613 [INFO] [rank=0] [TRAIN] epoch=107/400 | batch=128/205 | sample_locali=128/205 | elapsed_epoch=331.9s
2026-07-05 10:40:18,189 [INFO] [rank=0] [TRAIN] epoch=107/400 | batch=192/205 | sample_locali=192/205 | elapsed_epoch=460.5s
2026-07-05 10:40:44,074 [INFO] [rank=0] [TRAIN] epoch=107/400 | batch=205/205 | sample_locali=205/205 | elapsed_epoch=486.4s
2026-07-05 10:40:46,014 [INFO] [rank=0] [TRAIN] epoch=108/400 | batch=1/205 | sample_locali=1/205 | elapsed_epoch=1.9s
2026-07-05 10:42:53,166 [INFO] [rank=0] [TRAIN] epoch=108/400 | batch=64/205 | sample_locali=64/205 | elapsed_epoch=129.1s
2026-07-05 10:45:06,470 [INFO] [rank=0] [TRAIN] epoch=108/400 | batch=128/205 | sample_locali=128/205 | elapsed_epoch=262.4s
2026-07-05 10:47:13,641 [INFO] [rank=0] [TRAIN] epoch=108/400 | batch=192/205 | sample_locali=192/205 | elapsed_epoch=389.6s
2026-07-05 10:47:40,324 [INFO] [rank=0] [TRAIN] epoch=108/400 | batch=205/205 | sample_locali=205/205 | elapsed_epoch=416.2s
2026-07-05 10:47:42,258 [INFO] [rank=0] [TRAIN] epoch=109/400 | batch=1/205 | sample_locali=1/205 | elapsed_epoch=1.9s
2026-07-05 10:49:45,671 [INFO] [rank=0] [TRAIN] epoch=109/400 | batch=64/205 | sample_locali=64/205 | elapsed_epoch=125.3s
2026-07-05 10:51:48,046 [INFO] [rank=0] [TRAIN] epoch=109/400 | batch=128/205 | sample_locali=128/205 | elapsed_epoch=247.7s
2026-07-05 10:53:59,620 [INFO] [rank=0] [TRAIN] epoch=109/400 | batch=192/205 | sample_locali=192/205 | elapsed_epoch=379.3s
2026-07-05 10:54:28,010 [INFO] [rank=0] [TRAIN] epoch=109/400 | batch=205/205 | sample_locali=205/205 | elapsed_epoch=407.7s
2026-07-05 10:54:29,982 [INFO] [rank=0] [TRAIN] epoch=110/400 | batch=1/205 | sample_locali=1/205 | elapsed_epoch=2.0s
2026-07-05 10:56:39,133 [INFO] [rank=0] [TRAIN] epoch=110/400 | batch=64/205 | sample_locali=64/205 | elapsed_epoch=131.1s
2026-07-05 10:58:53,263 [INFO] [rank=0] [TRAIN] epoch=110/400 | batch=128/205 | sample_locali=128/205 | elapsed_epoch=265.2s
2026-07-05 11:00:58,061 [INFO] [rank=0] [TRAIN] epoch=110/400 | batch=192/205 | sample_locali=192/205 | elapsed_epoch=390.0s
2026-07-05 11:01:23,764 [INFO] [rank=0] [TRAIN] epoch=110/400 | batch=205/205 | sample_locali=205/205 | elapsed_epoch=415.7s
2026-07-05 11:01:23,770 [INFO] [rank=0] [TRAIN] Epoch 0110/0400 | opt_loss=6.05837652 | grad_norm=18.729406
2026-07-05 11:01:25,978 [INFO] [rank=0] [TRAIN] epoch=111/400 | batch=1/205 | sample_locali=1/205 | elapsed_epoch=2.2s
2026-07-05 11:03:30,060 [INFO] [rank=0] [TRAIN] epoch=111/400 | batch=64/205 | sample_locali=64/205 | elapsed_epoch=126.3s
2026-07-05 11:05:36,780 [INFO] [rank=0] [TRAIN] epoch=111/400 | batch=128/205 | sample_locali=128/205 | elapsed_epoch=253.0s
2026-07-05 11:07:49,663 [INFO] [rank=0] [TRAIN] epoch=111/400 | batch=192/205 | sample_locali=192/205 | elapsed_epoch=385.9s
2026-07-05 11:08:14,499 [INFO] [rank=0] [TRAIN] epoch=111/400 | batch=205/205 | sample_locali=205/205 | elapsed_epoch=410.7s
2026-07-05 11:08:16,368 [INFO] [rank=0] [TRAIN] epoch=112/400 | batch=1/205 | sample_locali=1/205 | elapsed_epoch=1.9s
2026-07-05 11:10:24,651 [INFO] [rank=0] [TRAIN] epoch=112/400 | batch=64/205 | sample_locali=64/205 | elapsed_epoch=130.1s
2026-07-05 11:12:35,948 [INFO] [rank=0] [TRAIN] epoch=112/400 | batch=128/205 | sample_locali=128/205 | elapsed_epoch=261.4s
2026-07-05 11:14:41,974 [INFO] [rank=0] [TRAIN] epoch=112/400 | batch=192/205 | sample_locali=192/205 | elapsed_epoch=387.5s
2026-07-05 11:15:08,093 [INFO] [rank=0] [TRAIN] epoch=112/400 | batch=205/205 | sample_locali=205/205 | elapsed_epoch=413.6s
2026-07-05 11:15:10,205 [INFO] [rank=0] [TRAIN] epoch=113/400 | batch=1/205 | sample_locali=1/205 | elapsed_epoch=2.1s
2026-07-05 11:17:20,630 [INFO] [rank=0] [TRAIN] epoch=113/400 | batch=64/205 | sample_locali=64/205 | elapsed_epoch=132.5s
2026-07-05 11:19:32,990 [INFO] [rank=0] [TRAIN] epoch=113/400 | batch=128/205 | sample_locali=128/205 | elapsed_epoch=264.9s
2026-07-05 11:21:46,103 [INFO] [rank=0] [TRAIN] epoch=113/400 | batch=192/205 | sample_locali=192/205 | elapsed_epoch=398.0s
2026-07-05 11:22:11,603 [INFO] [rank=0] [TRAIN] epoch=113/400 | batch=205/205 | sample_locali=205/205 | elapsed_epoch=423.5s
2026-07-05 11:22:13,733 [INFO] [rank=0] [TRAIN] epoch=114/400 | batch=1/205 | sample_locali=1/205 | elapsed_epoch=2.1s
2026-07-05 11:24:22,092 [INFO] [rank=0] [TRAIN] epoch=114/400 | batch=64/205 | sample_locali=64/205 | elapsed_epoch=130.5s
2026-07-05 11:26:28,169 [INFO] [rank=0] [TRAIN] epoch=114/400 | batch=128/205 | sample_locali=128/205 | elapsed_epoch=256.6s
2026-07-05 11:28:32,893 [INFO] [rank=0] [TRAIN] epoch=114/400 | batch=192/205 | sample_locali=192/205 | elapsed_epoch=381.3s
2026-07-05 11:28:58,062 [INFO] [rank=0] [TRAIN] epoch=114/400 | batch=205/205 | sample_locali=205/205 | elapsed_epoch=406.5s
2026-07-05 11:28:59,899 [INFO] [rank=0] [TRAIN] epoch=115/400 | batch=1/205 | sample_locali=1/205 | elapsed_epoch=1.8s
2026-07-05 11:30:59,114 [INFO] [rank=0] [TRAIN] epoch=115/400 | batch=64/205 | sample_locali=64/205 | elapsed_epoch=121.0s
2026-07-05 11:32:57,652 [INFO] [rank=0] [TRAIN] epoch=115/400 | batch=128/205 | sample_locali=128/205 | elapsed_epoch=239.6s
2026-07-05 11:35:00,347 [INFO] [rank=0] [TRAIN] epoch=115/400 | batch=192/205 | sample_locali=192/205 | elapsed_epoch=362.3s
2026-07-05 11:35:25,579 [INFO] [rank=0] [TRAIN] epoch=115/400 | batch=205/205 | sample_locali=205/205 | elapsed_epoch=387.5s
2026-07-05 11:35:27,466 [INFO] [rank=0] [TRAIN] epoch=116/400 | batch=1/205 | sample_locali=1/205 | elapsed_epoch=1.9s
2026-07-05 11:37:26,500 [INFO] [rank=0] [TRAIN] epoch=116/400 | batch=64/205 | sample_locali=64/205 | elapsed_epoch=120.9s
2026-07-05 11:39:35,373 [INFO] [rank=0] [TRAIN] epoch=116/400 | batch=128/205 | sample_locali=128/205 | elapsed_epoch=249.8s
2026-07-05 11:41:41,859 [INFO] [rank=0] [TRAIN] epoch=116/400 | batch=192/205 | sample_locali=192/205 | elapsed_epoch=376.3s
2026-07-05 11:42:06,975 [INFO] [rank=0] [TRAIN] epoch=116/400 | batch=205/205 | sample_locali=205/205 | elapsed_epoch=401.4s
2026-07-05 11:42:08,944 [INFO] [rank=0] [TRAIN] epoch=117/400 | batch=1/205 | sample_locali=1/205 | elapsed_epoch=2.0s
2026-07-05 11:44:21,927 [INFO] [rank=0] [TRAIN] epoch=117/400 | batch=64/205 | sample_locali=64/205 | elapsed_epoch=134.9s
2026-07-05 11:46:34,198 [INFO] [rank=0] [TRAIN] epoch=117/400 | batch=128/205 | sample_locali=128/205 | elapsed_epoch=267.2s
2026-07-05 11:48:43,025 [INFO] [rank=0] [TRAIN] epoch=117/400 | batch=192/205 | sample_locali=192/205 | elapsed_epoch=396.0s
2026-07-05 11:49:08,328 [INFO] [rank=0] [TRAIN] epoch=117/400 | batch=205/205 | sample_locali=205/205 | elapsed_epoch=421.3s
2026-07-05 11:49:10,235 [INFO] [rank=0] [TRAIN] epoch=118/400 | batch=1/205 | sample_locali=1/205 | elapsed_epoch=1.9s
2026-07-05 11:51:15,369 [INFO] [rank=0] [TRAIN] epoch=118/400 | batch=64/205 | sample_locali=64/205 | elapsed_epoch=127.0s
2026-07-05 11:53:21,675 [INFO] [rank=0] [TRAIN] epoch=118/400 | batch=128/205 | sample_locali=128/205 | elapsed_epoch=253.3s
2026-07-05 11:55:34,597 [INFO] [rank=0] [TRAIN] epoch=118/400 | batch=192/205 | sample_locali=192/205 | elapsed_epoch=386.3s
2026-07-05 11:56:00,930 [INFO] [rank=0] [TRAIN] epoch=118/400 | batch=205/205 | sample_locali=205/205 | elapsed_epoch=412.6s
2026-07-05 11:56:02,873 [INFO] [rank=0] [TRAIN] epoch=119/400 | batch=1/205 | sample_locali=1/205 | elapsed_epoch=1.9s
2026-07-05 11:58:08,252 [INFO] [rank=0] [TRAIN] epoch=119/400 | batch=64/205 | sample_locali=64/205 | elapsed_epoch=127.3s
2026-07-05 12:00:15,028 [INFO] [rank=0] [TRAIN] epoch=119/400 | batch=128/205 | sample_locali=128/205 | elapsed_epoch=254.1s
2026-07-05 12:02:21,037 [INFO] [rank=0] [TRAIN] epoch=119/400 | batch=192/205 | sample_locali=192/205 | elapsed_epoch=380.1s
2026-07-05 12:02:46,598 [INFO] [rank=0] [TRAIN] epoch=119/400 | batch=205/205 | sample_locali=205/205 | elapsed_epoch=405.7s
2026-07-05 12:02:48,540 [INFO] [rank=0] [TRAIN] epoch=120/400 | batch=1/205 | sample_locali=1/205 | elapsed_epoch=1.9s
2026-07-05 12:04:55,933 [INFO] [rank=0] [TRAIN] epoch=120/400 | batch=64/205 | sample_locali=64/205 | elapsed_epoch=129.3s
2026-07-05 16:40:47,997 [INFO] [rank=0] [MPI] Avvio backend distribuito JAX+PennyLane su 1 rank
2026-07-05 16:40:48,095 [INFO] [rank=0] [DATA] Frasi testuali caricate: 256 | lunghezza=17
2026-07-05 16:40:48,097 [INFO] [rank=0] [DATA] Split frasi | train=205 | test=51
2026-07-05 16:40:50,704 [INFO] [rank=0] [RESUME] Parametri inizializzati da checkpoint: results\checkpoints\20260704_234304_paper_T16active_d4_nlo2_256sent_e400_localserious_resume1\best_params_native.npy
2026-07-05 16:40:51,059 [INFO] [rank=0] [TRAIN] Backend JAX+PennyLane+MPI | epochs=400 | lr=0.0001 | padded_sequence_length=16
2026-07-05 16:40:51,059 [INFO] [rank=0] [TRAIN] Run label=paper_T16active_d4_nlo2_256sent_e400_localserious_resume2
2026-07-05 16:40:51,059 [INFO] [rank=0] [TRAIN] Device=lightning.qubit | interface=jax | diff_method=adjoint | train_batch_size=1
2026-07-05 16:40:51,060 [INFO] [rank=0] [MPI] ranks=1 | sample_globali=205 | sample_locali_medi~=205
2026-07-05 16:40:51,060 [INFO] [rank=0] [TRAIN] Time budget attivo: 4320.0 minuti (~72.00 ore)
2026-07-05 16:40:51,060 [INFO] [rank=0] [TRAIN] Esecuzione quantistica in mini-batch con backend Lightning
2026-07-05 16:41:04,222 [INFO] [rank=0] [TRAIN] epoch=1/400 | batch=1/205 | sample_locali=1/205 | elapsed_epoch=13.2s
2026-07-05 16:42:52,746 [INFO] [rank=0] [MPI] Avvio backend distribuito JAX+PennyLane su 1 rank
2026-07-05 16:42:52,831 [INFO] [rank=0] [DATA] Frasi testuali caricate: 256 | lunghezza=17
2026-07-05 16:42:52,832 [INFO] [rank=0] [DATA] Split frasi | train=205 | test=51
2026-07-05 16:42:55,130 [INFO] [rank=0] [RESUME] Parametri inizializzati da checkpoint: results\checkpoints\20260704_234304_paper_T16active_d4_nlo2_256sent_e400_localserious_resume1\best_params_native.npy
2026-07-05 16:42:55,130 [INFO] [rank=0] [RESUME] Stato Adam non presente nel checkpoint; riparto dai pesi migliori con momenti azzerati
2026-07-05 16:42:55,331 [INFO] [rank=0] [TRAIN] Backend JAX+PennyLane+MPI | epochs=400 | lr=0.0001 | padded_sequence_length=16
2026-07-05 16:42:55,331 [INFO] [rank=0] [TRAIN] Run label=paper_T16active_d4_nlo2_256sent_e400_localserious_resume2
2026-07-05 16:42:55,332 [INFO] [rank=0] [TRAIN] Device=lightning.qubit | interface=jax | diff_method=adjoint | train_batch_size=1
2026-07-05 16:42:55,332 [INFO] [rank=0] [MPI] ranks=1 | sample_globali=205 | sample_locali_medi~=205
2026-07-05 16:42:55,332 [INFO] [rank=0] [TRAIN] Time budget attivo: 4320.0 minuti (~72.00 ore)
2026-07-05 16:42:55,332 [INFO] [rank=0] [TRAIN] Esecuzione quantistica in mini-batch con backend Lightning
2026-07-05 16:43:08,971 [INFO] [rank=0] [TRAIN] epoch=1/400 | batch=1/205 | sample_locali=1/205 | elapsed_epoch=13.6s
2026-07-05 16:44:55,003 [INFO] [rank=0] [TRAIN] epoch=1/400 | batch=64/205 | sample_locali=64/205 | elapsed_epoch=119.7s
2026-07-05 16:46:42,810 [INFO] [rank=0] [TRAIN] epoch=1/400 | batch=128/205 | sample_locali=128/205 | elapsed_epoch=227.5s
2026-07-05 16:48:35,933 [INFO] [rank=0] [TRAIN] epoch=1/400 | batch=192/205 | sample_locali=192/205 | elapsed_epoch=340.6s
2026-07-05 16:48:58,994 [INFO] [rank=0] [TRAIN] epoch=1/400 | batch=205/205 | sample_locali=205/205 | elapsed_epoch=363.7s
2026-07-05 16:50:22,016 [INFO] [rank=0] [TRAIN] Epoch 0001/0400 | opt_loss=7.00032139 | grad_norm=34.755692 | train_loss=6.98801405 | train_ppl=953.56361513 | test_loss=6.96577976 | test_ppl=936.86442186
2026-07-05 16:50:23,802 [INFO] [rank=0] [TRAIN] epoch=2/400 | batch=1/205 | sample_locali=1/205 | elapsed_epoch=1.8s
2026-07-05 16:52:16,528 [INFO] [rank=0] [TRAIN] epoch=2/400 | batch=64/205 | sample_locali=64/205 | elapsed_epoch=114.5s
2026-07-05 16:54:10,059 [INFO] [rank=0] [TRAIN] epoch=2/400 | batch=128/205 | sample_locali=128/205 | elapsed_epoch=228.0s
2026-07-05 16:56:02,437 [INFO] [rank=0] [TRAIN] epoch=2/400 | batch=192/205 | sample_locali=192/205 | elapsed_epoch=340.4s
2026-07-05 16:56:24,734 [INFO] [rank=0] [TRAIN] epoch=2/400 | batch=205/205 | sample_locali=205/205 | elapsed_epoch=362.7s
2026-07-05 16:56:26,517 [INFO] [rank=0] [TRAIN] epoch=3/400 | batch=1/205 | sample_locali=1/205 | elapsed_epoch=1.8s
2026-07-05 16:58:13,866 [INFO] [rank=0] [TRAIN] epoch=3/400 | batch=64/205 | sample_locali=64/205 | elapsed_epoch=109.1s
2026-07-05 17:00:02,348 [INFO] [rank=0] [TRAIN] epoch=3/400 | batch=128/205 | sample_locali=128/205 | elapsed_epoch=217.6s
2026-07-05 17:01:50,717 [INFO] [rank=0] [TRAIN] epoch=3/400 | batch=192/205 | sample_locali=192/205 | elapsed_epoch=326.0s
2026-07-05 17:02:12,789 [INFO] [rank=0] [TRAIN] epoch=3/400 | batch=205/205 | sample_locali=205/205 | elapsed_epoch=348.0s
2026-07-05 17:02:14,518 [INFO] [rank=0] [TRAIN] epoch=4/400 | batch=1/205 | sample_locali=1/205 | elapsed_epoch=1.7s
2026-07-05 17:04:01,078 [INFO] [rank=0] [TRAIN] epoch=4/400 | batch=64/205 | sample_locali=64/205 | elapsed_epoch=108.3s
2026-07-05 17:05:49,521 [INFO] [rank=0] [TRAIN] epoch=4/400 | batch=128/205 | sample_locali=128/205 | elapsed_epoch=216.7s
2026-07-05 17:07:37,936 [INFO] [rank=0] [TRAIN] epoch=4/400 | batch=192/205 | sample_locali=192/205 | elapsed_epoch=325.1s
2026-07-05 17:07:59,880 [INFO] [rank=0] [TRAIN] epoch=4/400 | batch=205/205 | sample_locali=205/205 | elapsed_epoch=347.1s
2026-07-05 17:08:01,624 [INFO] [rank=0] [TRAIN] epoch=5/400 | batch=1/205 | sample_locali=1/205 | elapsed_epoch=1.7s
2026-07-05 17:09:48,231 [INFO] [rank=0] [TRAIN] epoch=5/400 | batch=64/205 | sample_locali=64/205 | elapsed_epoch=108.3s
2026-07-05 17:11:36,468 [INFO] [rank=0] [TRAIN] epoch=5/400 | batch=128/205 | sample_locali=128/205 | elapsed_epoch=216.6s
2026-07-05 17:13:24,526 [INFO] [rank=0] [TRAIN] epoch=5/400 | batch=192/205 | sample_locali=192/205 | elapsed_epoch=324.6s
2026-07-05 17:13:46,567 [INFO] [rank=0] [TRAIN] epoch=5/400 | batch=205/205 | sample_locali=205/205 | elapsed_epoch=346.7s
2026-07-05 17:13:48,332 [INFO] [rank=0] [TRAIN] epoch=6/400 | batch=1/205 | sample_locali=1/205 | elapsed_epoch=1.8s
2026-07-05 17:15:35,162 [INFO] [rank=0] [TRAIN] epoch=6/400 | batch=64/205 | sample_locali=64/205 | elapsed_epoch=108.6s
2026-07-05 17:17:23,330 [INFO] [rank=0] [TRAIN] epoch=6/400 | batch=128/205 | sample_locali=128/205 | elapsed_epoch=216.8s
2026-07-05 17:19:11,421 [INFO] [rank=0] [TRAIN] epoch=6/400 | batch=192/205 | sample_locali=192/205 | elapsed_epoch=324.8s
2026-07-05 17:19:33,391 [INFO] [rank=0] [TRAIN] epoch=6/400 | batch=205/205 | sample_locali=205/205 | elapsed_epoch=346.8s
2026-07-05 17:19:35,115 [INFO] [rank=0] [TRAIN] epoch=7/400 | batch=1/205 | sample_locali=1/205 | elapsed_epoch=1.7s
2026-07-05 17:21:21,941 [INFO] [rank=0] [TRAIN] epoch=7/400 | batch=64/205 | sample_locali=64/205 | elapsed_epoch=108.5s
2026-07-05 17:23:10,188 [INFO] [rank=0] [TRAIN] epoch=7/400 | batch=128/205 | sample_locali=128/205 | elapsed_epoch=216.8s
2026-07-05 17:24:58,661 [INFO] [rank=0] [TRAIN] epoch=7/400 | batch=192/205 | sample_locali=192/205 | elapsed_epoch=325.3s
2026-07-05 17:25:20,800 [INFO] [rank=0] [TRAIN] epoch=7/400 | batch=205/205 | sample_locali=205/205 | elapsed_epoch=347.4s
2026-07-05 17:25:22,559 [INFO] [rank=0] [TRAIN] epoch=8/400 | batch=1/205 | sample_locali=1/205 | elapsed_epoch=1.8s
2026-07-05 17:27:09,094 [INFO] [rank=0] [TRAIN] epoch=8/400 | batch=64/205 | sample_locali=64/205 | elapsed_epoch=108.3s
2026-07-05 17:28:58,014 [INFO] [rank=0] [TRAIN] epoch=8/400 | batch=128/205 | sample_locali=128/205 | elapsed_epoch=217.2s
2026-07-05 17:30:46,891 [INFO] [rank=0] [TRAIN] epoch=8/400 | batch=192/205 | sample_locali=192/205 | elapsed_epoch=326.1s
2026-07-05 17:31:09,291 [INFO] [rank=0] [TRAIN] epoch=8/400 | batch=205/205 | sample_locali=205/205 | elapsed_epoch=348.5s
2026-07-05 17:31:11,060 [INFO] [rank=0] [TRAIN] epoch=9/400 | batch=1/205 | sample_locali=1/205 | elapsed_epoch=1.8s
2026-07-05 17:32:57,765 [INFO] [rank=0] [TRAIN] epoch=9/400 | batch=64/205 | sample_locali=64/205 | elapsed_epoch=108.5s
2026-07-05 17:34:45,879 [INFO] [rank=0] [TRAIN] epoch=9/400 | batch=128/205 | sample_locali=128/205 | elapsed_epoch=216.6s
2026-07-05 17:36:34,090 [INFO] [rank=0] [TRAIN] epoch=9/400 | batch=192/205 | sample_locali=192/205 | elapsed_epoch=324.8s
2026-07-05 17:36:56,001 [INFO] [rank=0] [TRAIN] epoch=9/400 | batch=205/205 | sample_locali=205/205 | elapsed_epoch=346.7s
2026-07-05 17:36:57,753 [INFO] [rank=0] [TRAIN] epoch=10/400 | batch=1/205 | sample_locali=1/205 | elapsed_epoch=1.7s
2026-07-05 17:38:44,666 [INFO] [rank=0] [TRAIN] epoch=10/400 | batch=64/205 | sample_locali=64/205 | elapsed_epoch=108.7s
2026-07-05 17:40:33,130 [INFO] [rank=0] [TRAIN] epoch=10/400 | batch=128/205 | sample_locali=128/205 | elapsed_epoch=217.1s
2026-07-05 17:42:21,599 [INFO] [rank=0] [TRAIN] epoch=10/400 | batch=192/205 | sample_locali=192/205 | elapsed_epoch=325.6s
2026-07-05 17:42:43,645 [INFO] [rank=0] [TRAIN] epoch=10/400 | batch=205/205 | sample_locali=205/205 | elapsed_epoch=347.6s
2026-07-05 17:42:43,652 [INFO] [rank=0] [TRAIN] Epoch 0010/0400 | opt_loss=6.89290924 | grad_norm=32.656737
2026-07-05 17:42:45,390 [INFO] [rank=0] [TRAIN] epoch=11/400 | batch=1/205 | sample_locali=1/205 | elapsed_epoch=1.7s
2026-07-05 17:44:32,013 [INFO] [rank=0] [TRAIN] epoch=11/400 | batch=64/205 | sample_locali=64/205 | elapsed_epoch=108.4s
2026-07-05 17:46:20,459 [INFO] [rank=0] [TRAIN] epoch=11/400 | batch=128/205 | sample_locali=128/205 | elapsed_epoch=216.8s
2026-07-05 17:48:08,750 [INFO] [rank=0] [TRAIN] epoch=11/400 | batch=192/205 | sample_locali=192/205 | elapsed_epoch=325.1s
2026-07-05 17:48:30,786 [INFO] [rank=0] [TRAIN] epoch=11/400 | batch=205/205 | sample_locali=205/205 | elapsed_epoch=347.1s
2026-07-05 17:48:32,587 [INFO] [rank=0] [TRAIN] epoch=12/400 | batch=1/205 | sample_locali=1/205 | elapsed_epoch=1.8s
2026-07-05 17:50:18,955 [INFO] [rank=0] [TRAIN] epoch=12/400 | batch=64/205 | sample_locali=64/205 | elapsed_epoch=108.2s
2026-07-05 17:52:06,965 [INFO] [rank=0] [TRAIN] epoch=12/400 | batch=128/205 | sample_locali=128/205 | elapsed_epoch=216.2s
2026-07-05 17:53:55,327 [INFO] [rank=0] [TRAIN] epoch=12/400 | batch=192/205 | sample_locali=192/205 | elapsed_epoch=324.5s
2026-07-05 17:54:17,309 [INFO] [rank=0] [TRAIN] epoch=12/400 | batch=205/205 | sample_locali=205/205 | elapsed_epoch=346.5s
2026-07-05 17:54:19,064 [INFO] [rank=0] [TRAIN] epoch=13/400 | batch=1/205 | sample_locali=1/205 | elapsed_epoch=1.7s
2026-07-05 17:56:05,445 [INFO] [rank=0] [TRAIN] epoch=13/400 | batch=64/205 | sample_locali=64/205 | elapsed_epoch=108.1s
2026-07-05 17:57:53,594 [INFO] [rank=0] [TRAIN] epoch=13/400 | batch=128/205 | sample_locali=128/205 | elapsed_epoch=216.3s
2026-07-05 17:59:41,780 [INFO] [rank=0] [TRAIN] epoch=13/400 | batch=192/205 | sample_locali=192/205 | elapsed_epoch=324.5s
2026-07-05 18:00:03,963 [INFO] [rank=0] [TRAIN] epoch=13/400 | batch=205/205 | sample_locali=205/205 | elapsed_epoch=346.6s
2026-07-05 18:00:05,706 [INFO] [rank=0] [TRAIN] epoch=14/400 | batch=1/205 | sample_locali=1/205 | elapsed_epoch=1.7s
2026-07-05 18:01:52,399 [INFO] [rank=0] [TRAIN] epoch=14/400 | batch=64/205 | sample_locali=64/205 | elapsed_epoch=108.4s
2026-07-05 18:03:40,466 [INFO] [rank=0] [TRAIN] epoch=14/400 | batch=128/205 | sample_locali=128/205 | elapsed_epoch=216.5s
2026-07-05 18:05:28,326 [INFO] [rank=0] [TRAIN] epoch=14/400 | batch=192/205 | sample_locali=192/205 | elapsed_epoch=324.4s
2026-07-05 18:05:50,216 [INFO] [rank=0] [TRAIN] epoch=14/400 | batch=205/205 | sample_locali=205/205 | elapsed_epoch=346.2s
2026-07-05 18:05:51,966 [INFO] [rank=0] [TRAIN] epoch=15/400 | batch=1/205 | sample_locali=1/205 | elapsed_epoch=1.7s
2026-07-05 18:07:38,568 [INFO] [rank=0] [TRAIN] epoch=15/400 | batch=64/205 | sample_locali=64/205 | elapsed_epoch=108.3s
2026-07-05 18:09:26,851 [INFO] [rank=0] [TRAIN] epoch=15/400 | batch=128/205 | sample_locali=128/205 | elapsed_epoch=216.6s
2026-07-05 18:11:15,549 [INFO] [rank=0] [TRAIN] epoch=15/400 | batch=192/205 | sample_locali=192/205 | elapsed_epoch=325.3s
2026-07-05 18:11:37,625 [INFO] [rank=0] [TRAIN] epoch=15/400 | batch=205/205 | sample_locali=205/205 | elapsed_epoch=347.4s
2026-07-05 18:11:39,355 [INFO] [rank=0] [TRAIN] epoch=16/400 | batch=1/205 | sample_locali=1/205 | elapsed_epoch=1.7s
2026-07-05 18:13:26,013 [INFO] [rank=0] [TRAIN] epoch=16/400 | batch=64/205 | sample_locali=64/205 | elapsed_epoch=108.4s
2026-07-05 18:15:14,080 [INFO] [rank=0] [TRAIN] epoch=16/400 | batch=128/205 | sample_locali=128/205 | elapsed_epoch=216.4s
2026-07-05 18:17:02,009 [INFO] [rank=0] [TRAIN] epoch=16/400 | batch=192/205 | sample_locali=192/205 | elapsed_epoch=324.4s
2026-07-05 18:17:23,977 [INFO] [rank=0] [TRAIN] epoch=16/400 | batch=205/205 | sample_locali=205/205 | elapsed_epoch=346.3s
2026-07-05 18:17:25,723 [INFO] [rank=0] [TRAIN] epoch=17/400 | batch=1/205 | sample_locali=1/205 | elapsed_epoch=1.7s
2026-07-05 18:19:12,694 [INFO] [rank=0] [TRAIN] epoch=17/400 | batch=64/205 | sample_locali=64/205 | elapsed_epoch=108.7s
2026-07-05 18:21:01,069 [INFO] [rank=0] [TRAIN] epoch=17/400 | batch=128/205 | sample_locali=128/205 | elapsed_epoch=217.1s
2026-07-05 18:22:49,633 [INFO] [rank=0] [TRAIN] epoch=17/400 | batch=192/205 | sample_locali=192/205 | elapsed_epoch=325.6s
2026-07-05 18:23:11,674 [INFO] [rank=0] [TRAIN] epoch=17/400 | batch=205/205 | sample_locali=205/205 | elapsed_epoch=347.7s
2026-07-05 18:23:13,475 [INFO] [rank=0] [TRAIN] epoch=18/400 | batch=1/205 | sample_locali=1/205 | elapsed_epoch=1.8s
2026-07-05 18:25:00,254 [INFO] [rank=0] [TRAIN] epoch=18/400 | batch=64/205 | sample_locali=64/205 | elapsed_epoch=108.6s
2026-07-05 18:26:48,859 [INFO] [rank=0] [TRAIN] epoch=18/400 | batch=128/205 | sample_locali=128/205 | elapsed_epoch=217.2s
2026-07-05 18:28:37,520 [INFO] [rank=0] [TRAIN] epoch=18/400 | batch=192/205 | sample_locali=192/205 | elapsed_epoch=325.8s
2026-07-05 18:28:59,619 [INFO] [rank=0] [TRAIN] epoch=18/400 | batch=205/205 | sample_locali=205/205 | elapsed_epoch=347.9s
2026-07-05 18:29:01,439 [INFO] [rank=0] [TRAIN] epoch=19/400 | batch=1/205 | sample_locali=1/205 | elapsed_epoch=1.8s
2026-07-05 18:30:48,206 [INFO] [rank=0] [TRAIN] epoch=19/400 | batch=64/205 | sample_locali=64/205 | elapsed_epoch=108.6s
2026-07-05 18:32:36,603 [INFO] [rank=0] [TRAIN] epoch=19/400 | batch=128/205 | sample_locali=128/205 | elapsed_epoch=217.0s
2026-07-05 18:34:25,272 [INFO] [rank=0] [TRAIN] epoch=19/400 | batch=192/205 | sample_locali=192/205 | elapsed_epoch=325.6s
2026-07-05 18:34:47,396 [INFO] [rank=0] [TRAIN] epoch=19/400 | batch=205/205 | sample_locali=205/205 | elapsed_epoch=347.8s
2026-07-05 18:34:49,151 [INFO] [rank=0] [TRAIN] epoch=20/400 | batch=1/205 | sample_locali=1/205 | elapsed_epoch=1.7s
2026-07-05 18:36:36,543 [INFO] [rank=0] [TRAIN] epoch=20/400 | batch=64/205 | sample_locali=64/205 | elapsed_epoch=109.1s
2026-07-05 18:38:25,922 [INFO] [rank=0] [TRAIN] epoch=20/400 | batch=128/205 | sample_locali=128/205 | elapsed_epoch=218.5s
2026-07-05 18:40:15,471 [INFO] [rank=0] [TRAIN] epoch=20/400 | batch=192/205 | sample_locali=192/205 | elapsed_epoch=328.1s
2026-07-05 18:40:37,827 [INFO] [rank=0] [TRAIN] epoch=20/400 | batch=205/205 | sample_locali=205/205 | elapsed_epoch=350.4s
2026-07-05 18:40:37,834 [INFO] [rank=0] [TRAIN] Epoch 0020/0400 | opt_loss=6.78190887 | grad_norm=30.556150
2026-07-05 18:40:39,579 [INFO] [rank=0] [TRAIN] epoch=21/400 | batch=1/205 | sample_locali=1/205 | elapsed_epoch=1.7s
2026-07-05 18:42:27,120 [INFO] [rank=0] [TRAIN] epoch=21/400 | batch=64/205 | sample_locali=64/205 | elapsed_epoch=109.3s
2026-07-05 18:44:16,280 [INFO] [rank=0] [TRAIN] epoch=21/400 | batch=128/205 | sample_locali=128/205 | elapsed_epoch=218.4s
2026-07-05 18:46:05,588 [INFO] [rank=0] [TRAIN] epoch=21/400 | batch=192/205 | sample_locali=192/205 | elapsed_epoch=327.8s
2026-07-05 18:46:27,659 [INFO] [rank=0] [TRAIN] epoch=21/400 | batch=205/205 | sample_locali=205/205 | elapsed_epoch=349.8s
2026-07-05 18:46:29,401 [INFO] [rank=0] [TRAIN] epoch=22/400 | batch=1/205 | sample_locali=1/205 | elapsed_epoch=1.7s
2026-07-05 18:48:16,435 [INFO] [rank=0] [TRAIN] epoch=22/400 | batch=64/205 | sample_locali=64/205 | elapsed_epoch=108.8s
2026-07-05 18:50:04,903 [INFO] [rank=0] [TRAIN] epoch=22/400 | batch=128/205 | sample_locali=128/205 | elapsed_epoch=217.2s
2026-07-05 18:51:52,997 [INFO] [rank=0] [TRAIN] epoch=22/400 | batch=192/205 | sample_locali=192/205 | elapsed_epoch=325.3s
2026-07-05 18:52:15,071 [INFO] [rank=0] [TRAIN] epoch=22/400 | batch=205/205 | sample_locali=205/205 | elapsed_epoch=347.4s
2026-07-05 18:52:16,837 [INFO] [rank=0] [TRAIN] epoch=23/400 | batch=1/205 | sample_locali=1/205 | elapsed_epoch=1.8s
2026-07-05 18:54:03,557 [INFO] [rank=0] [TRAIN] epoch=23/400 | batch=64/205 | sample_locali=64/205 | elapsed_epoch=108.5s
2026-07-05 18:55:51,598 [INFO] [rank=0] [TRAIN] epoch=23/400 | batch=128/205 | sample_locali=128/205 | elapsed_epoch=216.5s
2026-07-05 18:57:40,040 [INFO] [rank=0] [TRAIN] epoch=23/400 | batch=192/205 | sample_locali=192/205 | elapsed_epoch=325.0s
2026-07-05 18:58:02,110 [INFO] [rank=0] [TRAIN] epoch=23/400 | batch=205/205 | sample_locali=205/205 | elapsed_epoch=347.0s
2026-07-05 18:58:03,909 [INFO] [rank=0] [TRAIN] epoch=24/400 | batch=1/205 | sample_locali=1/205 | elapsed_epoch=1.8s
2026-07-05 18:59:50,718 [INFO] [rank=0] [TRAIN] epoch=24/400 | batch=64/205 | sample_locali=64/205 | elapsed_epoch=108.6s
2026-07-05 19:01:38,896 [INFO] [rank=0] [TRAIN] epoch=24/400 | batch=128/205 | sample_locali=128/205 | elapsed_epoch=216.8s
2026-07-05 19:03:27,227 [INFO] [rank=0] [TRAIN] epoch=24/400 | batch=192/205 | sample_locali=192/205 | elapsed_epoch=325.1s
2026-07-05 19:03:49,218 [INFO] [rank=0] [TRAIN] epoch=24/400 | batch=205/205 | sample_locali=205/205 | elapsed_epoch=347.1s
2026-07-05 19:03:51,060 [INFO] [rank=0] [TRAIN] epoch=25/400 | batch=1/205 | sample_locali=1/205 | elapsed_epoch=1.8s
2026-07-05 19:05:37,709 [INFO] [rank=0] [TRAIN] epoch=25/400 | batch=64/205 | sample_locali=64/205 | elapsed_epoch=108.5s
2026-07-05 19:07:26,257 [INFO] [rank=0] [TRAIN] epoch=25/400 | batch=128/205 | sample_locali=128/205 | elapsed_epoch=217.0s
2026-07-05 19:09:29,576 [INFO] [rank=0] [TRAIN] epoch=25/400 | batch=192/205 | sample_locali=192/205 | elapsed_epoch=340.3s
2026-07-05 19:10:02,829 [INFO] [rank=0] [MPI] Avvio backend distribuito JAX+PennyLane su 1 rank
2026-07-05 19:10:02,918 [INFO] [rank=0] [DATA] Frasi testuali caricate: 256 | lunghezza=17
2026-07-05 19:10:02,919 [INFO] [rank=0] [DATA] Split frasi | train=205 | test=51
2026-07-05 19:10:05,555 [INFO] [rank=0] [RESUME] Parametri inizializzati da checkpoint: results\checkpoints\20260705_001600_paper_T16active_d4_nlo2_256sent_e400_localserious_resume2\best_params_native.npy
2026-07-05 19:10:05,555 [INFO] [rank=0] [RESUME] Stato Adam non presente nel checkpoint; riparto dai pesi migliori con momenti azzerati
2026-07-05 19:10:05,787 [INFO] [rank=0] [TRAIN] Backend JAX+PennyLane+MPI | epochs=400 | lr=0.0001 | padded_sequence_length=16
2026-07-05 19:10:05,788 [INFO] [rank=0] [RESUME] Continuazione da epoch=119; target totale=400; epoche rimanenti=281
2026-07-05 19:10:05,788 [INFO] [rank=0] [TRAIN] Run label=paper_T16active_d4_nlo2_256sent_e400_from119
2026-07-05 19:10:05,788 [INFO] [rank=0] [TRAIN] Device=lightning.qubit | interface=jax | diff_method=adjoint | train_batch_size=1
2026-07-05 19:10:05,788 [INFO] [rank=0] [MPI] ranks=1 | sample_globali=205 | sample_locali_medi~=205
2026-07-05 19:10:05,788 [INFO] [rank=0] [TRAIN] Time budget attivo: 4320.0 minuti (~72.00 ore)
2026-07-05 19:10:05,788 [INFO] [rank=0] [TRAIN] Esecuzione quantistica in mini-batch con backend Lightning
2026-07-05 19:10:19,510 [INFO] [rank=0] [TRAIN] epoch=120/400 | batch=1/205 | sample_locali=1/205 | elapsed_epoch=13.7s
2026-07-05 19:12:30,750 [INFO] [rank=0] [TRAIN] epoch=120/400 | batch=64/205 | sample_locali=64/205 | elapsed_epoch=145.0s
2026-07-05 19:15:25,966 [INFO] [rank=0] [TRAIN] epoch=120/400 | batch=128/205 | sample_locali=128/205 | elapsed_epoch=320.2s
2026-07-05 19:18:51,688 [INFO] [rank=0] [TRAIN] epoch=120/400 | batch=192/205 | sample_locali=192/205 | elapsed_epoch=525.9s
2026-07-05 19:19:37,674 [INFO] [rank=0] [TRAIN] epoch=120/400 | batch=205/205 | sample_locali=205/205 | elapsed_epoch=571.9s
2026-07-05 19:19:39,965 [INFO] [rank=0] [TRAIN] Epoch 0120/0400 | opt_loss=5.99824925 | grad_norm=17.925823
2026-07-05 19:19:43,492 [INFO] [rank=0] [TRAIN] epoch=121/400 | batch=1/205 | sample_locali=1/205 | elapsed_epoch=3.5s
2026-07-05 20:17:26,562 [INFO] [rank=0] [MPI] Avvio backend distribuito JAX+PennyLane su 1 rank
2026-07-05 20:17:26,686 [INFO] [rank=0] [DATA] Frasi testuali caricate: 256 | lunghezza=17
2026-07-05 20:17:26,687 [INFO] [rank=0] [DATA] Split frasi | train=205 | test=51
2026-07-05 20:17:29,950 [INFO] [rank=0] [RESUME] Parametri inizializzati da checkpoint: results\checkpoints\20260705_001600_paper_T16active_d4_nlo2_256sent_e400_localserious_resume2\best_params_native.npy
2026-07-05 20:17:29,950 [INFO] [rank=0] [RESUME] Stato Adam non presente nel checkpoint; riparto dai pesi migliori con momenti azzerati
2026-07-05 20:17:30,254 [INFO] [rank=0] [TRAIN] Backend JAX+PennyLane+MPI | epochs=400 | lr=0.0001 | padded_sequence_length=16
2026-07-05 20:17:30,254 [INFO] [rank=0] [RESUME] Continuazione da epoch=119; target totale=400; epoche rimanenti=281
2026-07-05 20:17:30,254 [INFO] [rank=0] [TRAIN] Run label=paper_T16active_d4_nlo2_256sent_e400_from119
2026-07-05 20:17:30,254 [INFO] [rank=0] [TRAIN] Device=lightning.qubit | interface=jax | diff_method=adjoint | train_batch_size=1
2026-07-05 20:17:30,254 [INFO] [rank=0] [MPI] ranks=1 | sample_globali=205 | sample_locali_medi~=205
2026-07-05 20:17:30,255 [INFO] [rank=0] [TRAIN] Time budget attivo: 4320.0 minuti (~72.00 ore)
2026-07-05 20:17:30,255 [INFO] [rank=0] [TRAIN] Esecuzione quantistica in mini-batch con backend Lightning
2026-07-05 20:18:10,030 [INFO] [rank=0] [MPI] Avvio backend distribuito JAX+PennyLane su 1 rank
2026-07-05 20:18:10,148 [INFO] [rank=0] [DATA] Frasi testuali caricate: 256 | lunghezza=17
2026-07-05 20:18:10,149 [INFO] [rank=0] [DATA] Split frasi | train=205 | test=51
2026-07-05 20:18:12,898 [INFO] [rank=0] [RESUME] Parametri inizializzati da checkpoint: results\checkpoints\20260705_001600_paper_T16active_d4_nlo2_256sent_e400_localserious_resume2\best_params_native.npy
2026-07-05 20:18:12,899 [INFO] [rank=0] [RESUME] Stato Adam non presente nel checkpoint; riparto dai pesi migliori con momenti azzerati
2026-07-05 20:18:13,132 [INFO] [rank=0] [TRAIN] Backend JAX+PennyLane+MPI | epochs=400 | lr=0.0001 | padded_sequence_length=16
2026-07-05 20:18:13,132 [INFO] [rank=0] [RESUME] Continuazione da epoch=119; target totale=400; epoche rimanenti=281
2026-07-05 20:18:13,132 [INFO] [rank=0] [TRAIN] Run label=paper_T16active_d4_nlo2_256sent_e400_from119
2026-07-05 20:18:13,132 [INFO] [rank=0] [TRAIN] Device=lightning.qubit | interface=jax | diff_method=adjoint | train_batch_size=1
2026-07-05 20:18:13,132 [INFO] [rank=0] [MPI] ranks=1 | sample_globali=205 | sample_locali_medi~=205
2026-07-05 20:18:13,133 [INFO] [rank=0] [TRAIN] Time budget attivo: 4320.0 minuti (~72.00 ore)
2026-07-05 20:18:13,133 [INFO] [rank=0] [TRAIN] Esecuzione quantistica in mini-batch con backend Lightning
2026-07-05 20:18:30,474 [INFO] [rank=0] [TRAIN] epoch=120/400 | batch=1/205 | sample_locali=1/205 | elapsed_epoch=17.3s
2026-07-05 20:20:28,065 [INFO] [rank=0] [TRAIN] epoch=120/400 | batch=64/205 | sample_locali=64/205 | elapsed_epoch=134.9s
2026-07-05 20:22:29,058 [INFO] [rank=0] [TRAIN] epoch=120/400 | batch=128/205 | sample_locali=128/205 | elapsed_epoch=255.9s
2026-07-05 20:24:32,576 [INFO] [rank=0] [TRAIN] epoch=120/400 | batch=192/205 | sample_locali=192/205 | elapsed_epoch=379.4s
2026-07-05 20:24:56,963 [INFO] [rank=0] [TRAIN] epoch=120/400 | batch=205/205 | sample_locali=205/205 | elapsed_epoch=403.8s
2026-07-05 20:24:58,157 [INFO] [rank=0] [TRAIN] Epoch 0120/0400 | opt_loss=5.99824925 | grad_norm=17.925823
2026-07-05 20:25:00,090 [INFO] [rank=0] [TRAIN] epoch=121/400 | batch=1/205 | sample_locali=1/205 | elapsed_epoch=1.9s
2026-07-05 20:26:57,911 [INFO] [rank=0] [TRAIN] epoch=121/400 | batch=64/205 | sample_locali=64/205 | elapsed_epoch=119.8s
2026-07-05 20:28:55,878 [INFO] [rank=0] [TRAIN] epoch=121/400 | batch=128/205 | sample_locali=128/205 | elapsed_epoch=237.7s
2026-07-05 20:30:48,370 [INFO] [rank=0] [TRAIN] epoch=121/400 | batch=192/205 | sample_locali=192/205 | elapsed_epoch=350.2s
2026-07-05 20:31:10,798 [INFO] [rank=0] [TRAIN] epoch=121/400 | batch=205/205 | sample_locali=205/205 | elapsed_epoch=372.6s
2026-07-05 20:31:12,579 [INFO] [rank=0] [TRAIN] epoch=122/400 | batch=1/205 | sample_locali=1/205 | elapsed_epoch=1.8s
2026-07-05 20:33:01,426 [INFO] [rank=0] [TRAIN] epoch=122/400 | batch=64/205 | sample_locali=64/205 | elapsed_epoch=110.6s
2026-07-05 20:34:50,510 [INFO] [rank=0] [TRAIN] epoch=122/400 | batch=128/205 | sample_locali=128/205 | elapsed_epoch=219.7s
2026-07-05 20:36:39,697 [INFO] [rank=0] [TRAIN] epoch=122/400 | batch=192/205 | sample_locali=192/205 | elapsed_epoch=328.9s
2026-07-05 20:37:01,881 [INFO] [rank=0] [TRAIN] epoch=122/400 | batch=205/205 | sample_locali=205/205 | elapsed_epoch=351.1s
2026-07-05 20:37:03,656 [INFO] [rank=0] [TRAIN] epoch=123/400 | batch=1/205 | sample_locali=1/205 | elapsed_epoch=1.8s
2026-07-05 20:38:50,848 [INFO] [rank=0] [TRAIN] epoch=123/400 | batch=64/205 | sample_locali=64/205 | elapsed_epoch=109.0s
2026-07-05 20:40:39,611 [INFO] [rank=0] [TRAIN] epoch=123/400 | batch=128/205 | sample_locali=128/205 | elapsed_epoch=217.7s
2026-07-05 20:42:28,557 [INFO] [rank=0] [TRAIN] epoch=123/400 | batch=192/205 | sample_locali=192/205 | elapsed_epoch=326.7s
2026-07-05 20:42:50,598 [INFO] [rank=0] [TRAIN] epoch=123/400 | batch=205/205 | sample_locali=205/205 | elapsed_epoch=348.7s
2026-07-05 20:42:52,333 [INFO] [rank=0] [TRAIN] epoch=124/400 | batch=1/205 | sample_locali=1/205 | elapsed_epoch=1.7s
2026-07-05 20:44:39,330 [INFO] [rank=0] [TRAIN] epoch=124/400 | batch=64/205 | sample_locali=64/205 | elapsed_epoch=108.7s
2026-07-05 20:46:27,771 [INFO] [rank=0] [TRAIN] epoch=124/400 | batch=128/205 | sample_locali=128/205 | elapsed_epoch=217.2s
2026-07-05 20:48:16,397 [INFO] [rank=0] [TRAIN] epoch=124/400 | batch=192/205 | sample_locali=192/205 | elapsed_epoch=325.8s
2026-07-05 20:48:38,446 [INFO] [rank=0] [TRAIN] epoch=124/400 | batch=205/205 | sample_locali=205/205 | elapsed_epoch=347.8s
2026-07-05 20:48:40,220 [INFO] [rank=0] [TRAIN] epoch=125/400 | batch=1/205 | sample_locali=1/205 | elapsed_epoch=1.8s
2026-07-05 20:50:26,918 [INFO] [rank=0] [TRAIN] epoch=125/400 | batch=64/205 | sample_locali=64/205 | elapsed_epoch=108.5s
2026-07-05 20:52:15,462 [INFO] [rank=0] [TRAIN] epoch=125/400 | batch=128/205 | sample_locali=128/205 | elapsed_epoch=217.0s
2026-07-05 20:54:03,812 [INFO] [rank=0] [TRAIN] epoch=125/400 | batch=192/205 | sample_locali=192/205 | elapsed_epoch=325.4s
2026-07-05 20:54:25,907 [INFO] [rank=0] [TRAIN] epoch=125/400 | batch=205/205 | sample_locali=205/205 | elapsed_epoch=347.5s
2026-07-05 20:55:46,316 [INFO] [rank=0] [TRAIN] epoch=126/400 | batch=1/205 | sample_locali=1/205 | elapsed_epoch=1.7s
2026-07-05 20:57:33,099 [INFO] [rank=0] [TRAIN] epoch=126/400 | batch=64/205 | sample_locali=64/205 | elapsed_epoch=108.5s
2026-07-05 20:59:21,381 [INFO] [rank=0] [TRAIN] epoch=126/400 | batch=128/205 | sample_locali=128/205 | elapsed_epoch=216.7s
2026-07-05 21:01:09,799 [INFO] [rank=0] [TRAIN] epoch=126/400 | batch=192/205 | sample_locali=192/205 | elapsed_epoch=325.2s
2026-07-05 21:01:31,778 [INFO] [rank=0] [TRAIN] epoch=126/400 | batch=205/205 | sample_locali=205/205 | elapsed_epoch=347.1s
2026-07-05 21:01:33,507 [INFO] [rank=0] [TRAIN] epoch=127/400 | batch=1/205 | sample_locali=1/205 | elapsed_epoch=1.7s
2026-07-05 21:03:20,145 [INFO] [rank=0] [TRAIN] epoch=127/400 | batch=64/205 | sample_locali=64/205 | elapsed_epoch=108.4s
2026-07-05 21:05:08,722 [INFO] [rank=0] [TRAIN] epoch=127/400 | batch=128/205 | sample_locali=128/205 | elapsed_epoch=216.9s
2026-07-05 21:06:57,308 [INFO] [rank=0] [TRAIN] epoch=127/400 | batch=192/205 | sample_locali=192/205 | elapsed_epoch=325.5s
2026-07-05 21:07:19,450 [INFO] [rank=0] [TRAIN] epoch=127/400 | batch=205/205 | sample_locali=205/205 | elapsed_epoch=347.7s
2026-07-05 21:07:21,217 [INFO] [rank=0] [TRAIN] epoch=128/400 | batch=1/205 | sample_locali=1/205 | elapsed_epoch=1.8s
2026-07-05 21:09:08,085 [INFO] [rank=0] [TRAIN] epoch=128/400 | batch=64/205 | sample_locali=64/205 | elapsed_epoch=108.6s
2026-07-05 21:10:56,378 [INFO] [rank=0] [TRAIN] epoch=128/400 | batch=128/205 | sample_locali=128/205 | elapsed_epoch=216.9s
2026-07-05 21:12:44,812 [INFO] [rank=0] [TRAIN] epoch=128/400 | batch=192/205 | sample_locali=192/205 | elapsed_epoch=325.4s
2026-07-05 21:13:06,887 [INFO] [rank=0] [TRAIN] epoch=128/400 | batch=205/205 | sample_locali=205/205 | elapsed_epoch=347.4s
2026-07-05 21:13:08,658 [INFO] [rank=0] [TRAIN] epoch=129/400 | batch=1/205 | sample_locali=1/205 | elapsed_epoch=1.8s
2026-07-05 21:14:55,594 [INFO] [rank=0] [TRAIN] epoch=129/400 | batch=64/205 | sample_locali=64/205 | elapsed_epoch=108.7s
2026-07-05 21:16:44,346 [INFO] [rank=0] [TRAIN] epoch=129/400 | batch=128/205 | sample_locali=128/205 | elapsed_epoch=217.5s
2026-07-05 21:18:33,382 [INFO] [rank=0] [TRAIN] epoch=129/400 | batch=192/205 | sample_locali=192/205 | elapsed_epoch=326.5s
2026-07-05 21:18:55,500 [INFO] [rank=0] [TRAIN] epoch=129/400 | batch=205/205 | sample_locali=205/205 | elapsed_epoch=348.6s
2026-07-05 21:18:57,241 [INFO] [rank=0] [TRAIN] epoch=130/400 | batch=1/205 | sample_locali=1/205 | elapsed_epoch=1.7s
2026-07-05 21:20:44,280 [INFO] [rank=0] [TRAIN] epoch=130/400 | batch=64/205 | sample_locali=64/205 | elapsed_epoch=108.8s
2026-07-05 21:22:33,409 [INFO] [rank=0] [TRAIN] epoch=130/400 | batch=128/205 | sample_locali=128/205 | elapsed_epoch=217.9s
2026-07-05 21:24:25,158 [INFO] [rank=0] [TRAIN] epoch=130/400 | batch=192/205 | sample_locali=192/205 | elapsed_epoch=329.7s
2026-07-05 21:24:47,783 [INFO] [rank=0] [TRAIN] epoch=130/400 | batch=205/205 | sample_locali=205/205 | elapsed_epoch=352.3s
2026-07-05 21:24:47,791 [INFO] [rank=0] [TRAIN] Epoch 0130/0400 | opt_loss=5.89397871 | grad_norm=16.258005
2026-07-05 21:24:49,582 [INFO] [rank=0] [TRAIN] epoch=131/400 | batch=1/205 | sample_locali=1/205 | elapsed_epoch=1.8s
2026-07-05 21:26:37,986 [INFO] [rank=0] [TRAIN] epoch=131/400 | batch=64/205 | sample_locali=64/205 | elapsed_epoch=110.2s
2026-07-05 21:28:27,179 [INFO] [rank=0] [TRAIN] epoch=131/400 | batch=128/205 | sample_locali=128/205 | elapsed_epoch=219.4s
2026-07-05 21:30:16,567 [INFO] [rank=0] [TRAIN] epoch=131/400 | batch=192/205 | sample_locali=192/205 | elapsed_epoch=328.8s
2026-07-05 21:30:38,755 [INFO] [rank=0] [TRAIN] epoch=131/400 | batch=205/205 | sample_locali=205/205 | elapsed_epoch=351.0s
2026-07-05 21:30:40,517 [INFO] [rank=0] [TRAIN] epoch=132/400 | batch=1/205 | sample_locali=1/205 | elapsed_epoch=1.8s
2026-07-05 21:32:27,991 [INFO] [rank=0] [TRAIN] epoch=132/400 | batch=64/205 | sample_locali=64/205 | elapsed_epoch=109.2s
2026-07-05 21:34:17,260 [INFO] [rank=0] [TRAIN] epoch=132/400 | batch=128/205 | sample_locali=128/205 | elapsed_epoch=218.5s
2026-07-05 21:36:06,508 [INFO] [rank=0] [TRAIN] epoch=132/400 | batch=192/205 | sample_locali=192/205 | elapsed_epoch=327.7s
2026-07-05 21:36:28,658 [INFO] [rank=0] [TRAIN] epoch=132/400 | batch=205/205 | sample_locali=205/205 | elapsed_epoch=349.9s
2026-07-05 21:36:30,444 [INFO] [rank=0] [TRAIN] epoch=133/400 | batch=1/205 | sample_locali=1/205 | elapsed_epoch=1.8s
2026-07-05 21:38:18,072 [INFO] [rank=0] [TRAIN] epoch=133/400 | batch=64/205 | sample_locali=64/205 | elapsed_epoch=109.4s
2026-07-05 21:40:07,286 [INFO] [rank=0] [TRAIN] epoch=133/400 | batch=128/205 | sample_locali=128/205 | elapsed_epoch=218.6s
2026-07-05 21:41:56,569 [INFO] [rank=0] [TRAIN] epoch=133/400 | batch=192/205 | sample_locali=192/205 | elapsed_epoch=327.9s
2026-07-05 21:42:18,762 [INFO] [rank=0] [TRAIN] epoch=133/400 | batch=205/205 | sample_locali=205/205 | elapsed_epoch=350.1s
2026-07-05 21:42:20,570 [INFO] [rank=0] [TRAIN] epoch=134/400 | batch=1/205 | sample_locali=1/205 | elapsed_epoch=1.8s
2026-07-05 21:44:08,312 [INFO] [rank=0] [TRAIN] epoch=134/400 | batch=64/205 | sample_locali=64/205 | elapsed_epoch=109.5s
2026-07-05 21:45:57,742 [INFO] [rank=0] [TRAIN] epoch=134/400 | batch=128/205 | sample_locali=128/205 | elapsed_epoch=219.0s
2026-07-05 21:47:46,867 [INFO] [rank=0] [TRAIN] epoch=134/400 | batch=192/205 | sample_locali=192/205 | elapsed_epoch=328.1s
2026-07-05 21:48:09,133 [INFO] [rank=0] [TRAIN] epoch=134/400 | batch=205/205 | sample_locali=205/205 | elapsed_epoch=350.4s
2026-07-05 21:48:10,880 [INFO] [rank=0] [TRAIN] epoch=135/400 | batch=1/205 | sample_locali=1/205 | elapsed_epoch=1.7s
2026-07-05 21:49:58,222 [INFO] [rank=0] [TRAIN] epoch=135/400 | batch=64/205 | sample_locali=64/205 | elapsed_epoch=109.1s
2026-07-05 21:51:47,329 [INFO] [rank=0] [TRAIN] epoch=135/400 | batch=128/205 | sample_locali=128/205 | elapsed_epoch=218.2s
2026-07-05 21:53:36,860 [INFO] [rank=0] [TRAIN] epoch=135/400 | batch=192/205 | sample_locali=192/205 | elapsed_epoch=327.7s
2026-07-05 21:53:59,072 [INFO] [rank=0] [TRAIN] epoch=135/400 | batch=205/205 | sample_locali=205/205 | elapsed_epoch=349.9s
2026-07-05 21:54:00,864 [INFO] [rank=0] [TRAIN] epoch=136/400 | batch=1/205 | sample_locali=1/205 | elapsed_epoch=1.8s
2026-07-05 21:55:48,861 [INFO] [rank=0] [TRAIN] epoch=136/400 | batch=64/205 | sample_locali=64/205 | elapsed_epoch=109.8s
2026-07-05 21:57:38,036 [INFO] [rank=0] [TRAIN] epoch=136/400 | batch=128/205 | sample_locali=128/205 | elapsed_epoch=219.0s
2026-07-05 21:59:27,186 [INFO] [rank=0] [TRAIN] epoch=136/400 | batch=192/205 | sample_locali=192/205 | elapsed_epoch=328.1s
2026-07-05 21:59:49,273 [INFO] [rank=0] [TRAIN] epoch=136/400 | batch=205/205 | sample_locali=205/205 | elapsed_epoch=350.2s
2026-07-05 21:59:51,129 [INFO] [rank=0] [TRAIN] epoch=137/400 | batch=1/205 | sample_locali=1/205 | elapsed_epoch=1.8s
2026-07-05 22:01:38,564 [INFO] [rank=0] [TRAIN] epoch=137/400 | batch=64/205 | sample_locali=64/205 | elapsed_epoch=109.3s
2026-07-05 22:03:27,724 [INFO] [rank=0] [TRAIN] epoch=137/400 | batch=128/205 | sample_locali=128/205 | elapsed_epoch=218.4s
2026-07-05 22:05:17,042 [INFO] [rank=0] [TRAIN] epoch=137/400 | batch=192/205 | sample_locali=192/205 | elapsed_epoch=327.8s
2026-07-05 22:05:39,254 [INFO] [rank=0] [TRAIN] epoch=137/400 | batch=205/205 | sample_locali=205/205 | elapsed_epoch=350.0s
2026-07-05 22:05:41,064 [INFO] [rank=0] [TRAIN] epoch=138/400 | batch=1/205 | sample_locali=1/205 | elapsed_epoch=1.8s
2026-07-05 22:07:28,521 [INFO] [rank=0] [TRAIN] epoch=138/400 | batch=64/205 | sample_locali=64/205 | elapsed_epoch=109.3s
2026-07-05 22:09:17,890 [INFO] [rank=0] [TRAIN] epoch=138/400 | batch=128/205 | sample_locali=128/205 | elapsed_epoch=218.6s
2026-07-05 22:11:07,382 [INFO] [rank=0] [TRAIN] epoch=138/400 | batch=192/205 | sample_locali=192/205 | elapsed_epoch=328.1s
2026-07-05 22:11:29,638 [INFO] [rank=0] [TRAIN] epoch=138/400 | batch=205/205 | sample_locali=205/205 | elapsed_epoch=350.4s
2026-07-05 22:11:31,405 [INFO] [rank=0] [TRAIN] epoch=139/400 | batch=1/205 | sample_locali=1/205 | elapsed_epoch=1.8s
2026-07-05 22:13:19,056 [INFO] [rank=0] [TRAIN] epoch=139/400 | batch=64/205 | sample_locali=64/205 | elapsed_epoch=109.4s
2026-07-05 22:15:08,790 [INFO] [rank=0] [TRAIN] epoch=139/400 | batch=128/205 | sample_locali=128/205 | elapsed_epoch=219.1s
2026-07-05 22:16:57,828 [INFO] [rank=0] [TRAIN] epoch=139/400 | batch=192/205 | sample_locali=192/205 | elapsed_epoch=328.2s
2026-07-05 22:17:19,996 [INFO] [rank=0] [TRAIN] epoch=139/400 | batch=205/205 | sample_locali=205/205 | elapsed_epoch=350.4s
2026-07-05 22:17:21,769 [INFO] [rank=0] [TRAIN] epoch=140/400 | batch=1/205 | sample_locali=1/205 | elapsed_epoch=1.8s
2026-07-05 22:19:09,429 [INFO] [rank=0] [TRAIN] epoch=140/400 | batch=64/205 | sample_locali=64/205 | elapsed_epoch=109.4s
2026-07-05 22:20:58,585 [INFO] [rank=0] [TRAIN] epoch=140/400 | batch=128/205 | sample_locali=128/205 | elapsed_epoch=218.6s
2026-07-05 22:22:48,021 [INFO] [rank=0] [TRAIN] epoch=140/400 | batch=192/205 | sample_locali=192/205 | elapsed_epoch=328.0s
2026-07-05 22:23:10,271 [INFO] [rank=0] [TRAIN] epoch=140/400 | batch=205/205 | sample_locali=205/205 | elapsed_epoch=350.3s
2026-07-05 22:23:10,278 [INFO] [rank=0] [TRAIN] Epoch 0140/0400 | opt_loss=5.78121989 | grad_norm=14.664470
2026-07-05 22:23:12,029 [INFO] [rank=0] [TRAIN] epoch=141/400 | batch=1/205 | sample_locali=1/205 | elapsed_epoch=1.7s
2026-07-05 22:24:59,569 [INFO] [rank=0] [TRAIN] epoch=141/400 | batch=64/205 | sample_locali=64/205 | elapsed_epoch=109.3s
2026-07-05 22:26:48,521 [INFO] [rank=0] [TRAIN] epoch=141/400 | batch=128/205 | sample_locali=128/205 | elapsed_epoch=218.2s
2026-07-05 22:28:37,625 [INFO] [rank=0] [TRAIN] epoch=141/400 | batch=192/205 | sample_locali=192/205 | elapsed_epoch=327.3s
2026-07-05 22:28:59,815 [INFO] [rank=0] [TRAIN] epoch=141/400 | batch=205/205 | sample_locali=205/205 | elapsed_epoch=349.5s
2026-07-05 22:29:01,606 [INFO] [rank=0] [TRAIN] epoch=142/400 | batch=1/205 | sample_locali=1/205 | elapsed_epoch=1.8s
2026-07-05 22:30:49,136 [INFO] [rank=0] [TRAIN] epoch=142/400 | batch=64/205 | sample_locali=64/205 | elapsed_epoch=109.3s
2026-07-05 22:32:38,320 [INFO] [rank=0] [TRAIN] epoch=142/400 | batch=128/205 | sample_locali=128/205 | elapsed_epoch=218.5s
2026-07-05 22:34:27,547 [INFO] [rank=0] [TRAIN] epoch=142/400 | batch=192/205 | sample_locali=192/205 | elapsed_epoch=327.7s
2026-07-05 22:34:49,575 [INFO] [rank=0] [TRAIN] epoch=142/400 | batch=205/205 | sample_locali=205/205 | elapsed_epoch=349.8s
2026-07-05 22:34:51,348 [INFO] [rank=0] [TRAIN] epoch=143/400 | batch=1/205 | sample_locali=1/205 | elapsed_epoch=1.8s
2026-07-05 22:36:38,972 [INFO] [rank=0] [TRAIN] epoch=143/400 | batch=64/205 | sample_locali=64/205 | elapsed_epoch=109.4s
2026-07-05 22:38:28,146 [INFO] [rank=0] [TRAIN] epoch=143/400 | batch=128/205 | sample_locali=128/205 | elapsed_epoch=218.6s
2026-07-05 22:40:17,296 [INFO] [rank=0] [TRAIN] epoch=143/400 | batch=192/205 | sample_locali=192/205 | elapsed_epoch=327.7s
2026-07-05 22:40:39,344 [INFO] [rank=0] [TRAIN] epoch=143/400 | batch=205/205 | sample_locali=205/205 | elapsed_epoch=349.8s
2026-07-05 22:40:41,182 [INFO] [rank=0] [TRAIN] epoch=144/400 | batch=1/205 | sample_locali=1/205 | elapsed_epoch=1.8s
2026-07-05 22:42:28,666 [INFO] [rank=0] [TRAIN] epoch=144/400 | batch=64/205 | sample_locali=64/205 | elapsed_epoch=109.3s
2026-07-05 22:44:17,696 [INFO] [rank=0] [TRAIN] epoch=144/400 | batch=128/205 | sample_locali=128/205 | elapsed_epoch=218.3s
2026-07-05 22:46:06,903 [INFO] [rank=0] [TRAIN] epoch=144/400 | batch=192/205 | sample_locali=192/205 | elapsed_epoch=327.6s
2026-07-05 22:46:29,076 [INFO] [rank=0] [TRAIN] epoch=144/400 | batch=205/205 | sample_locali=205/205 | elapsed_epoch=349.7s
2026-07-05 22:46:30,838 [INFO] [rank=0] [TRAIN] epoch=145/400 | batch=1/205 | sample_locali=1/205 | elapsed_epoch=1.8s
2026-07-05 22:48:18,317 [INFO] [rank=0] [TRAIN] epoch=145/400 | batch=64/205 | sample_locali=64/205 | elapsed_epoch=109.2s
2026-07-05 22:50:07,373 [INFO] [rank=0] [TRAIN] epoch=145/400 | batch=128/205 | sample_locali=128/205 | elapsed_epoch=218.3s
2026-07-05 22:51:56,319 [INFO] [rank=0] [TRAIN] epoch=145/400 | batch=192/205 | sample_locali=192/205 | elapsed_epoch=327.2s
2026-07-05 22:52:18,667 [INFO] [rank=0] [TRAIN] epoch=145/400 | batch=205/205 | sample_locali=205/205 | elapsed_epoch=349.6s
2026-07-05 22:52:20,410 [INFO] [rank=0] [TRAIN] epoch=146/400 | batch=1/205 | sample_locali=1/205 | elapsed_epoch=1.7s
2026-07-05 22:54:07,791 [INFO] [rank=0] [TRAIN] epoch=146/400 | batch=64/205 | sample_locali=64/205 | elapsed_epoch=109.1s
2026-07-05 22:55:56,965 [INFO] [rank=0] [TRAIN] epoch=146/400 | batch=128/205 | sample_locali=128/205 | elapsed_epoch=218.3s
2026-07-05 22:57:46,474 [INFO] [rank=0] [TRAIN] epoch=146/400 | batch=192/205 | sample_locali=192/205 | elapsed_epoch=327.8s
2026-07-05 22:58:08,766 [INFO] [rank=0] [TRAIN] epoch=146/400 | batch=205/205 | sample_locali=205/205 | elapsed_epoch=350.1s
2026-07-05 22:58:10,527 [INFO] [rank=0] [TRAIN] epoch=147/400 | batch=1/205 | sample_locali=1/205 | elapsed_epoch=1.8s
2026-07-05 22:59:58,384 [INFO] [rank=0] [TRAIN] epoch=147/400 | batch=64/205 | sample_locali=64/205 | elapsed_epoch=109.6s
2026-07-05 23:01:47,584 [INFO] [rank=0] [TRAIN] epoch=147/400 | batch=128/205 | sample_locali=128/205 | elapsed_epoch=218.8s
2026-07-05 23:03:36,438 [INFO] [rank=0] [TRAIN] epoch=147/400 | batch=192/205 | sample_locali=192/205 | elapsed_epoch=327.7s
2026-07-05 23:03:58,588 [INFO] [rank=0] [TRAIN] epoch=147/400 | batch=205/205 | sample_locali=205/205 | elapsed_epoch=349.8s
2026-07-05 23:04:00,376 [INFO] [rank=0] [TRAIN] epoch=148/400 | batch=1/205 | sample_locali=1/205 | elapsed_epoch=1.8s
2026-07-05 23:05:47,796 [INFO] [rank=0] [TRAIN] epoch=148/400 | batch=64/205 | sample_locali=64/205 | elapsed_epoch=109.2s
2026-07-05 23:07:36,776 [INFO] [rank=0] [TRAIN] epoch=148/400 | batch=128/205 | sample_locali=128/205 | elapsed_epoch=218.2s
2026-07-05 23:09:25,807 [INFO] [rank=0] [TRAIN] epoch=148/400 | batch=192/205 | sample_locali=192/205 | elapsed_epoch=327.2s
2026-07-05 23:09:48,001 [INFO] [rank=0] [TRAIN] epoch=148/400 | batch=205/205 | sample_locali=205/205 | elapsed_epoch=349.4s
2026-07-05 23:09:49,756 [INFO] [rank=0] [TRAIN] epoch=149/400 | batch=1/205 | sample_locali=1/205 | elapsed_epoch=1.7s
2026-07-05 23:11:37,127 [INFO] [rank=0] [TRAIN] epoch=149/400 | batch=64/205 | sample_locali=64/205 | elapsed_epoch=109.1s
2026-07-05 23:13:26,256 [INFO] [rank=0] [TRAIN] epoch=149/400 | batch=128/205 | sample_locali=128/205 | elapsed_epoch=218.2s
2026-07-05 23:15:15,247 [INFO] [rank=0] [TRAIN] epoch=149/400 | batch=192/205 | sample_locali=192/205 | elapsed_epoch=327.2s
2026-07-05 23:15:37,379 [INFO] [rank=0] [TRAIN] epoch=149/400 | batch=205/205 | sample_locali=205/205 | elapsed_epoch=349.4s
2026-07-05 23:15:39,202 [INFO] [rank=0] [TRAIN] epoch=150/400 | batch=1/205 | sample_locali=1/205 | elapsed_epoch=1.8s
2026-07-05 23:17:26,551 [INFO] [rank=0] [TRAIN] epoch=150/400 | batch=64/205 | sample_locali=64/205 | elapsed_epoch=109.2s
2026-07-05 23:19:15,724 [INFO] [rank=0] [TRAIN] epoch=150/400 | batch=128/205 | sample_locali=128/205 | elapsed_epoch=218.3s
2026-07-05 23:21:04,671 [INFO] [rank=0] [TRAIN] epoch=150/400 | batch=192/205 | sample_locali=192/205 | elapsed_epoch=327.3s
2026-07-05 23:21:28,734 [INFO] [rank=0] [TRAIN] epoch=150/400 | batch=205/205 | sample_locali=205/205 | elapsed_epoch=351.3s
2026-07-05 23:22:49,116 [INFO] [rank=0] [TRAIN] Epoch 0150/0400 | opt_loss=5.68335417 | grad_norm=13.597249 | train_loss=5.67428605 | train_ppl=276.37199648 | test_loss=5.64408447 | test_ppl=268.47703506
2026-07-05 23:22:50,802 [INFO] [rank=0] [TRAIN] epoch=151/400 | batch=1/205 | sample_locali=1/205 | elapsed_epoch=1.7s
2026-07-05 23:24:38,188 [INFO] [rank=0] [TRAIN] epoch=151/400 | batch=64/205 | sample_locali=64/205 | elapsed_epoch=109.1s
2026-07-05 23:26:27,293 [INFO] [rank=0] [TRAIN] epoch=151/400 | batch=128/205 | sample_locali=128/205 | elapsed_epoch=218.2s
2026-07-05 23:28:16,133 [INFO] [rank=0] [TRAIN] epoch=151/400 | batch=192/205 | sample_locali=192/205 | elapsed_epoch=327.0s
2026-07-05 23:28:38,168 [INFO] [rank=0] [TRAIN] epoch=151/400 | batch=205/205 | sample_locali=205/205 | elapsed_epoch=349.1s
2026-07-05 23:28:40,027 [INFO] [rank=0] [TRAIN] epoch=152/400 | batch=1/205 | sample_locali=1/205 | elapsed_epoch=1.9s
2026-07-05 23:30:26,797 [INFO] [rank=0] [TRAIN] epoch=152/400 | batch=64/205 | sample_locali=64/205 | elapsed_epoch=108.6s
2026-07-05 23:32:15,258 [INFO] [rank=0] [TRAIN] epoch=152/400 | batch=128/205 | sample_locali=128/205 | elapsed_epoch=217.1s
2026-07-05 23:34:03,966 [INFO] [rank=0] [TRAIN] epoch=152/400 | batch=192/205 | sample_locali=192/205 | elapsed_epoch=325.8s
2026-07-05 23:34:26,025 [INFO] [rank=0] [TRAIN] epoch=152/400 | batch=205/205 | sample_locali=205/205 | elapsed_epoch=347.8s
2026-07-05 23:34:27,888 [INFO] [rank=0] [TRAIN] epoch=153/400 | batch=1/205 | sample_locali=1/205 | elapsed_epoch=1.9s
2026-07-05 23:36:14,698 [INFO] [rank=0] [TRAIN] epoch=153/400 | batch=64/205 | sample_locali=64/205 | elapsed_epoch=108.7s
2026-07-05 23:38:03,628 [INFO] [rank=0] [TRAIN] epoch=153/400 | batch=128/205 | sample_locali=128/205 | elapsed_epoch=217.6s
2026-07-05 23:39:52,276 [INFO] [rank=0] [TRAIN] epoch=153/400 | batch=192/205 | sample_locali=192/205 | elapsed_epoch=326.2s
2026-07-05 23:40:14,456 [INFO] [rank=0] [TRAIN] epoch=153/400 | batch=205/205 | sample_locali=205/205 | elapsed_epoch=348.4s
2026-07-05 23:40:16,234 [INFO] [rank=0] [TRAIN] epoch=154/400 | batch=1/205 | sample_locali=1/205 | elapsed_epoch=1.8s
2026-07-05 23:42:03,813 [INFO] [rank=0] [TRAIN] epoch=154/400 | batch=64/205 | sample_locali=64/205 | elapsed_epoch=109.3s
2026-07-05 23:43:53,181 [INFO] [rank=0] [TRAIN] epoch=154/400 | batch=128/205 | sample_locali=128/205 | elapsed_epoch=218.7s
2026-07-05 23:45:42,381 [INFO] [rank=0] [TRAIN] epoch=154/400 | batch=192/205 | sample_locali=192/205 | elapsed_epoch=327.9s
2026-07-05 23:46:04,480 [INFO] [rank=0] [TRAIN] epoch=154/400 | batch=205/205 | sample_locali=205/205 | elapsed_epoch=350.0s
2026-07-05 23:46:06,306 [INFO] [rank=0] [TRAIN] epoch=155/400 | batch=1/205 | sample_locali=1/205 | elapsed_epoch=1.8s
2026-07-05 23:47:53,540 [INFO] [rank=0] [TRAIN] epoch=155/400 | batch=64/205 | sample_locali=64/205 | elapsed_epoch=109.1s
2026-07-05 23:49:42,580 [INFO] [rank=0] [TRAIN] epoch=155/400 | batch=128/205 | sample_locali=128/205 | elapsed_epoch=218.1s
2026-07-05 23:51:31,314 [INFO] [rank=0] [TRAIN] epoch=155/400 | batch=192/205 | sample_locali=192/205 | elapsed_epoch=326.8s
2026-07-05 23:51:53,557 [INFO] [rank=0] [TRAIN] epoch=155/400 | batch=205/205 | sample_locali=205/205 | elapsed_epoch=349.1s
2026-07-05 23:51:55,322 [INFO] [rank=0] [TRAIN] epoch=156/400 | batch=1/205 | sample_locali=1/205 | elapsed_epoch=1.8s
2026-07-05 23:53:42,719 [INFO] [rank=0] [TRAIN] epoch=156/400 | batch=64/205 | sample_locali=64/205 | elapsed_epoch=109.2s
2026-07-05 23:55:31,685 [INFO] [rank=0] [TRAIN] epoch=156/400 | batch=128/205 | sample_locali=128/205 | elapsed_epoch=218.1s
2026-07-05 23:57:20,584 [INFO] [rank=0] [TRAIN] epoch=156/400 | batch=192/205 | sample_locali=192/205 | elapsed_epoch=327.0s
2026-07-05 23:57:42,732 [INFO] [rank=0] [TRAIN] epoch=156/400 | batch=205/205 | sample_locali=205/205 | elapsed_epoch=349.2s
2026-07-05 23:57:44,574 [INFO] [rank=0] [TRAIN] epoch=157/400 | batch=1/205 | sample_locali=1/205 | elapsed_epoch=1.8s
2026-07-05 23:59:31,485 [INFO] [rank=0] [TRAIN] epoch=157/400 | batch=64/205 | sample_locali=64/205 | elapsed_epoch=108.7s
2026-07-06 00:01:20,613 [INFO] [rank=0] [TRAIN] epoch=157/400 | batch=128/205 | sample_locali=128/205 | elapsed_epoch=217.9s
2026-07-06 00:03:09,639 [INFO] [rank=0] [TRAIN] epoch=157/400 | batch=192/205 | sample_locali=192/205 | elapsed_epoch=326.9s
2026-07-06 00:03:31,905 [INFO] [rank=0] [TRAIN] epoch=157/400 | batch=205/205 | sample_locali=205/205 | elapsed_epoch=349.2s
2026-07-06 00:03:33,672 [INFO] [rank=0] [TRAIN] epoch=158/400 | batch=1/205 | sample_locali=1/205 | elapsed_epoch=1.8s
2026-07-06 00:05:20,778 [INFO] [rank=0] [TRAIN] epoch=158/400 | batch=64/205 | sample_locali=64/205 | elapsed_epoch=108.9s
2026-07-06 00:07:10,006 [INFO] [rank=0] [TRAIN] epoch=158/400 | batch=128/205 | sample_locali=128/205 | elapsed_epoch=218.1s
2026-07-06 00:08:59,267 [INFO] [rank=0] [TRAIN] epoch=158/400 | batch=192/205 | sample_locali=192/205 | elapsed_epoch=327.4s
2026-07-06 00:09:21,455 [INFO] [rank=0] [TRAIN] epoch=158/400 | batch=205/205 | sample_locali=205/205 | elapsed_epoch=349.5s
2026-07-06 00:09:23,294 [INFO] [rank=0] [TRAIN] epoch=159/400 | batch=1/205 | sample_locali=1/205 | elapsed_epoch=1.8s
2026-07-06 00:11:10,840 [INFO] [rank=0] [TRAIN] epoch=159/400 | batch=64/205 | sample_locali=64/205 | elapsed_epoch=109.4s
2026-07-06 00:12:59,786 [INFO] [rank=0] [TRAIN] epoch=159/400 | batch=128/205 | sample_locali=128/205 | elapsed_epoch=218.3s
2026-07-06 00:14:48,639 [INFO] [rank=0] [TRAIN] epoch=159/400 | batch=192/205 | sample_locali=192/205 | elapsed_epoch=327.2s
2026-07-06 00:15:10,708 [INFO] [rank=0] [TRAIN] epoch=159/400 | batch=205/205 | sample_locali=205/205 | elapsed_epoch=349.2s
2026-07-06 00:15:12,478 [INFO] [rank=0] [TRAIN] epoch=160/400 | batch=1/205 | sample_locali=1/205 | elapsed_epoch=1.8s
2026-07-06 00:16:59,464 [INFO] [rank=0] [TRAIN] epoch=160/400 | batch=64/205 | sample_locali=64/205 | elapsed_epoch=108.7s
2026-07-06 00:18:48,257 [INFO] [rank=0] [TRAIN] epoch=160/400 | batch=128/205 | sample_locali=128/205 | elapsed_epoch=217.5s
2026-07-06 00:20:37,103 [INFO] [rank=0] [TRAIN] epoch=160/400 | batch=192/205 | sample_locali=192/205 | elapsed_epoch=326.4s
2026-07-06 00:20:59,178 [INFO] [rank=0] [TRAIN] epoch=160/400 | batch=205/205 | sample_locali=205/205 | elapsed_epoch=348.5s
2026-07-06 00:20:59,185 [INFO] [rank=0] [TRAIN] Epoch 0160/0400 | opt_loss=5.59742335 | grad_norm=12.929625
2026-07-06 00:21:00,947 [INFO] [rank=0] [TRAIN] epoch=161/400 | batch=1/205 | sample_locali=1/205 | elapsed_epoch=1.8s
2026-07-06 00:22:48,259 [INFO] [rank=0] [TRAIN] epoch=161/400 | batch=64/205 | sample_locali=64/205 | elapsed_epoch=109.1s
2026-07-06 00:24:37,218 [INFO] [rank=0] [TRAIN] epoch=161/400 | batch=128/205 | sample_locali=128/205 | elapsed_epoch=218.0s
2026-07-06 00:26:26,102 [INFO] [rank=0] [TRAIN] epoch=161/400 | batch=192/205 | sample_locali=192/205 | elapsed_epoch=326.9s
2026-07-06 00:26:48,270 [INFO] [rank=0] [TRAIN] epoch=161/400 | batch=205/205 | sample_locali=205/205 | elapsed_epoch=349.1s
2026-07-06 00:26:50,018 [INFO] [rank=0] [TRAIN] epoch=162/400 | batch=1/205 | sample_locali=1/205 | elapsed_epoch=1.7s
2026-07-06 00:28:37,515 [INFO] [rank=0] [TRAIN] epoch=162/400 | batch=64/205 | sample_locali=64/205 | elapsed_epoch=109.2s
2026-07-06 00:30:26,435 [INFO] [rank=0] [TRAIN] epoch=162/400 | batch=128/205 | sample_locali=128/205 | elapsed_epoch=218.2s
2026-07-06 00:32:15,195 [INFO] [rank=0] [TRAIN] epoch=162/400 | batch=192/205 | sample_locali=192/205 | elapsed_epoch=326.9s
2026-07-06 00:32:37,369 [INFO] [rank=0] [TRAIN] epoch=162/400 | batch=205/205 | sample_locali=205/205 | elapsed_epoch=349.1s
2026-07-06 00:32:39,129 [INFO] [rank=0] [TRAIN] epoch=163/400 | batch=1/205 | sample_locali=1/205 | elapsed_epoch=1.8s
2026-07-06 00:34:26,799 [INFO] [rank=0] [TRAIN] epoch=163/400 | batch=64/205 | sample_locali=64/205 | elapsed_epoch=109.4s
2026-07-06 00:36:15,503 [INFO] [rank=0] [TRAIN] epoch=163/400 | batch=128/205 | sample_locali=128/205 | elapsed_epoch=218.1s
2026-07-06 00:38:04,910 [INFO] [rank=0] [TRAIN] epoch=163/400 | batch=192/205 | sample_locali=192/205 | elapsed_epoch=327.5s
2026-07-06 00:38:27,229 [INFO] [rank=0] [TRAIN] epoch=163/400 | batch=205/205 | sample_locali=205/205 | elapsed_epoch=349.9s
2026-07-06 00:38:29,034 [INFO] [rank=0] [TRAIN] epoch=164/400 | batch=1/205 | sample_locali=1/205 | elapsed_epoch=1.8s
2026-07-06 00:40:16,378 [INFO] [rank=0] [TRAIN] epoch=164/400 | batch=64/205 | sample_locali=64/205 | elapsed_epoch=109.1s
2026-07-06 00:42:04,996 [INFO] [rank=0] [TRAIN] epoch=164/400 | batch=128/205 | sample_locali=128/205 | elapsed_epoch=217.8s
2026-07-06 00:43:53,856 [INFO] [rank=0] [TRAIN] epoch=164/400 | batch=192/205 | sample_locali=192/205 | elapsed_epoch=326.6s
2026-07-06 00:44:15,936 [INFO] [rank=0] [TRAIN] epoch=164/400 | batch=205/205 | sample_locali=205/205 | elapsed_epoch=348.7s
2026-07-06 00:44:17,759 [INFO] [rank=0] [TRAIN] epoch=165/400 | batch=1/205 | sample_locali=1/205 | elapsed_epoch=1.8s
2026-07-06 00:46:04,871 [INFO] [rank=0] [TRAIN] epoch=165/400 | batch=64/205 | sample_locali=64/205 | elapsed_epoch=108.9s
2026-07-06 00:47:55,962 [INFO] [rank=0] [TRAIN] epoch=165/400 | batch=128/205 | sample_locali=128/205 | elapsed_epoch=220.0s
2026-07-06 00:49:45,563 [INFO] [rank=0] [TRAIN] epoch=165/400 | batch=192/205 | sample_locali=192/205 | elapsed_epoch=329.6s
2026-07-06 00:50:07,717 [INFO] [rank=0] [TRAIN] epoch=165/400 | batch=205/205 | sample_locali=205/205 | elapsed_epoch=351.8s
2026-07-06 00:50:09,499 [INFO] [rank=0] [TRAIN] epoch=166/400 | batch=1/205 | sample_locali=1/205 | elapsed_epoch=1.8s
2026-07-06 00:51:56,812 [INFO] [rank=0] [TRAIN] epoch=166/400 | batch=64/205 | sample_locali=64/205 | elapsed_epoch=109.1s
2026-07-06 00:53:45,758 [INFO] [rank=0] [TRAIN] epoch=166/400 | batch=128/205 | sample_locali=128/205 | elapsed_epoch=218.0s
2026-07-06 00:55:34,453 [INFO] [rank=0] [TRAIN] epoch=166/400 | batch=192/205 | sample_locali=192/205 | elapsed_epoch=326.7s
2026-07-06 00:55:56,520 [INFO] [rank=0] [TRAIN] epoch=166/400 | batch=205/205 | sample_locali=205/205 | elapsed_epoch=348.8s
2026-07-06 00:55:58,288 [INFO] [rank=0] [TRAIN] epoch=167/400 | batch=1/205 | sample_locali=1/205 | elapsed_epoch=1.8s
2026-07-06 00:57:45,321 [INFO] [rank=0] [TRAIN] epoch=167/400 | batch=64/205 | sample_locali=64/205 | elapsed_epoch=108.8s
2026-07-06 00:59:33,578 [INFO] [rank=0] [TRAIN] epoch=167/400 | batch=128/205 | sample_locali=128/205 | elapsed_epoch=217.1s
2026-07-06 01:01:21,642 [INFO] [rank=0] [TRAIN] epoch=167/400 | batch=192/205 | sample_locali=192/205 | elapsed_epoch=325.1s
2026-07-06 01:01:43,661 [INFO] [rank=0] [TRAIN] epoch=167/400 | batch=205/205 | sample_locali=205/205 | elapsed_epoch=347.1s
2026-07-06 01:01:45,388 [INFO] [rank=0] [TRAIN] epoch=168/400 | batch=1/205 | sample_locali=1/205 | elapsed_epoch=1.7s
2026-07-06 01:03:31,761 [INFO] [rank=0] [TRAIN] epoch=168/400 | batch=64/205 | sample_locali=64/205 | elapsed_epoch=108.1s
2026-07-06 01:05:19,928 [INFO] [rank=0] [TRAIN] epoch=168/400 | batch=128/205 | sample_locali=128/205 | elapsed_epoch=216.3s
2026-07-06 01:07:07,976 [INFO] [rank=0] [TRAIN] epoch=168/400 | batch=192/205 | sample_locali=192/205 | elapsed_epoch=324.3s
2026-07-06 01:07:30,045 [INFO] [rank=0] [TRAIN] epoch=168/400 | batch=205/205 | sample_locali=205/205 | elapsed_epoch=346.4s
2026-07-06 01:07:31,786 [INFO] [rank=0] [TRAIN] epoch=169/400 | batch=1/205 | sample_locali=1/205 | elapsed_epoch=1.7s
2026-07-06 01:09:18,320 [INFO] [rank=0] [TRAIN] epoch=169/400 | batch=64/205 | sample_locali=64/205 | elapsed_epoch=108.3s
2026-07-06 01:11:07,078 [INFO] [rank=0] [TRAIN] epoch=169/400 | batch=128/205 | sample_locali=128/205 | elapsed_epoch=217.0s
2026-07-06 01:12:55,378 [INFO] [rank=0] [TRAIN] epoch=169/400 | batch=192/205 | sample_locali=192/205 | elapsed_epoch=325.3s
2026-07-06 01:13:17,442 [INFO] [rank=0] [TRAIN] epoch=169/400 | batch=205/205 | sample_locali=205/205 | elapsed_epoch=347.4s
2026-07-06 01:13:19,201 [INFO] [rank=0] [TRAIN] epoch=170/400 | batch=1/205 | sample_locali=1/205 | elapsed_epoch=1.8s
2026-07-06 01:15:05,924 [INFO] [rank=0] [TRAIN] epoch=170/400 | batch=64/205 | sample_locali=64/205 | elapsed_epoch=108.5s
2026-07-06 01:16:53,742 [INFO] [rank=0] [TRAIN] epoch=170/400 | batch=128/205 | sample_locali=128/205 | elapsed_epoch=216.3s
2026-07-06 01:18:41,705 [INFO] [rank=0] [TRAIN] epoch=170/400 | batch=192/205 | sample_locali=192/205 | elapsed_epoch=324.3s
2026-07-06 01:19:03,545 [INFO] [rank=0] [TRAIN] epoch=170/400 | batch=205/205 | sample_locali=205/205 | elapsed_epoch=346.1s
2026-07-06 01:19:03,552 [INFO] [rank=0] [TRAIN] Epoch 0170/0400 | opt_loss=5.52009630 | grad_norm=12.484800
2026-07-06 01:19:05,386 [INFO] [rank=0] [TRAIN] epoch=171/400 | batch=1/205 | sample_locali=1/205 | elapsed_epoch=1.8s
2026-07-06 01:20:51,749 [INFO] [rank=0] [TRAIN] epoch=171/400 | batch=64/205 | sample_locali=64/205 | elapsed_epoch=108.2s
2026-07-06 01:22:40,059 [INFO] [rank=0] [TRAIN] epoch=171/400 | batch=128/205 | sample_locali=128/205 | elapsed_epoch=216.5s
2026-07-06 01:24:28,329 [INFO] [rank=0] [TRAIN] epoch=171/400 | batch=192/205 | sample_locali=192/205 | elapsed_epoch=324.8s
2026-07-06 01:24:50,222 [INFO] [rank=0] [TRAIN] epoch=171/400 | batch=205/205 | sample_locali=205/205 | elapsed_epoch=346.7s
2026-07-06 01:24:52,012 [INFO] [rank=0] [TRAIN] epoch=172/400 | batch=1/205 | sample_locali=1/205 | elapsed_epoch=1.8s
2026-07-06 01:26:38,432 [INFO] [rank=0] [TRAIN] epoch=172/400 | batch=64/205 | sample_locali=64/205 | elapsed_epoch=108.2s
2026-07-06 01:28:26,560 [INFO] [rank=0] [TRAIN] epoch=172/400 | batch=128/205 | sample_locali=128/205 | elapsed_epoch=216.3s
2026-07-06 01:30:14,642 [INFO] [rank=0] [TRAIN] epoch=172/400 | batch=192/205 | sample_locali=192/205 | elapsed_epoch=324.4s
2026-07-06 01:30:36,602 [INFO] [rank=0] [TRAIN] epoch=172/400 | batch=205/205 | sample_locali=205/205 | elapsed_epoch=346.4s
2026-07-06 01:30:38,365 [INFO] [rank=0] [TRAIN] epoch=173/400 | batch=1/205 | sample_locali=1/205 | elapsed_epoch=1.8s
2026-07-06 01:32:24,527 [INFO] [rank=0] [TRAIN] epoch=173/400 | batch=64/205 | sample_locali=64/205 | elapsed_epoch=107.9s
2026-07-06 01:34:12,709 [INFO] [rank=0] [TRAIN] epoch=173/400 | batch=128/205 | sample_locali=128/205 | elapsed_epoch=216.1s
2026-07-06 01:36:00,828 [INFO] [rank=0] [TRAIN] epoch=173/400 | batch=192/205 | sample_locali=192/205 | elapsed_epoch=324.2s
2026-07-06 01:36:22,804 [INFO] [rank=0] [TRAIN] epoch=173/400 | batch=205/205 | sample_locali=205/205 | elapsed_epoch=346.2s
2026-07-06 01:36:24,581 [INFO] [rank=0] [TRAIN] epoch=174/400 | batch=1/205 | sample_locali=1/205 | elapsed_epoch=1.8s
2026-07-06 01:38:11,110 [INFO] [rank=0] [TRAIN] epoch=174/400 | batch=64/205 | sample_locali=64/205 | elapsed_epoch=108.3s
2026-07-06 01:39:59,359 [INFO] [rank=0] [TRAIN] epoch=174/400 | batch=128/205 | sample_locali=128/205 | elapsed_epoch=216.5s
2026-07-06 01:41:47,716 [INFO] [rank=0] [TRAIN] epoch=174/400 | batch=192/205 | sample_locali=192/205 | elapsed_epoch=324.9s
2026-07-06 01:42:09,809 [INFO] [rank=0] [TRAIN] epoch=174/400 | batch=205/205 | sample_locali=205/205 | elapsed_epoch=347.0s
2026-07-06 01:42:11,545 [INFO] [rank=0] [TRAIN] epoch=175/400 | batch=1/205 | sample_locali=1/205 | elapsed_epoch=1.7s
2026-07-06 01:43:58,356 [INFO] [rank=0] [TRAIN] epoch=175/400 | batch=64/205 | sample_locali=64/205 | elapsed_epoch=108.5s
2026-07-06 01:45:46,806 [INFO] [rank=0] [TRAIN] epoch=175/400 | batch=128/205 | sample_locali=128/205 | elapsed_epoch=217.0s
2026-07-06 01:47:34,780 [INFO] [rank=0] [TRAIN] epoch=175/400 | batch=192/205 | sample_locali=192/205 | elapsed_epoch=325.0s
2026-07-06 01:47:56,811 [INFO] [rank=0] [TRAIN] epoch=175/400 | batch=205/205 | sample_locali=205/205 | elapsed_epoch=347.0s
2026-07-06 01:49:14,202 [INFO] [rank=0] [TRAIN] epoch=176/400 | batch=1/205 | sample_locali=1/205 | elapsed_epoch=1.7s
2026-07-06 01:50:59,877 [INFO] [rank=0] [TRAIN] epoch=176/400 | batch=64/205 | sample_locali=64/205 | elapsed_epoch=107.3s
2026-07-06 01:52:47,079 [INFO] [rank=0] [TRAIN] epoch=176/400 | batch=128/205 | sample_locali=128/205 | elapsed_epoch=214.5s
2026-07-06 01:54:34,416 [INFO] [rank=0] [TRAIN] epoch=176/400 | batch=192/205 | sample_locali=192/205 | elapsed_epoch=321.9s
2026-07-06 01:54:56,224 [INFO] [rank=0] [TRAIN] epoch=176/400 | batch=205/205 | sample_locali=205/205 | elapsed_epoch=343.7s
2026-07-06 01:54:57,938 [INFO] [rank=0] [TRAIN] epoch=177/400 | batch=1/205 | sample_locali=1/205 | elapsed_epoch=1.7s
2026-07-06 01:56:43,582 [INFO] [rank=0] [TRAIN] epoch=177/400 | batch=64/205 | sample_locali=64/205 | elapsed_epoch=107.3s
2026-07-06 01:58:30,793 [INFO] [rank=0] [TRAIN] epoch=177/400 | batch=128/205 | sample_locali=128/205 | elapsed_epoch=214.6s
2026-07-06 02:00:18,335 [INFO] [rank=0] [TRAIN] epoch=177/400 | batch=192/205 | sample_locali=192/205 | elapsed_epoch=322.1s
2026-07-06 02:00:40,203 [INFO] [rank=0] [TRAIN] epoch=177/400 | batch=205/205 | sample_locali=205/205 | elapsed_epoch=344.0s
2026-07-06 02:00:41,927 [INFO] [rank=0] [TRAIN] epoch=178/400 | batch=1/205 | sample_locali=1/205 | elapsed_epoch=1.7s
2026-07-06 02:02:27,956 [INFO] [rank=0] [TRAIN] epoch=178/400 | batch=64/205 | sample_locali=64/205 | elapsed_epoch=107.7s
2026-07-06 02:04:15,428 [INFO] [rank=0] [TRAIN] epoch=178/400 | batch=128/205 | sample_locali=128/205 | elapsed_epoch=215.2s
2026-07-06 02:06:03,128 [INFO] [rank=0] [TRAIN] epoch=178/400 | batch=192/205 | sample_locali=192/205 | elapsed_epoch=322.9s
2026-07-06 02:06:24,945 [INFO] [rank=0] [TRAIN] epoch=178/400 | batch=205/205 | sample_locali=205/205 | elapsed_epoch=344.7s
2026-07-06 02:06:26,778 [INFO] [rank=0] [TRAIN] epoch=179/400 | batch=1/205 | sample_locali=1/205 | elapsed_epoch=1.8s
2026-07-06 02:08:13,016 [INFO] [rank=0] [TRAIN] epoch=179/400 | batch=64/205 | sample_locali=64/205 | elapsed_epoch=108.1s
2026-07-06 02:10:00,966 [INFO] [rank=0] [TRAIN] epoch=179/400 | batch=128/205 | sample_locali=128/205 | elapsed_epoch=216.0s
2026-07-06 02:11:48,689 [INFO] [rank=0] [TRAIN] epoch=179/400 | batch=192/205 | sample_locali=192/205 | elapsed_epoch=323.7s
2026-07-06 02:12:10,627 [INFO] [rank=0] [TRAIN] epoch=179/400 | batch=205/205 | sample_locali=205/205 | elapsed_epoch=345.7s
2026-07-06 02:12:12,379 [INFO] [rank=0] [TRAIN] epoch=180/400 | batch=1/205 | sample_locali=1/205 | elapsed_epoch=1.7s
2026-07-06 02:13:58,725 [INFO] [rank=0] [TRAIN] epoch=180/400 | batch=64/205 | sample_locali=64/205 | elapsed_epoch=108.1s
2026-07-06 02:15:46,471 [INFO] [rank=0] [TRAIN] epoch=180/400 | batch=128/205 | sample_locali=128/205 | elapsed_epoch=215.8s
2026-07-06 02:17:34,354 [INFO] [rank=0] [TRAIN] epoch=180/400 | batch=192/205 | sample_locali=192/205 | elapsed_epoch=323.7s
2026-07-06 02:17:56,306 [INFO] [rank=0] [TRAIN] epoch=180/400 | batch=205/205 | sample_locali=205/205 | elapsed_epoch=345.7s
2026-07-06 02:17:56,313 [INFO] [rank=0] [TRAIN] Epoch 0180/0400 | opt_loss=5.44901709 | grad_norm=12.153272
2026-07-06 02:17:58,095 [INFO] [rank=0] [TRAIN] epoch=181/400 | batch=1/205 | sample_locali=1/205 | elapsed_epoch=1.8s
2026-07-06 02:19:44,369 [INFO] [rank=0] [TRAIN] epoch=181/400 | batch=64/205 | sample_locali=64/205 | elapsed_epoch=108.1s
2026-07-06 02:21:32,721 [INFO] [rank=0] [TRAIN] epoch=181/400 | batch=128/205 | sample_locali=128/205 | elapsed_epoch=216.4s
2026-07-06 02:23:20,869 [INFO] [rank=0] [TRAIN] epoch=181/400 | batch=192/205 | sample_locali=192/205 | elapsed_epoch=324.6s
2026-07-06 02:23:42,867 [INFO] [rank=0] [TRAIN] epoch=181/400 | batch=205/205 | sample_locali=205/205 | elapsed_epoch=346.6s
2026-07-06 02:23:44,652 [INFO] [rank=0] [TRAIN] epoch=182/400 | batch=1/205 | sample_locali=1/205 | elapsed_epoch=1.8s
2026-07-06 02:25:31,208 [INFO] [rank=0] [TRAIN] epoch=182/400 | batch=64/205 | sample_locali=64/205 | elapsed_epoch=108.3s
2026-07-06 02:27:19,239 [INFO] [rank=0] [TRAIN] epoch=182/400 | batch=128/205 | sample_locali=128/205 | elapsed_epoch=216.4s
2026-07-06 02:29:07,423 [INFO] [rank=0] [TRAIN] epoch=182/400 | batch=192/205 | sample_locali=192/205 | elapsed_epoch=324.5s
2026-07-06 02:29:29,354 [INFO] [rank=0] [TRAIN] epoch=182/400 | batch=205/205 | sample_locali=205/205 | elapsed_epoch=346.5s
2026-07-06 02:29:31,163 [INFO] [rank=0] [TRAIN] epoch=183/400 | batch=1/205 | sample_locali=1/205 | elapsed_epoch=1.8s
2026-07-06 02:31:17,426 [INFO] [rank=0] [TRAIN] epoch=183/400 | batch=64/205 | sample_locali=64/205 | elapsed_epoch=108.1s
2026-07-06 02:33:05,493 [INFO] [rank=0] [TRAIN] epoch=183/400 | batch=128/205 | sample_locali=128/205 | elapsed_epoch=216.1s
2026-07-06 02:34:53,338 [INFO] [rank=0] [TRAIN] epoch=183/400 | batch=192/205 | sample_locali=192/205 | elapsed_epoch=324.0s
2026-07-06 02:35:15,285 [INFO] [rank=0] [TRAIN] epoch=183/400 | batch=205/205 | sample_locali=205/205 | elapsed_epoch=345.9s
2026-07-06 02:35:17,028 [INFO] [rank=0] [TRAIN] epoch=184/400 | batch=1/205 | sample_locali=1/205 | elapsed_epoch=1.7s
2026-07-06 02:37:03,325 [INFO] [rank=0] [TRAIN] epoch=184/400 | batch=64/205 | sample_locali=64/205 | elapsed_epoch=108.0s
2026-07-06 02:38:51,482 [INFO] [rank=0] [TRAIN] epoch=184/400 | batch=128/205 | sample_locali=128/205 | elapsed_epoch=216.2s
2026-07-06 02:40:39,494 [INFO] [rank=0] [TRAIN] epoch=184/400 | batch=192/205 | sample_locali=192/205 | elapsed_epoch=324.2s
2026-07-06 02:41:01,426 [INFO] [rank=0] [TRAIN] epoch=184/400 | batch=205/205 | sample_locali=205/205 | elapsed_epoch=346.1s
2026-07-06 02:41:03,164 [INFO] [rank=0] [TRAIN] epoch=185/400 | batch=1/205 | sample_locali=1/205 | elapsed_epoch=1.7s
2026-07-06 02:42:49,367 [INFO] [rank=0] [TRAIN] epoch=185/400 | batch=64/205 | sample_locali=64/205 | elapsed_epoch=107.9s
2026-07-06 02:44:37,249 [INFO] [rank=0] [TRAIN] epoch=185/400 | batch=128/205 | sample_locali=128/205 | elapsed_epoch=215.8s
2026-07-06 02:46:25,065 [INFO] [rank=0] [TRAIN] epoch=185/400 | batch=192/205 | sample_locali=192/205 | elapsed_epoch=323.6s
2026-07-06 02:46:46,933 [INFO] [rank=0] [TRAIN] epoch=185/400 | batch=205/205 | sample_locali=205/205 | elapsed_epoch=345.5s
2026-07-06 02:46:48,781 [INFO] [rank=0] [TRAIN] epoch=186/400 | batch=1/205 | sample_locali=1/205 | elapsed_epoch=1.8s
2026-07-06 02:48:34,929 [INFO] [rank=0] [TRAIN] epoch=186/400 | batch=64/205 | sample_locali=64/205 | elapsed_epoch=108.0s
2026-07-06 02:50:22,721 [INFO] [rank=0] [TRAIN] epoch=186/400 | batch=128/205 | sample_locali=128/205 | elapsed_epoch=215.8s
2026-07-06 02:52:10,676 [INFO] [rank=0] [TRAIN] epoch=186/400 | batch=192/205 | sample_locali=192/205 | elapsed_epoch=323.7s
2026-07-06 02:52:32,612 [INFO] [rank=0] [TRAIN] epoch=186/400 | batch=205/205 | sample_locali=205/205 | elapsed_epoch=345.7s
2026-07-06 02:52:34,343 [INFO] [rank=0] [TRAIN] epoch=187/400 | batch=1/205 | sample_locali=1/205 | elapsed_epoch=1.7s
2026-07-06 02:54:20,907 [INFO] [rank=0] [TRAIN] epoch=187/400 | batch=64/205 | sample_locali=64/205 | elapsed_epoch=108.3s
2026-07-06 02:56:08,660 [INFO] [rank=0] [TRAIN] epoch=187/400 | batch=128/205 | sample_locali=128/205 | elapsed_epoch=216.0s
2026-07-06 02:57:56,573 [INFO] [rank=0] [TRAIN] epoch=187/400 | batch=192/205 | sample_locali=192/205 | elapsed_epoch=324.0s
2026-07-06 02:58:18,614 [INFO] [rank=0] [TRAIN] epoch=187/400 | batch=205/205 | sample_locali=205/205 | elapsed_epoch=346.0s
2026-07-06 02:58:20,377 [INFO] [rank=0] [TRAIN] epoch=188/400 | batch=1/205 | sample_locali=1/205 | elapsed_epoch=1.8s
2026-07-06 03:00:06,646 [INFO] [rank=0] [TRAIN] epoch=188/400 | batch=64/205 | sample_locali=64/205 | elapsed_epoch=108.0s
2026-07-06 03:01:54,644 [INFO] [rank=0] [TRAIN] epoch=188/400 | batch=128/205 | sample_locali=128/205 | elapsed_epoch=216.0s
2026-07-06 03:03:42,595 [INFO] [rank=0] [TRAIN] epoch=188/400 | batch=192/205 | sample_locali=192/205 | elapsed_epoch=324.0s
2026-07-06 03:04:04,533 [INFO] [rank=0] [TRAIN] epoch=188/400 | batch=205/205 | sample_locali=205/205 | elapsed_epoch=345.9s
2026-07-06 03:04:06,294 [INFO] [rank=0] [TRAIN] epoch=189/400 | batch=1/205 | sample_locali=1/205 | elapsed_epoch=1.8s
2026-07-06 03:05:52,714 [INFO] [rank=0] [TRAIN] epoch=189/400 | batch=64/205 | sample_locali=64/205 | elapsed_epoch=108.2s
2026-07-06 03:07:40,803 [INFO] [rank=0] [TRAIN] epoch=189/400 | batch=128/205 | sample_locali=128/205 | elapsed_epoch=216.3s
2026-07-06 03:09:29,291 [INFO] [rank=0] [TRAIN] epoch=189/400 | batch=192/205 | sample_locali=192/205 | elapsed_epoch=324.7s
2026-07-06 03:09:51,289 [INFO] [rank=0] [TRAIN] epoch=189/400 | batch=205/205 | sample_locali=205/205 | elapsed_epoch=346.7s
2026-07-06 03:09:53,021 [INFO] [rank=0] [TRAIN] epoch=190/400 | batch=1/205 | sample_locali=1/205 | elapsed_epoch=1.7s
2026-07-06 03:11:39,345 [INFO] [rank=0] [TRAIN] epoch=190/400 | batch=64/205 | sample_locali=64/205 | elapsed_epoch=108.0s
2026-07-06 03:13:27,452 [INFO] [rank=0] [TRAIN] epoch=190/400 | batch=128/205 | sample_locali=128/205 | elapsed_epoch=216.2s
2026-07-06 03:15:15,627 [INFO] [rank=0] [TRAIN] epoch=190/400 | batch=192/205 | sample_locali=192/205 | elapsed_epoch=324.3s
2026-07-06 03:15:37,598 [INFO] [rank=0] [TRAIN] epoch=190/400 | batch=205/205 | sample_locali=205/205 | elapsed_epoch=346.3s
2026-07-06 03:15:37,605 [INFO] [rank=0] [TRAIN] Epoch 0190/0400 | opt_loss=5.38267716 | grad_norm=11.891533
2026-07-06 03:15:39,348 [INFO] [rank=0] [TRAIN] epoch=191/400 | batch=1/205 | sample_locali=1/205 | elapsed_epoch=1.7s
2026-07-06 03:17:25,763 [INFO] [rank=0] [TRAIN] epoch=191/400 | batch=64/205 | sample_locali=64/205 | elapsed_epoch=108.2s
2026-07-06 03:19:13,913 [INFO] [rank=0] [TRAIN] epoch=191/400 | batch=128/205 | sample_locali=128/205 | elapsed_epoch=216.3s
2026-07-06 03:21:02,118 [INFO] [rank=0] [TRAIN] epoch=191/400 | batch=192/205 | sample_locali=192/205 | elapsed_epoch=324.5s
2026-07-06 03:21:24,215 [INFO] [rank=0] [TRAIN] epoch=191/400 | batch=205/205 | sample_locali=205/205 | elapsed_epoch=346.6s
2026-07-06 03:21:26,047 [INFO] [rank=0] [TRAIN] epoch=192/400 | batch=1/205 | sample_locali=1/205 | elapsed_epoch=1.8s
2026-07-06 03:23:12,800 [INFO] [rank=0] [TRAIN] epoch=192/400 | batch=64/205 | sample_locali=64/205 | elapsed_epoch=108.6s
2026-07-06 03:25:01,259 [INFO] [rank=0] [TRAIN] epoch=192/400 | batch=128/205 | sample_locali=128/205 | elapsed_epoch=217.0s
2026-07-06 03:26:49,625 [INFO] [rank=0] [TRAIN] epoch=192/400 | batch=192/205 | sample_locali=192/205 | elapsed_epoch=325.4s
2026-07-06 03:27:11,597 [INFO] [rank=0] [TRAIN] epoch=192/400 | batch=205/205 | sample_locali=205/205 | elapsed_epoch=347.4s
2026-07-06 03:27:13,397 [INFO] [rank=0] [TRAIN] epoch=193/400 | batch=1/205 | sample_locali=1/205 | elapsed_epoch=1.8s
2026-07-06 03:29:00,247 [INFO] [rank=0] [TRAIN] epoch=193/400 | batch=64/205 | sample_locali=64/205 | elapsed_epoch=108.6s
2026-07-06 03:30:48,546 [INFO] [rank=0] [TRAIN] epoch=193/400 | batch=128/205 | sample_locali=128/205 | elapsed_epoch=216.9s
2026-07-06 03:32:36,885 [INFO] [rank=0] [TRAIN] epoch=193/400 | batch=192/205 | sample_locali=192/205 | elapsed_epoch=325.3s
2026-07-06 03:32:58,991 [INFO] [rank=0] [TRAIN] epoch=193/400 | batch=205/205 | sample_locali=205/205 | elapsed_epoch=347.4s
2026-07-06 03:33:00,744 [INFO] [rank=0] [TRAIN] epoch=194/400 | batch=1/205 | sample_locali=1/205 | elapsed_epoch=1.7s
2026-07-06 03:34:47,565 [INFO] [rank=0] [TRAIN] epoch=194/400 | batch=64/205 | sample_locali=64/205 | elapsed_epoch=108.6s
2026-07-06 03:36:35,992 [INFO] [rank=0] [TRAIN] epoch=194/400 | batch=128/205 | sample_locali=128/205 | elapsed_epoch=217.0s
2026-07-06 03:38:24,516 [INFO] [rank=0] [TRAIN] epoch=194/400 | batch=192/205 | sample_locali=192/205 | elapsed_epoch=325.5s
2026-07-06 03:38:46,715 [INFO] [rank=0] [TRAIN] epoch=194/400 | batch=205/205 | sample_locali=205/205 | elapsed_epoch=347.7s
2026-07-06 03:38:48,495 [INFO] [rank=0] [TRAIN] epoch=195/400 | batch=1/205 | sample_locali=1/205 | elapsed_epoch=1.8s
2026-07-06 03:40:35,429 [INFO] [rank=0] [TRAIN] epoch=195/400 | batch=64/205 | sample_locali=64/205 | elapsed_epoch=108.7s
2026-07-06 03:42:23,947 [INFO] [rank=0] [TRAIN] epoch=195/400 | batch=128/205 | sample_locali=128/205 | elapsed_epoch=217.2s
2026-07-06 03:44:12,328 [INFO] [rank=0] [TRAIN] epoch=195/400 | batch=192/205 | sample_locali=192/205 | elapsed_epoch=325.6s
2026-07-06 03:44:34,390 [INFO] [rank=0] [TRAIN] epoch=195/400 | batch=205/205 | sample_locali=205/205 | elapsed_epoch=347.7s
2026-07-06 03:44:36,151 [INFO] [rank=0] [TRAIN] epoch=196/400 | batch=1/205 | sample_locali=1/205 | elapsed_epoch=1.8s
2026-07-06 03:46:22,805 [INFO] [rank=0] [TRAIN] epoch=196/400 | batch=64/205 | sample_locali=64/205 | elapsed_epoch=108.4s
2026-07-06 03:48:11,133 [INFO] [rank=0] [TRAIN] epoch=196/400 | batch=128/205 | sample_locali=128/205 | elapsed_epoch=216.7s
2026-07-06 03:49:59,186 [INFO] [rank=0] [TRAIN] epoch=196/400 | batch=192/205 | sample_locali=192/205 | elapsed_epoch=324.8s
2026-07-06 03:50:21,209 [INFO] [rank=0] [TRAIN] epoch=196/400 | batch=205/205 | sample_locali=205/205 | elapsed_epoch=346.8s
2026-07-06 03:50:22,965 [INFO] [rank=0] [TRAIN] epoch=197/400 | batch=1/205 | sample_locali=1/205 | elapsed_epoch=1.7s
2026-07-06 03:52:09,705 [INFO] [rank=0] [TRAIN] epoch=197/400 | batch=64/205 | sample_locali=64/205 | elapsed_epoch=108.5s
2026-07-06 03:53:58,019 [INFO] [rank=0] [TRAIN] epoch=197/400 | batch=128/205 | sample_locali=128/205 | elapsed_epoch=216.8s
2026-07-06 03:55:46,250 [INFO] [rank=0] [TRAIN] epoch=197/400 | batch=192/205 | sample_locali=192/205 | elapsed_epoch=325.0s
2026-07-06 03:56:08,184 [INFO] [rank=0] [TRAIN] epoch=197/400 | batch=205/205 | sample_locali=205/205 | elapsed_epoch=347.0s
2026-07-06 03:56:09,958 [INFO] [rank=0] [TRAIN] epoch=198/400 | batch=1/205 | sample_locali=1/205 | elapsed_epoch=1.8s
2026-07-06 03:57:56,494 [INFO] [rank=0] [TRAIN] epoch=198/400 | batch=64/205 | sample_locali=64/205 | elapsed_epoch=108.3s
2026-07-06 03:59:44,593 [INFO] [rank=0] [TRAIN] epoch=198/400 | batch=128/205 | sample_locali=128/205 | elapsed_epoch=216.4s
2026-07-06 04:01:32,789 [INFO] [rank=0] [TRAIN] epoch=198/400 | batch=192/205 | sample_locali=192/205 | elapsed_epoch=324.6s
2026-07-06 04:01:54,666 [INFO] [rank=0] [TRAIN] epoch=198/400 | batch=205/205 | sample_locali=205/205 | elapsed_epoch=346.5s
2026-07-06 04:01:56,501 [INFO] [rank=0] [TRAIN] epoch=199/400 | batch=1/205 | sample_locali=1/205 | elapsed_epoch=1.8s
2026-07-06 04:03:42,915 [INFO] [rank=0] [TRAIN] epoch=199/400 | batch=64/205 | sample_locali=64/205 | elapsed_epoch=108.2s
2026-07-06 04:05:31,397 [INFO] [rank=0] [TRAIN] epoch=199/400 | batch=128/205 | sample_locali=128/205 | elapsed_epoch=216.7s
2026-07-06 04:07:19,511 [INFO] [rank=0] [TRAIN] epoch=199/400 | batch=192/205 | sample_locali=192/205 | elapsed_epoch=324.8s
2026-07-06 04:07:41,537 [INFO] [rank=0] [TRAIN] epoch=199/400 | batch=205/205 | sample_locali=205/205 | elapsed_epoch=346.9s
2026-07-06 04:07:43,269 [INFO] [rank=0] [TRAIN] epoch=200/400 | batch=1/205 | sample_locali=1/205 | elapsed_epoch=1.7s
2026-07-06 04:09:29,875 [INFO] [rank=0] [TRAIN] epoch=200/400 | batch=64/205 | sample_locali=64/205 | elapsed_epoch=108.3s
2026-07-06 04:11:18,190 [INFO] [rank=0] [TRAIN] epoch=200/400 | batch=128/205 | sample_locali=128/205 | elapsed_epoch=216.6s
2026-07-06 04:13:06,426 [INFO] [rank=0] [TRAIN] epoch=200/400 | batch=192/205 | sample_locali=192/205 | elapsed_epoch=324.9s
2026-07-06 04:13:28,546 [INFO] [rank=0] [TRAIN] epoch=200/400 | batch=205/205 | sample_locali=205/205 | elapsed_epoch=347.0s
2026-07-06 04:14:44,243 [INFO] [rank=0] [TRAIN] Epoch 0200/0400 | opt_loss=5.32005888 | grad_norm=11.680505 | train_loss=5.31397183 | train_ppl=195.61313263 | test_loss=5.28526985 | test_ppl=190.18963172
2026-07-06 04:14:45,946 [INFO] [rank=0] [TRAIN] epoch=201/400 | batch=1/205 | sample_locali=1/205 | elapsed_epoch=1.7s
2026-07-06 04:16:31,761 [INFO] [rank=0] [TRAIN] epoch=201/400 | batch=64/205 | sample_locali=64/205 | elapsed_epoch=107.5s
2026-07-06 04:18:19,569 [INFO] [rank=0] [TRAIN] epoch=201/400 | batch=128/205 | sample_locali=128/205 | elapsed_epoch=215.3s
2026-07-06 04:20:07,021 [INFO] [rank=0] [TRAIN] epoch=201/400 | batch=192/205 | sample_locali=192/205 | elapsed_epoch=322.8s
2026-07-06 04:20:28,913 [INFO] [rank=0] [TRAIN] epoch=201/400 | batch=205/205 | sample_locali=205/205 | elapsed_epoch=344.7s
2026-07-06 04:20:30,627 [INFO] [rank=0] [TRAIN] epoch=202/400 | batch=1/205 | sample_locali=1/205 | elapsed_epoch=1.7s
2026-07-06 04:22:16,478 [INFO] [rank=0] [TRAIN] epoch=202/400 | batch=64/205 | sample_locali=64/205 | elapsed_epoch=107.6s
2026-07-06 04:24:04,323 [INFO] [rank=0] [TRAIN] epoch=202/400 | batch=128/205 | sample_locali=128/205 | elapsed_epoch=215.4s
2026-07-06 04:25:52,453 [INFO] [rank=0] [TRAIN] epoch=202/400 | batch=192/205 | sample_locali=192/205 | elapsed_epoch=323.5s
2026-07-06 04:26:14,427 [INFO] [rank=0] [TRAIN] epoch=202/400 | batch=205/205 | sample_locali=205/205 | elapsed_epoch=345.5s
2026-07-06 04:26:16,160 [INFO] [rank=0] [TRAIN] epoch=203/400 | batch=1/205 | sample_locali=1/205 | elapsed_epoch=1.7s
2026-07-06 04:28:02,643 [INFO] [rank=0] [TRAIN] epoch=203/400 | batch=64/205 | sample_locali=64/205 | elapsed_epoch=108.2s
2026-07-06 04:29:50,979 [INFO] [rank=0] [TRAIN] epoch=203/400 | batch=128/205 | sample_locali=128/205 | elapsed_epoch=216.5s
2026-07-06 04:31:39,377 [INFO] [rank=0] [TRAIN] epoch=203/400 | batch=192/205 | sample_locali=192/205 | elapsed_epoch=324.9s
2026-07-06 04:32:01,457 [INFO] [rank=0] [TRAIN] epoch=203/400 | batch=205/205 | sample_locali=205/205 | elapsed_epoch=347.0s
2026-07-06 04:32:03,189 [INFO] [rank=0] [TRAIN] epoch=204/400 | batch=1/205 | sample_locali=1/205 | elapsed_epoch=1.7s
2026-07-06 04:33:49,720 [INFO] [rank=0] [TRAIN] epoch=204/400 | batch=64/205 | sample_locali=64/205 | elapsed_epoch=108.3s
2026-07-06 04:35:37,735 [INFO] [rank=0] [TRAIN] epoch=204/400 | batch=128/205 | sample_locali=128/205 | elapsed_epoch=216.3s
2026-07-06 04:37:25,839 [INFO] [rank=0] [TRAIN] epoch=204/400 | batch=192/205 | sample_locali=192/205 | elapsed_epoch=324.4s
2026-07-06 04:37:47,828 [INFO] [rank=0] [TRAIN] epoch=204/400 | batch=205/205 | sample_locali=205/205 | elapsed_epoch=346.4s
2026-07-06 04:37:49,558 [INFO] [rank=0] [TRAIN] epoch=205/400 | batch=1/205 | sample_locali=1/205 | elapsed_epoch=1.7s
2026-07-06 04:39:36,412 [INFO] [rank=0] [TRAIN] epoch=205/400 | batch=64/205 | sample_locali=64/205 | elapsed_epoch=108.6s
2026-07-06 04:41:24,675 [INFO] [rank=0] [TRAIN] epoch=205/400 | batch=128/205 | sample_locali=128/205 | elapsed_epoch=216.8s
2026-07-06 04:43:13,037 [INFO] [rank=0] [TRAIN] epoch=205/400 | batch=192/205 | sample_locali=192/205 | elapsed_epoch=325.2s
2026-07-06 04:43:35,029 [INFO] [rank=0] [TRAIN] epoch=205/400 | batch=205/205 | sample_locali=205/205 | elapsed_epoch=347.2s
2026-07-06 04:43:36,776 [INFO] [rank=0] [TRAIN] epoch=206/400 | batch=1/205 | sample_locali=1/205 | elapsed_epoch=1.7s
2026-07-06 04:45:23,154 [INFO] [rank=0] [TRAIN] epoch=206/400 | batch=64/205 | sample_locali=64/205 | elapsed_epoch=108.1s
2026-07-06 04:47:11,090 [INFO] [rank=0] [TRAIN] epoch=206/400 | batch=128/205 | sample_locali=128/205 | elapsed_epoch=216.1s
2026-07-06 04:48:59,409 [INFO] [rank=0] [TRAIN] epoch=206/400 | batch=192/205 | sample_locali=192/205 | elapsed_epoch=324.4s
2026-07-06 04:49:21,344 [INFO] [rank=0] [TRAIN] epoch=206/400 | batch=205/205 | sample_locali=205/205 | elapsed_epoch=346.3s
2026-07-06 04:49:23,161 [INFO] [rank=0] [TRAIN] epoch=207/400 | batch=1/205 | sample_locali=1/205 | elapsed_epoch=1.8s
2026-07-06 04:51:09,398 [INFO] [rank=0] [TRAIN] epoch=207/400 | batch=64/205 | sample_locali=64/205 | elapsed_epoch=108.0s
2026-07-06 04:52:57,515 [INFO] [rank=0] [TRAIN] epoch=207/400 | batch=128/205 | sample_locali=128/205 | elapsed_epoch=216.2s
2026-07-06 04:54:45,825 [INFO] [rank=0] [TRAIN] epoch=207/400 | batch=192/205 | sample_locali=192/205 | elapsed_epoch=324.5s
2026-07-06 04:55:07,790 [INFO] [rank=0] [TRAIN] epoch=207/400 | batch=205/205 | sample_locali=205/205 | elapsed_epoch=346.4s
2026-07-06 04:55:09,549 [INFO] [rank=0] [TRAIN] epoch=208/400 | batch=1/205 | sample_locali=1/205 | elapsed_epoch=1.8s
2026-07-06 04:56:56,095 [INFO] [rank=0] [TRAIN] epoch=208/400 | batch=64/205 | sample_locali=64/205 | elapsed_epoch=108.3s
2026-07-06 04:58:44,114 [INFO] [rank=0] [TRAIN] epoch=208/400 | batch=128/205 | sample_locali=128/205 | elapsed_epoch=216.3s
2026-07-06 05:00:32,212 [INFO] [rank=0] [TRAIN] epoch=208/400 | batch=192/205 | sample_locali=192/205 | elapsed_epoch=324.4s
2026-07-06 05:00:54,109 [INFO] [rank=0] [TRAIN] epoch=208/400 | batch=205/205 | sample_locali=205/205 | elapsed_epoch=346.3s
2026-07-06 05:00:55,955 [INFO] [rank=0] [TRAIN] epoch=209/400 | batch=1/205 | sample_locali=1/205 | elapsed_epoch=1.8s
2026-07-06 05:02:42,358 [INFO] [rank=0] [TRAIN] epoch=209/400 | batch=64/205 | sample_locali=64/205 | elapsed_epoch=108.2s
2026-07-06 05:04:30,689 [INFO] [rank=0] [TRAIN] epoch=209/400 | batch=128/205 | sample_locali=128/205 | elapsed_epoch=216.6s
2026-07-06 05:06:18,818 [INFO] [rank=0] [TRAIN] epoch=209/400 | batch=192/205 | sample_locali=192/205 | elapsed_epoch=324.7s
2026-07-06 05:06:40,791 [INFO] [rank=0] [TRAIN] epoch=209/400 | batch=205/205 | sample_locali=205/205 | elapsed_epoch=346.7s
2026-07-06 05:06:42,524 [INFO] [rank=0] [TRAIN] epoch=210/400 | batch=1/205 | sample_locali=1/205 | elapsed_epoch=1.7s
2026-07-06 05:08:29,111 [INFO] [rank=0] [TRAIN] epoch=210/400 | batch=64/205 | sample_locali=64/205 | elapsed_epoch=108.3s
2026-07-06 05:10:17,289 [INFO] [rank=0] [TRAIN] epoch=210/400 | batch=128/205 | sample_locali=128/205 | elapsed_epoch=216.5s
2026-07-06 05:12:05,530 [INFO] [rank=0] [TRAIN] epoch=210/400 | batch=192/205 | sample_locali=192/205 | elapsed_epoch=324.7s
2026-07-06 05:12:27,562 [INFO] [rank=0] [TRAIN] epoch=210/400 | batch=205/205 | sample_locali=205/205 | elapsed_epoch=346.8s
2026-07-06 05:12:27,569 [INFO] [rank=0] [TRAIN] Epoch 0210/0400 | opt_loss=5.26043883 | grad_norm=11.505188
2026-07-06 05:12:29,280 [INFO] [rank=0] [TRAIN] epoch=211/400 | batch=1/205 | sample_locali=1/205 | elapsed_epoch=1.7s
2026-07-06 05:14:15,605 [INFO] [rank=0] [TRAIN] epoch=211/400 | batch=64/205 | sample_locali=64/205 | elapsed_epoch=108.0s
2026-07-06 05:16:03,730 [INFO] [rank=0] [TRAIN] epoch=211/400 | batch=128/205 | sample_locali=128/205 | elapsed_epoch=216.2s
2026-07-06 05:17:51,664 [INFO] [rank=0] [TRAIN] epoch=211/400 | batch=192/205 | sample_locali=192/205 | elapsed_epoch=324.1s
2026-07-06 05:18:13,704 [INFO] [rank=0] [TRAIN] epoch=211/400 | batch=205/205 | sample_locali=205/205 | elapsed_epoch=346.1s
2026-07-06 05:18:15,502 [INFO] [rank=0] [TRAIN] epoch=212/400 | batch=1/205 | sample_locali=1/205 | elapsed_epoch=1.8s
2026-07-06 05:20:01,934 [INFO] [rank=0] [TRAIN] epoch=212/400 | batch=64/205 | sample_locali=64/205 | elapsed_epoch=108.2s
2026-07-06 05:21:50,007 [INFO] [rank=0] [TRAIN] epoch=212/400 | batch=128/205 | sample_locali=128/205 | elapsed_epoch=216.3s
2026-07-06 05:23:38,020 [INFO] [rank=0] [TRAIN] epoch=212/400 | batch=192/205 | sample_locali=192/205 | elapsed_epoch=324.3s
2026-07-06 05:24:00,013 [INFO] [rank=0] [TRAIN] epoch=212/400 | batch=205/205 | sample_locali=205/205 | elapsed_epoch=346.3s
2026-07-06 05:24:01,764 [INFO] [rank=0] [TRAIN] epoch=213/400 | batch=1/205 | sample_locali=1/205 | elapsed_epoch=1.7s
2026-07-06 05:25:48,423 [INFO] [rank=0] [TRAIN] epoch=213/400 | batch=64/205 | sample_locali=64/205 | elapsed_epoch=108.4s
2026-07-06 05:27:36,564 [INFO] [rank=0] [TRAIN] epoch=213/400 | batch=128/205 | sample_locali=128/205 | elapsed_epoch=216.5s
2026-07-06 05:29:24,893 [INFO] [rank=0] [TRAIN] epoch=213/400 | batch=192/205 | sample_locali=192/205 | elapsed_epoch=324.9s
2026-07-06 05:29:46,751 [INFO] [rank=0] [TRAIN] epoch=213/400 | batch=205/205 | sample_locali=205/205 | elapsed_epoch=346.7s
2026-07-06 05:29:48,556 [INFO] [rank=0] [TRAIN] epoch=214/400 | batch=1/205 | sample_locali=1/205 | elapsed_epoch=1.8s
2026-07-06 05:31:35,049 [INFO] [rank=0] [TRAIN] epoch=214/400 | batch=64/205 | sample_locali=64/205 | elapsed_epoch=108.3s
2026-07-06 05:33:23,127 [INFO] [rank=0] [TRAIN] epoch=214/400 | batch=128/205 | sample_locali=128/205 | elapsed_epoch=216.4s
2026-07-06 05:35:11,196 [INFO] [rank=0] [TRAIN] epoch=214/400 | batch=192/205 | sample_locali=192/205 | elapsed_epoch=324.4s
2026-07-06 05:35:33,204 [INFO] [rank=0] [TRAIN] epoch=214/400 | batch=205/205 | sample_locali=205/205 | elapsed_epoch=346.4s
2026-07-06 05:35:34,963 [INFO] [rank=0] [TRAIN] epoch=215/400 | batch=1/205 | sample_locali=1/205 | elapsed_epoch=1.8s
2026-07-06 05:37:21,376 [INFO] [rank=0] [TRAIN] epoch=215/400 | batch=64/205 | sample_locali=64/205 | elapsed_epoch=108.2s
2026-07-06 05:39:09,570 [INFO] [rank=0] [TRAIN] epoch=215/400 | batch=128/205 | sample_locali=128/205 | elapsed_epoch=216.4s
2026-07-06 05:40:57,661 [INFO] [rank=0] [TRAIN] epoch=215/400 | batch=192/205 | sample_locali=192/205 | elapsed_epoch=324.4s
2026-07-06 05:41:19,721 [INFO] [rank=0] [TRAIN] epoch=215/400 | batch=205/205 | sample_locali=205/205 | elapsed_epoch=346.5s
2026-07-06 05:41:21,442 [INFO] [rank=0] [TRAIN] epoch=216/400 | batch=1/205 | sample_locali=1/205 | elapsed_epoch=1.7s
2026-07-06 05:43:07,755 [INFO] [rank=0] [TRAIN] epoch=216/400 | batch=64/205 | sample_locali=64/205 | elapsed_epoch=108.0s
2026-07-06 05:44:56,070 [INFO] [rank=0] [TRAIN] epoch=216/400 | batch=128/205 | sample_locali=128/205 | elapsed_epoch=216.3s
2026-07-06 05:46:44,062 [INFO] [rank=0] [TRAIN] epoch=216/400 | batch=192/205 | sample_locali=192/205 | elapsed_epoch=324.3s
2026-07-06 05:47:06,073 [INFO] [rank=0] [TRAIN] epoch=216/400 | batch=205/205 | sample_locali=205/205 | elapsed_epoch=346.3s
2026-07-06 05:47:07,802 [INFO] [rank=0] [TRAIN] epoch=217/400 | batch=1/205 | sample_locali=1/205 | elapsed_epoch=1.7s
2026-07-06 05:48:54,237 [INFO] [rank=0] [TRAIN] epoch=217/400 | batch=64/205 | sample_locali=64/205 | elapsed_epoch=108.2s
2026-07-06 05:50:42,330 [INFO] [rank=0] [TRAIN] epoch=217/400 | batch=128/205 | sample_locali=128/205 | elapsed_epoch=216.2s
2026-07-06 05:52:30,303 [INFO] [rank=0] [TRAIN] epoch=217/400 | batch=192/205 | sample_locali=192/205 | elapsed_epoch=324.2s
2026-07-06 05:52:52,263 [INFO] [rank=0] [TRAIN] epoch=217/400 | batch=205/205 | sample_locali=205/205 | elapsed_epoch=346.2s
2026-07-06 05:52:54,019 [INFO] [rank=0] [TRAIN] epoch=218/400 | batch=1/205 | sample_locali=1/205 | elapsed_epoch=1.7s
2026-07-06 05:54:40,445 [INFO] [rank=0] [TRAIN] epoch=218/400 | batch=64/205 | sample_locali=64/205 | elapsed_epoch=108.2s
2026-07-06 05:56:28,529 [INFO] [rank=0] [TRAIN] epoch=218/400 | batch=128/205 | sample_locali=128/205 | elapsed_epoch=216.3s
2026-07-06 05:58:16,619 [INFO] [rank=0] [TRAIN] epoch=218/400 | batch=192/205 | sample_locali=192/205 | elapsed_epoch=324.3s
2026-07-06 05:58:38,636 [INFO] [rank=0] [TRAIN] epoch=218/400 | batch=205/205 | sample_locali=205/205 | elapsed_epoch=346.4s
2026-07-06 05:58:40,370 [INFO] [rank=0] [TRAIN] epoch=219/400 | batch=1/205 | sample_locali=1/205 | elapsed_epoch=1.7s
2026-07-06 06:00:26,899 [INFO] [rank=0] [TRAIN] epoch=219/400 | batch=64/205 | sample_locali=64/205 | elapsed_epoch=108.3s
2026-07-06 06:02:14,983 [INFO] [rank=0] [TRAIN] epoch=219/400 | batch=128/205 | sample_locali=128/205 | elapsed_epoch=216.3s
2026-07-06 06:04:03,006 [INFO] [rank=0] [TRAIN] epoch=219/400 | batch=192/205 | sample_locali=192/205 | elapsed_epoch=324.4s
2026-07-06 06:04:24,898 [INFO] [rank=0] [TRAIN] epoch=219/400 | batch=205/205 | sample_locali=205/205 | elapsed_epoch=346.3s
2026-07-06 06:04:26,699 [INFO] [rank=0] [TRAIN] epoch=220/400 | batch=1/205 | sample_locali=1/205 | elapsed_epoch=1.8s
2026-07-06 06:06:12,950 [INFO] [rank=0] [TRAIN] epoch=220/400 | batch=64/205 | sample_locali=64/205 | elapsed_epoch=108.0s
2026-07-06 06:08:00,891 [INFO] [rank=0] [TRAIN] epoch=220/400 | batch=128/205 | sample_locali=128/205 | elapsed_epoch=216.0s
2026-07-06 06:09:49,268 [INFO] [rank=0] [TRAIN] epoch=220/400 | batch=192/205 | sample_locali=192/205 | elapsed_epoch=324.4s
2026-07-06 06:10:11,200 [INFO] [rank=0] [TRAIN] epoch=220/400 | batch=205/205 | sample_locali=205/205 | elapsed_epoch=346.3s
2026-07-06 06:10:11,207 [INFO] [rank=0] [TRAIN] Epoch 0220/0400 | opt_loss=5.20330130 | grad_norm=11.351970
2026-07-06 06:10:13,036 [INFO] [rank=0] [TRAIN] epoch=221/400 | batch=1/205 | sample_locali=1/205 | elapsed_epoch=1.8s
2026-07-06 06:11:59,325 [INFO] [rank=0] [TRAIN] epoch=221/400 | batch=64/205 | sample_locali=64/205 | elapsed_epoch=108.1s
2026-07-06 06:13:47,313 [INFO] [rank=0] [TRAIN] epoch=221/400 | batch=128/205 | sample_locali=128/205 | elapsed_epoch=216.1s
2026-07-06 06:15:35,479 [INFO] [rank=0] [TRAIN] epoch=221/400 | batch=192/205 | sample_locali=192/205 | elapsed_epoch=324.3s
2026-07-06 06:15:57,457 [INFO] [rank=0] [TRAIN] epoch=221/400 | batch=205/205 | sample_locali=205/205 | elapsed_epoch=346.2s
2026-07-06 06:15:59,209 [INFO] [rank=0] [TRAIN] epoch=222/400 | batch=1/205 | sample_locali=1/205 | elapsed_epoch=1.7s
2026-07-06 06:17:45,677 [INFO] [rank=0] [TRAIN] epoch=222/400 | batch=64/205 | sample_locali=64/205 | elapsed_epoch=108.2s
2026-07-06 06:19:33,879 [INFO] [rank=0] [TRAIN] epoch=222/400 | batch=128/205 | sample_locali=128/205 | elapsed_epoch=216.4s
2026-07-06 06:21:21,896 [INFO] [rank=0] [TRAIN] epoch=222/400 | batch=192/205 | sample_locali=192/205 | elapsed_epoch=324.4s
2026-07-06 06:21:43,896 [INFO] [rank=0] [TRAIN] epoch=222/400 | batch=205/205 | sample_locali=205/205 | elapsed_epoch=346.4s
2026-07-06 06:21:45,630 [INFO] [rank=0] [TRAIN] epoch=223/400 | batch=1/205 | sample_locali=1/205 | elapsed_epoch=1.7s
2026-07-06 06:23:32,044 [INFO] [rank=0] [TRAIN] epoch=223/400 | batch=64/205 | sample_locali=64/205 | elapsed_epoch=108.1s
2026-07-06 06:25:20,308 [INFO] [rank=0] [TRAIN] epoch=223/400 | batch=128/205 | sample_locali=128/205 | elapsed_epoch=216.4s
2026-07-06 06:27:08,491 [INFO] [rank=0] [TRAIN] epoch=223/400 | batch=192/205 | sample_locali=192/205 | elapsed_epoch=324.6s
2026-07-06 06:27:30,482 [INFO] [rank=0] [TRAIN] epoch=223/400 | batch=205/205 | sample_locali=205/205 | elapsed_epoch=346.6s
2026-07-06 06:27:32,200 [INFO] [rank=0] [TRAIN] epoch=224/400 | batch=1/205 | sample_locali=1/205 | elapsed_epoch=1.7s
2026-07-06 06:29:18,704 [INFO] [rank=0] [TRAIN] epoch=224/400 | batch=64/205 | sample_locali=64/205 | elapsed_epoch=108.2s
2026-07-06 06:31:10,047 [INFO] [rank=0] [TRAIN] epoch=224/400 | batch=128/205 | sample_locali=128/205 | elapsed_epoch=216.5s
2026-07-06 06:32:58,219 [INFO] [rank=0] [TRAIN] epoch=224/400 | batch=192/205 | sample_locali=192/205 | elapsed_epoch=324.7s
2026-07-06 06:33:20,208 [INFO] [rank=0] [TRAIN] epoch=224/400 | batch=205/205 | sample_locali=205/205 | elapsed_epoch=346.7s
2026-07-06 06:33:21,957 [INFO] [rank=0] [TRAIN] epoch=225/400 | batch=1/205 | sample_locali=1/205 | elapsed_epoch=1.7s
2026-07-06 06:35:08,384 [INFO] [rank=0] [TRAIN] epoch=225/400 | batch=64/205 | sample_locali=64/205 | elapsed_epoch=108.2s
2026-07-06 06:36:56,372 [INFO] [rank=0] [TRAIN] epoch=225/400 | batch=128/205 | sample_locali=128/205 | elapsed_epoch=216.2s
2026-07-06 06:38:44,543 [INFO] [rank=0] [TRAIN] epoch=225/400 | batch=192/205 | sample_locali=192/205 | elapsed_epoch=324.3s
2026-07-06 06:39:06,525 [INFO] [rank=0] [TRAIN] epoch=225/400 | batch=205/205 | sample_locali=205/205 | elapsed_epoch=346.3s
2026-07-06 06:40:23,886 [INFO] [rank=0] [TRAIN] epoch=226/400 | batch=1/205 | sample_locali=1/205 | elapsed_epoch=1.7s
2026-07-06 06:42:09,597 [INFO] [rank=0] [TRAIN] epoch=226/400 | batch=64/205 | sample_locali=64/205 | elapsed_epoch=107.4s
2026-07-06 06:43:57,055 [INFO] [rank=0] [TRAIN] epoch=226/400 | batch=128/205 | sample_locali=128/205 | elapsed_epoch=214.8s
2026-07-06 06:45:44,377 [INFO] [rank=0] [TRAIN] epoch=226/400 | batch=192/205 | sample_locali=192/205 | elapsed_epoch=322.2s
2026-07-06 06:46:06,280 [INFO] [rank=0] [TRAIN] epoch=226/400 | batch=205/205 | sample_locali=205/205 | elapsed_epoch=344.1s
2026-07-06 06:46:08,039 [INFO] [rank=0] [TRAIN] epoch=227/400 | batch=1/205 | sample_locali=1/205 | elapsed_epoch=1.8s
2026-07-06 06:47:53,877 [INFO] [rank=0] [TRAIN] epoch=227/400 | batch=64/205 | sample_locali=64/205 | elapsed_epoch=107.6s
2026-07-06 06:49:41,487 [INFO] [rank=0] [TRAIN] epoch=227/400 | batch=128/205 | sample_locali=128/205 | elapsed_epoch=215.2s
2026-07-06 06:51:28,960 [INFO] [rank=0] [TRAIN] epoch=227/400 | batch=192/205 | sample_locali=192/205 | elapsed_epoch=322.7s
2026-07-06 06:51:50,765 [INFO] [rank=0] [TRAIN] epoch=227/400 | batch=205/205 | sample_locali=205/205 | elapsed_epoch=344.5s
2026-07-06 06:51:52,511 [INFO] [rank=0] [TRAIN] epoch=228/400 | batch=1/205 | sample_locali=1/205 | elapsed_epoch=1.7s
2026-07-06 06:53:38,650 [INFO] [rank=0] [TRAIN] epoch=228/400 | batch=64/205 | sample_locali=64/205 | elapsed_epoch=107.9s
2026-07-06 06:55:26,402 [INFO] [rank=0] [TRAIN] epoch=228/400 | batch=128/205 | sample_locali=128/205 | elapsed_epoch=215.6s
2026-07-06 06:57:14,128 [INFO] [rank=0] [TRAIN] epoch=228/400 | batch=192/205 | sample_locali=192/205 | elapsed_epoch=323.4s
2026-07-06 06:57:36,047 [INFO] [rank=0] [TRAIN] epoch=228/400 | batch=205/205 | sample_locali=205/205 | elapsed_epoch=345.3s
2026-07-06 06:57:37,780 [INFO] [rank=0] [TRAIN] epoch=229/400 | batch=1/205 | sample_locali=1/205 | elapsed_epoch=1.7s
2026-07-06 06:59:24,025 [INFO] [rank=0] [TRAIN] epoch=229/400 | batch=64/205 | sample_locali=64/205 | elapsed_epoch=108.0s
2026-07-06 07:01:12,169 [INFO] [rank=0] [TRAIN] epoch=229/400 | batch=128/205 | sample_locali=128/205 | elapsed_epoch=216.1s
2026-07-06 07:02:59,951 [INFO] [rank=0] [TRAIN] epoch=229/400 | batch=192/205 | sample_locali=192/205 | elapsed_epoch=323.9s
2026-07-06 07:03:21,949 [INFO] [rank=0] [TRAIN] epoch=229/400 | batch=205/205 | sample_locali=205/205 | elapsed_epoch=345.9s
2026-07-06 07:03:23,681 [INFO] [rank=0] [TRAIN] epoch=230/400 | batch=1/205 | sample_locali=1/205 | elapsed_epoch=1.7s
2026-07-06 07:05:10,115 [INFO] [rank=0] [TRAIN] epoch=230/400 | batch=64/205 | sample_locali=64/205 | elapsed_epoch=108.2s
2026-07-06 07:06:58,218 [INFO] [rank=0] [TRAIN] epoch=230/400 | batch=128/205 | sample_locali=128/205 | elapsed_epoch=216.3s
2026-07-06 07:08:46,623 [INFO] [rank=0] [TRAIN] epoch=230/400 | batch=192/205 | sample_locali=192/205 | elapsed_epoch=324.7s
2026-07-06 07:09:08,736 [INFO] [rank=0] [TRAIN] epoch=230/400 | batch=205/205 | sample_locali=205/205 | elapsed_epoch=346.8s
2026-07-06 07:09:08,743 [INFO] [rank=0] [TRAIN] Epoch 0230/0400 | opt_loss=5.14827012 | grad_norm=11.210383
2026-07-06 07:09:10,494 [INFO] [rank=0] [TRAIN] epoch=231/400 | batch=1/205 | sample_locali=1/205 | elapsed_epoch=1.7s
2026-07-06 07:10:56,947 [INFO] [rank=0] [TRAIN] epoch=231/400 | batch=64/205 | sample_locali=64/205 | elapsed_epoch=108.2s
2026-07-06 07:12:45,198 [INFO] [rank=0] [TRAIN] epoch=231/400 | batch=128/205 | sample_locali=128/205 | elapsed_epoch=216.5s
2026-07-06 07:14:33,154 [INFO] [rank=0] [TRAIN] epoch=231/400 | batch=192/205 | sample_locali=192/205 | elapsed_epoch=324.4s
2026-07-06 07:14:55,082 [INFO] [rank=0] [TRAIN] epoch=231/400 | batch=205/205 | sample_locali=205/205 | elapsed_epoch=346.3s
2026-07-06 07:14:56,820 [INFO] [rank=0] [TRAIN] epoch=232/400 | batch=1/205 | sample_locali=1/205 | elapsed_epoch=1.7s
2026-07-06 07:16:43,348 [INFO] [rank=0] [TRAIN] epoch=232/400 | batch=64/205 | sample_locali=64/205 | elapsed_epoch=108.3s
2026-07-06 07:18:31,486 [INFO] [rank=0] [TRAIN] epoch=232/400 | batch=128/205 | sample_locali=128/205 | elapsed_epoch=216.4s
2026-07-06 07:20:19,594 [INFO] [rank=0] [TRAIN] epoch=232/400 | batch=192/205 | sample_locali=192/205 | elapsed_epoch=324.5s
2026-07-06 07:20:41,584 [INFO] [rank=0] [TRAIN] epoch=232/400 | batch=205/205 | sample_locali=205/205 | elapsed_epoch=346.5s
2026-07-06 07:20:43,311 [INFO] [rank=0] [TRAIN] epoch=233/400 | batch=1/205 | sample_locali=1/205 | elapsed_epoch=1.7s
2026-07-06 07:22:29,597 [INFO] [rank=0] [TRAIN] epoch=233/400 | batch=64/205 | sample_locali=64/205 | elapsed_epoch=108.0s
2026-07-06 07:24:18,114 [INFO] [rank=0] [TRAIN] epoch=233/400 | batch=128/205 | sample_locali=128/205 | elapsed_epoch=216.5s
2026-07-06 07:26:06,287 [INFO] [rank=0] [TRAIN] epoch=233/400 | batch=192/205 | sample_locali=192/205 | elapsed_epoch=324.7s
2026-07-06 07:26:28,261 [INFO] [rank=0] [TRAIN] epoch=233/400 | batch=205/205 | sample_locali=205/205 | elapsed_epoch=346.7s
2026-07-06 07:26:30,006 [INFO] [rank=0] [TRAIN] epoch=234/400 | batch=1/205 | sample_locali=1/205 | elapsed_epoch=1.7s
2026-07-06 07:28:16,370 [INFO] [rank=0] [TRAIN] epoch=234/400 | batch=64/205 | sample_locali=64/205 | elapsed_epoch=108.1s
2026-07-06 07:30:04,402 [INFO] [rank=0] [TRAIN] epoch=234/400 | batch=128/205 | sample_locali=128/205 | elapsed_epoch=216.1s
2026-07-06 07:31:52,405 [INFO] [rank=0] [TRAIN] epoch=234/400 | batch=192/205 | sample_locali=192/205 | elapsed_epoch=324.1s
2026-07-06 07:32:14,302 [INFO] [rank=0] [TRAIN] epoch=234/400 | batch=205/205 | sample_locali=205/205 | elapsed_epoch=346.0s
2026-07-06 07:32:16,067 [INFO] [rank=0] [TRAIN] epoch=235/400 | batch=1/205 | sample_locali=1/205 | elapsed_epoch=1.8s
2026-07-06 07:34:02,465 [INFO] [rank=0] [TRAIN] epoch=235/400 | batch=64/205 | sample_locali=64/205 | elapsed_epoch=108.2s
2026-07-06 07:35:50,554 [INFO] [rank=0] [TRAIN] epoch=235/400 | batch=128/205 | sample_locali=128/205 | elapsed_epoch=216.2s
2026-07-06 07:37:38,559 [INFO] [rank=0] [TRAIN] epoch=235/400 | batch=192/205 | sample_locali=192/205 | elapsed_epoch=324.2s
2026-07-06 07:38:00,429 [INFO] [rank=0] [TRAIN] epoch=235/400 | batch=205/205 | sample_locali=205/205 | elapsed_epoch=346.1s
2026-07-06 07:38:02,260 [INFO] [rank=0] [TRAIN] epoch=236/400 | batch=1/205 | sample_locali=1/205 | elapsed_epoch=1.8s
2026-07-06 07:39:49,152 [INFO] [rank=0] [TRAIN] epoch=236/400 | batch=64/205 | sample_locali=64/205 | elapsed_epoch=108.7s
2026-07-06 07:41:37,531 [INFO] [rank=0] [TRAIN] epoch=236/400 | batch=128/205 | sample_locali=128/205 | elapsed_epoch=217.1s
2026-07-06 07:43:26,179 [INFO] [rank=0] [TRAIN] epoch=236/400 | batch=192/205 | sample_locali=192/205 | elapsed_epoch=325.7s
2026-07-06 07:43:48,225 [INFO] [rank=0] [TRAIN] epoch=236/400 | batch=205/205 | sample_locali=205/205 | elapsed_epoch=347.8s
2026-07-06 07:43:49,946 [INFO] [rank=0] [TRAIN] epoch=237/400 | batch=1/205 | sample_locali=1/205 | elapsed_epoch=1.7s
2026-07-06 07:45:36,301 [INFO] [rank=0] [TRAIN] epoch=237/400 | batch=64/205 | sample_locali=64/205 | elapsed_epoch=108.1s
2026-07-06 07:47:24,494 [INFO] [rank=0] [TRAIN] epoch=237/400 | batch=128/205 | sample_locali=128/205 | elapsed_epoch=216.3s
2026-07-06 07:49:12,567 [INFO] [rank=0] [TRAIN] epoch=237/400 | batch=192/205 | sample_locali=192/205 | elapsed_epoch=324.3s
2026-07-06 07:49:34,604 [INFO] [rank=0] [TRAIN] epoch=237/400 | batch=205/205 | sample_locali=205/205 | elapsed_epoch=346.4s
2026-07-06 07:49:36,340 [INFO] [rank=0] [TRAIN] epoch=238/400 | batch=1/205 | sample_locali=1/205 | elapsed_epoch=1.7s
2026-07-06 07:51:22,691 [INFO] [rank=0] [TRAIN] epoch=238/400 | batch=64/205 | sample_locali=64/205 | elapsed_epoch=108.1s
2026-07-06 07:53:10,633 [INFO] [rank=0] [TRAIN] epoch=238/400 | batch=128/205 | sample_locali=128/205 | elapsed_epoch=216.0s
2026-07-06 07:54:58,725 [INFO] [rank=0] [TRAIN] epoch=238/400 | batch=192/205 | sample_locali=192/205 | elapsed_epoch=324.1s
2026-07-06 07:55:20,729 [INFO] [rank=0] [TRAIN] epoch=238/400 | batch=205/205 | sample_locali=205/205 | elapsed_epoch=346.1s
2026-07-06 07:55:22,510 [INFO] [rank=0] [TRAIN] epoch=239/400 | batch=1/205 | sample_locali=1/205 | elapsed_epoch=1.8s
2026-07-06 07:57:08,802 [INFO] [rank=0] [TRAIN] epoch=239/400 | batch=64/205 | sample_locali=64/205 | elapsed_epoch=108.1s
2026-07-06 07:58:56,863 [INFO] [rank=0] [TRAIN] epoch=239/400 | batch=128/205 | sample_locali=128/205 | elapsed_epoch=216.1s
2026-07-06 08:00:44,889 [INFO] [rank=0] [TRAIN] epoch=239/400 | batch=192/205 | sample_locali=192/205 | elapsed_epoch=324.2s
2026-07-06 08:01:06,902 [INFO] [rank=0] [TRAIN] epoch=239/400 | batch=205/205 | sample_locali=205/205 | elapsed_epoch=346.2s
2026-07-06 08:01:08,620 [INFO] [rank=0] [TRAIN] epoch=240/400 | batch=1/205 | sample_locali=1/205 | elapsed_epoch=1.7s
2026-07-06 08:02:55,390 [INFO] [rank=0] [TRAIN] epoch=240/400 | batch=64/205 | sample_locali=64/205 | elapsed_epoch=108.5s
2026-07-06 08:04:43,526 [INFO] [rank=0] [TRAIN] epoch=240/400 | batch=128/205 | sample_locali=128/205 | elapsed_epoch=216.6s
2026-07-06 08:06:31,677 [INFO] [rank=0] [TRAIN] epoch=240/400 | batch=192/205 | sample_locali=192/205 | elapsed_epoch=324.8s
2026-07-06 08:06:53,629 [INFO] [rank=0] [TRAIN] epoch=240/400 | batch=205/205 | sample_locali=205/205 | elapsed_epoch=346.7s
2026-07-06 08:06:53,636 [INFO] [rank=0] [TRAIN] Epoch 0240/0400 | opt_loss=5.09506752 | grad_norm=11.073434
2026-07-06 08:06:55,363 [INFO] [rank=0] [TRAIN] epoch=241/400 | batch=1/205 | sample_locali=1/205 | elapsed_epoch=1.7s
2026-07-06 08:08:41,797 [INFO] [rank=0] [TRAIN] epoch=241/400 | batch=64/205 | sample_locali=64/205 | elapsed_epoch=108.2s
2026-07-06 08:10:30,469 [INFO] [rank=0] [TRAIN] epoch=241/400 | batch=128/205 | sample_locali=128/205 | elapsed_epoch=216.8s
2026-07-06 08:12:18,646 [INFO] [rank=0] [TRAIN] epoch=241/400 | batch=192/205 | sample_locali=192/205 | elapsed_epoch=325.0s
2026-07-06 08:12:40,559 [INFO] [rank=0] [TRAIN] epoch=241/400 | batch=205/205 | sample_locali=205/205 | elapsed_epoch=346.9s
2026-07-06 08:12:42,376 [INFO] [rank=0] [TRAIN] epoch=242/400 | batch=1/205 | sample_locali=1/205 | elapsed_epoch=1.8s
2026-07-06 08:14:28,978 [INFO] [rank=0] [TRAIN] epoch=242/400 | batch=64/205 | sample_locali=64/205 | elapsed_epoch=108.4s
2026-07-06 08:16:17,174 [INFO] [rank=0] [TRAIN] epoch=242/400 | batch=128/205 | sample_locali=128/205 | elapsed_epoch=216.6s
2026-07-06 08:18:05,532 [INFO] [rank=0] [TRAIN] epoch=242/400 | batch=192/205 | sample_locali=192/205 | elapsed_epoch=325.0s
2026-07-06 08:18:27,679 [INFO] [rank=0] [TRAIN] epoch=242/400 | batch=205/205 | sample_locali=205/205 | elapsed_epoch=347.1s
2026-07-06 08:18:29,405 [INFO] [rank=0] [TRAIN] epoch=243/400 | batch=1/205 | sample_locali=1/205 | elapsed_epoch=1.7s
2026-07-06 08:20:16,132 [INFO] [rank=0] [TRAIN] epoch=243/400 | batch=64/205 | sample_locali=64/205 | elapsed_epoch=108.4s
2026-07-06 08:22:04,296 [INFO] [rank=0] [TRAIN] epoch=243/400 | batch=128/205 | sample_locali=128/205 | elapsed_epoch=216.6s
2026-07-06 08:23:52,574 [INFO] [rank=0] [TRAIN] epoch=243/400 | batch=192/205 | sample_locali=192/205 | elapsed_epoch=324.9s
2026-07-06 08:24:14,699 [INFO] [rank=0] [TRAIN] epoch=243/400 | batch=205/205 | sample_locali=205/205 | elapsed_epoch=347.0s
2026-07-06 08:24:16,453 [INFO] [rank=0] [TRAIN] epoch=244/400 | batch=1/205 | sample_locali=1/205 | elapsed_epoch=1.7s
2026-07-06 08:26:02,919 [INFO] [rank=0] [TRAIN] epoch=244/400 | batch=64/205 | sample_locali=64/205 | elapsed_epoch=108.2s
2026-07-06 08:27:51,174 [INFO] [rank=0] [TRAIN] epoch=244/400 | batch=128/205 | sample_locali=128/205 | elapsed_epoch=216.5s
2026-07-06 08:29:39,453 [INFO] [rank=0] [TRAIN] epoch=244/400 | batch=192/205 | sample_locali=192/205 | elapsed_epoch=324.7s
2026-07-06 08:30:01,508 [INFO] [rank=0] [TRAIN] epoch=244/400 | batch=205/205 | sample_locali=205/205 | elapsed_epoch=346.8s
2026-07-06 08:30:03,242 [INFO] [rank=0] [TRAIN] epoch=245/400 | batch=1/205 | sample_locali=1/205 | elapsed_epoch=1.7s
2026-07-06 08:31:49,685 [INFO] [rank=0] [TRAIN] epoch=245/400 | batch=64/205 | sample_locali=64/205 | elapsed_epoch=108.2s
2026-07-06 08:33:37,867 [INFO] [rank=0] [TRAIN] epoch=245/400 | batch=128/205 | sample_locali=128/205 | elapsed_epoch=216.4s
2026-07-06 08:35:25,993 [INFO] [rank=0] [TRAIN] epoch=245/400 | batch=192/205 | sample_locali=192/205 | elapsed_epoch=324.5s
2026-07-06 08:35:47,989 [INFO] [rank=0] [TRAIN] epoch=245/400 | batch=205/205 | sample_locali=205/205 | elapsed_epoch=346.5s
2026-07-06 08:35:49,772 [INFO] [rank=0] [TRAIN] epoch=246/400 | batch=1/205 | sample_locali=1/205 | elapsed_epoch=1.8s
2026-07-06 08:37:36,251 [INFO] [rank=0] [TRAIN] epoch=246/400 | batch=64/205 | sample_locali=64/205 | elapsed_epoch=108.3s
2026-07-06 08:39:24,691 [INFO] [rank=0] [TRAIN] epoch=246/400 | batch=128/205 | sample_locali=128/205 | elapsed_epoch=216.7s
2026-07-06 08:41:12,907 [INFO] [rank=0] [TRAIN] epoch=246/400 | batch=192/205 | sample_locali=192/205 | elapsed_epoch=324.9s
2026-07-06 08:41:34,888 [INFO] [rank=0] [TRAIN] epoch=246/400 | batch=205/205 | sample_locali=205/205 | elapsed_epoch=346.9s
2026-07-06 08:41:36,617 [INFO] [rank=0] [TRAIN] epoch=247/400 | batch=1/205 | sample_locali=1/205 | elapsed_epoch=1.7s
2026-07-06 08:43:23,384 [INFO] [rank=0] [TRAIN] epoch=247/400 | batch=64/205 | sample_locali=64/205 | elapsed_epoch=108.5s
2026-07-06 08:45:12,089 [INFO] [rank=0] [TRAIN] epoch=247/400 | batch=128/205 | sample_locali=128/205 | elapsed_epoch=217.2s
2026-07-06 08:47:00,748 [INFO] [rank=0] [TRAIN] epoch=247/400 | batch=192/205 | sample_locali=192/205 | elapsed_epoch=325.9s
2026-07-06 08:47:23,396 [INFO] [rank=0] [TRAIN] epoch=247/400 | batch=205/205 | sample_locali=205/205 | elapsed_epoch=348.5s
2026-07-06 08:47:25,282 [INFO] [rank=0] [TRAIN] epoch=248/400 | batch=1/205 | sample_locali=1/205 | elapsed_epoch=1.9s
2026-07-06 08:49:22,368 [INFO] [rank=0] [TRAIN] epoch=248/400 | batch=64/205 | sample_locali=64/205 | elapsed_epoch=119.0s
2026-07-06 08:51:32,302 [INFO] [rank=0] [TRAIN] epoch=248/400 | batch=128/205 | sample_locali=128/205 | elapsed_epoch=248.9s
2026-07-06 08:53:27,386 [INFO] [rank=0] [TRAIN] epoch=248/400 | batch=192/205 | sample_locali=192/205 | elapsed_epoch=364.0s
2026-07-06 08:53:50,718 [INFO] [rank=0] [TRAIN] epoch=248/400 | batch=205/205 | sample_locali=205/205 | elapsed_epoch=387.3s
2026-07-06 08:53:52,584 [INFO] [rank=0] [TRAIN] epoch=249/400 | batch=1/205 | sample_locali=1/205 | elapsed_epoch=1.9s
2026-07-06 08:55:45,680 [INFO] [rank=0] [TRAIN] epoch=249/400 | batch=64/205 | sample_locali=64/205 | elapsed_epoch=115.0s
2026-07-06 08:57:39,869 [INFO] [rank=0] [TRAIN] epoch=249/400 | batch=128/205 | sample_locali=128/205 | elapsed_epoch=229.1s
2026-07-06 08:59:46,990 [INFO] [rank=0] [TRAIN] epoch=249/400 | batch=192/205 | sample_locali=192/205 | elapsed_epoch=356.3s
2026-07-06 09:00:13,817 [INFO] [rank=0] [TRAIN] epoch=249/400 | batch=205/205 | sample_locali=205/205 | elapsed_epoch=383.1s
2026-07-06 09:00:15,896 [INFO] [rank=0] [TRAIN] epoch=250/400 | batch=1/205 | sample_locali=1/205 | elapsed_epoch=2.1s
2026-07-06 09:02:18,307 [INFO] [rank=0] [TRAIN] epoch=250/400 | batch=64/205 | sample_locali=64/205 | elapsed_epoch=124.5s
2026-07-06 09:04:46,503 [INFO] [rank=0] [TRAIN] epoch=250/400 | batch=128/205 | sample_locali=128/205 | elapsed_epoch=272.7s
2026-07-06 09:07:04,685 [INFO] [rank=0] [TRAIN] epoch=250/400 | batch=192/205 | sample_locali=192/205 | elapsed_epoch=410.9s
2026-07-06 09:07:29,551 [INFO] [rank=0] [TRAIN] epoch=250/400 | batch=205/205 | sample_locali=205/205 | elapsed_epoch=435.7s
2026-07-06 09:08:54,725 [INFO] [rank=0] [TRAIN] Epoch 0250/0400 | opt_loss=5.04348933 | grad_norm=10.936212 | train_loss=5.03841472 | train_ppl=149.68219933 | test_loss=5.01089663 | test_ppl=145.73407720
2026-07-06 09:08:56,603 [INFO] [rank=0] [TRAIN] epoch=251/400 | batch=1/205 | sample_locali=1/205 | elapsed_epoch=1.9s
2026-07-06 09:11:17,217 [INFO] [rank=0] [TRAIN] epoch=251/400 | batch=64/205 | sample_locali=64/205 | elapsed_epoch=142.5s
2026-07-06 09:14:27,754 [INFO] [rank=0] [TRAIN] epoch=251/400 | batch=128/205 | sample_locali=128/205 | elapsed_epoch=333.0s
2026-07-06 09:17:47,073 [INFO] [rank=0] [TRAIN] epoch=251/400 | batch=192/205 | sample_locali=192/205 | elapsed_epoch=532.3s
2026-07-06 09:18:28,839 [INFO] [rank=0] [TRAIN] epoch=251/400 | batch=205/205 | sample_locali=205/205 | elapsed_epoch=574.1s
2026-07-06 09:18:32,556 [INFO] [rank=0] [TRAIN] epoch=252/400 | batch=1/205 | sample_locali=1/205 | elapsed_epoch=3.7s
2026-07-06 09:21:58,560 [INFO] [rank=0] [TRAIN] epoch=252/400 | batch=64/205 | sample_locali=64/205 | elapsed_epoch=209.7s
2026-07-06 09:25:10,234 [INFO] [rank=0] [TRAIN] epoch=252/400 | batch=128/205 | sample_locali=128/205 | elapsed_epoch=401.4s
2026-07-06 09:28:05,671 [INFO] [rank=0] [TRAIN] epoch=252/400 | batch=192/205 | sample_locali=192/205 | elapsed_epoch=576.8s
2026-07-06 09:28:44,467 [INFO] [rank=0] [TRAIN] epoch=252/400 | batch=205/205 | sample_locali=205/205 | elapsed_epoch=615.6s
2026-07-06 09:28:51,647 [INFO] [rank=0] [TRAIN] epoch=253/400 | batch=1/205 | sample_locali=1/205 | elapsed_epoch=7.1s
2026-07-06 09:31:46,202 [INFO] [rank=0] [TRAIN] epoch=253/400 | batch=64/205 | sample_locali=64/205 | elapsed_epoch=181.7s
2026-07-06 09:34:49,145 [INFO] [rank=0] [TRAIN] epoch=253/400 | batch=128/205 | sample_locali=128/205 | elapsed_epoch=364.6s
2026-07-06 09:38:25,881 [INFO] [rank=0] [TRAIN] epoch=253/400 | batch=192/205 | sample_locali=192/205 | elapsed_epoch=581.4s
2026-07-06 09:39:05,138 [INFO] [rank=0] [TRAIN] epoch=253/400 | batch=205/205 | sample_locali=205/205 | elapsed_epoch=620.6s
2026-07-06 09:39:08,408 [INFO] [rank=0] [TRAIN] epoch=254/400 | batch=1/205 | sample_locali=1/205 | elapsed_epoch=3.3s
2026-07-06 09:43:01,568 [INFO] [rank=0] [TRAIN] epoch=254/400 | batch=64/205 | sample_locali=64/205 | elapsed_epoch=236.4s
2026-07-06 09:46:52,477 [INFO] [rank=0] [TRAIN] epoch=254/400 | batch=128/205 | sample_locali=128/205 | elapsed_epoch=467.3s
2026-07-06 09:50:51,852 [INFO] [rank=0] [TRAIN] epoch=254/400 | batch=192/205 | sample_locali=192/205 | elapsed_epoch=706.7s
2026-07-06 09:51:41,168 [INFO] [rank=0] [TRAIN] epoch=254/400 | batch=205/205 | sample_locali=205/205 | elapsed_epoch=756.0s
2026-07-06 09:51:45,329 [INFO] [rank=0] [TRAIN] epoch=255/400 | batch=1/205 | sample_locali=1/205 | elapsed_epoch=4.1s
2026-07-06 09:55:39,759 [INFO] [rank=0] [TRAIN] epoch=255/400 | batch=64/205 | sample_locali=64/205 | elapsed_epoch=238.6s
2026-07-06 09:58:03,031 [INFO] [rank=0] [TRAIN] epoch=255/400 | batch=128/205 | sample_locali=128/205 | elapsed_epoch=381.8s
2026-07-06 10:00:14,313 [INFO] [rank=0] [TRAIN] epoch=255/400 | batch=192/205 | sample_locali=192/205 | elapsed_epoch=513.1s
2026-07-06 10:00:38,748 [INFO] [rank=0] [TRAIN] epoch=255/400 | batch=205/205 | sample_locali=205/205 | elapsed_epoch=537.6s
2026-07-06 10:00:40,605 [INFO] [rank=0] [TRAIN] epoch=256/400 | batch=1/205 | sample_locali=1/205 | elapsed_epoch=1.8s
2026-07-06 10:02:40,278 [INFO] [rank=0] [TRAIN] epoch=256/400 | batch=64/205 | sample_locali=64/205 | elapsed_epoch=121.5s
2026-07-06 10:04:49,081 [INFO] [rank=0] [TRAIN] epoch=256/400 | batch=128/205 | sample_locali=128/205 | elapsed_epoch=250.3s
2026-07-06 10:06:53,595 [INFO] [rank=0] [TRAIN] epoch=256/400 | batch=192/205 | sample_locali=192/205 | elapsed_epoch=374.8s
2026-07-06 10:07:18,453 [INFO] [rank=0] [TRAIN] epoch=256/400 | batch=205/205 | sample_locali=205/205 | elapsed_epoch=399.7s
2026-07-06 10:07:20,352 [INFO] [rank=0] [TRAIN] epoch=257/400 | batch=1/205 | sample_locali=1/205 | elapsed_epoch=1.9s
2026-07-06 10:09:21,269 [INFO] [rank=0] [TRAIN] epoch=257/400 | batch=64/205 | sample_locali=64/205 | elapsed_epoch=122.8s
2026-07-06 10:11:28,339 [INFO] [rank=0] [TRAIN] epoch=257/400 | batch=128/205 | sample_locali=128/205 | elapsed_epoch=249.9s
2026-07-06 10:13:45,035 [INFO] [rank=0] [TRAIN] epoch=257/400 | batch=192/205 | sample_locali=192/205 | elapsed_epoch=386.6s
2026-07-06 10:14:18,171 [INFO] [rank=0] [TRAIN] epoch=257/400 | batch=205/205 | sample_locali=205/205 | elapsed_epoch=419.7s
2026-07-06 10:14:20,601 [INFO] [rank=0] [TRAIN] epoch=258/400 | batch=1/205 | sample_locali=1/205 | elapsed_epoch=2.4s
2026-07-06 10:16:47,361 [INFO] [rank=0] [TRAIN] epoch=258/400 | batch=64/205 | sample_locali=64/205 | elapsed_epoch=149.2s
2026-07-06 10:19:07,831 [INFO] [rank=0] [TRAIN] epoch=258/400 | batch=128/205 | sample_locali=128/205 | elapsed_epoch=289.6s
2026-07-06 10:21:33,022 [INFO] [rank=0] [TRAIN] epoch=258/400 | batch=192/205 | sample_locali=192/205 | elapsed_epoch=434.8s
2026-07-06 10:21:59,303 [INFO] [rank=0] [TRAIN] epoch=258/400 | batch=205/205 | sample_locali=205/205 | elapsed_epoch=461.1s
2026-07-06 10:22:01,307 [INFO] [rank=0] [TRAIN] epoch=259/400 | batch=1/205 | sample_locali=1/205 | elapsed_epoch=2.0s
2026-07-06 10:24:15,874 [INFO] [rank=0] [TRAIN] epoch=259/400 | batch=64/205 | sample_locali=64/205 | elapsed_epoch=136.6s
2026-07-06 10:27:04,675 [INFO] [rank=0] [TRAIN] epoch=259/400 | batch=128/205 | sample_locali=128/205 | elapsed_epoch=305.4s
2026-07-06 10:30:57,674 [INFO] [rank=0] [TRAIN] epoch=259/400 | batch=192/205 | sample_locali=192/205 | elapsed_epoch=538.4s
2026-07-06 10:31:45,163 [INFO] [rank=0] [TRAIN] epoch=259/400 | batch=205/205 | sample_locali=205/205 | elapsed_epoch=585.8s
2026-07-06 10:31:48,440 [INFO] [rank=0] [TRAIN] epoch=260/400 | batch=1/205 | sample_locali=1/205 | elapsed_epoch=3.3s
2026-07-06 10:35:06,308 [INFO] [rank=0] [TRAIN] epoch=260/400 | batch=64/205 | sample_locali=64/205 | elapsed_epoch=201.1s
2026-07-06 10:37:37,656 [INFO] [rank=0] [TRAIN] epoch=260/400 | batch=128/205 | sample_locali=128/205 | elapsed_epoch=352.5s
2026-07-06 10:39:55,487 [INFO] [rank=0] [TRAIN] epoch=260/400 | batch=192/205 | sample_locali=192/205 | elapsed_epoch=490.3s
2026-07-06 10:40:24,368 [INFO] [rank=0] [TRAIN] epoch=260/400 | batch=205/205 | sample_locali=205/205 | elapsed_epoch=519.2s
2026-07-06 10:40:24,375 [INFO] [rank=0] [TRAIN] Epoch 0260/0400 | opt_loss=4.99338635 | grad_norm=10.794581
2026-07-06 10:40:26,335 [INFO] [rank=0] [TRAIN] epoch=261/400 | batch=1/205 | sample_locali=1/205 | elapsed_epoch=2.0s
2026-07-06 10:42:38,140 [INFO] [rank=0] [TRAIN] epoch=261/400 | batch=64/205 | sample_locali=64/205 | elapsed_epoch=133.8s
2026-07-06 10:44:55,427 [INFO] [rank=0] [TRAIN] epoch=261/400 | batch=128/205 | sample_locali=128/205 | elapsed_epoch=271.1s
2026-07-06 10:47:03,934 [INFO] [rank=0] [TRAIN] epoch=261/400 | batch=192/205 | sample_locali=192/205 | elapsed_epoch=399.6s
2026-07-06 10:47:30,035 [INFO] [rank=0] [TRAIN] epoch=261/400 | batch=205/205 | sample_locali=205/205 | elapsed_epoch=425.7s
2026-07-06 10:47:32,001 [INFO] [rank=0] [TRAIN] epoch=262/400 | batch=1/205 | sample_locali=1/205 | elapsed_epoch=2.0s
2026-07-06 10:49:36,800 [INFO] [rank=0] [TRAIN] epoch=262/400 | batch=64/205 | sample_locali=64/205 | elapsed_epoch=126.8s
2026-07-06 10:51:44,146 [INFO] [rank=0] [TRAIN] epoch=262/400 | batch=128/205 | sample_locali=128/205 | elapsed_epoch=254.1s
2026-07-06 10:53:49,955 [INFO] [rank=0] [TRAIN] epoch=262/400 | batch=192/205 | sample_locali=192/205 | elapsed_epoch=379.9s
2026-07-06 10:54:14,268 [INFO] [rank=0] [TRAIN] epoch=262/400 | batch=205/205 | sample_locali=205/205 | elapsed_epoch=404.2s
2026-07-06 10:54:16,225 [INFO] [rank=0] [TRAIN] epoch=263/400 | batch=1/205 | sample_locali=1/205 | elapsed_epoch=1.9s
2026-07-06 10:56:14,237 [INFO] [rank=0] [TRAIN] epoch=263/400 | batch=64/205 | sample_locali=64/205 | elapsed_epoch=120.0s
2026-07-06 10:58:15,529 [INFO] [rank=0] [TRAIN] epoch=263/400 | batch=128/205 | sample_locali=128/205 | elapsed_epoch=241.3s
2026-07-06 11:00:16,526 [INFO] [rank=0] [TRAIN] epoch=263/400 | batch=192/205 | sample_locali=192/205 | elapsed_epoch=362.2s
2026-07-06 11:00:40,850 [INFO] [rank=0] [TRAIN] epoch=263/400 | batch=205/205 | sample_locali=205/205 | elapsed_epoch=386.6s
2026-07-06 11:00:42,810 [INFO] [rank=0] [TRAIN] epoch=264/400 | batch=1/205 | sample_locali=1/205 | elapsed_epoch=2.0s
2026-07-06 11:02:41,217 [INFO] [rank=0] [TRAIN] epoch=264/400 | batch=64/205 | sample_locali=64/205 | elapsed_epoch=120.4s
2026-07-06 11:04:44,493 [INFO] [rank=0] [TRAIN] epoch=264/400 | batch=128/205 | sample_locali=128/205 | elapsed_epoch=243.6s
2026-07-06 11:06:48,528 [INFO] [rank=0] [TRAIN] epoch=264/400 | batch=192/205 | sample_locali=192/205 | elapsed_epoch=367.7s
2026-07-06 11:07:13,380 [INFO] [rank=0] [TRAIN] epoch=264/400 | batch=205/205 | sample_locali=205/205 | elapsed_epoch=392.5s
2026-07-06 11:07:15,248 [INFO] [rank=0] [TRAIN] epoch=265/400 | batch=1/205 | sample_locali=1/205 | elapsed_epoch=1.9s
2026-07-06 11:09:16,392 [INFO] [rank=0] [TRAIN] epoch=265/400 | batch=64/205 | sample_locali=64/205 | elapsed_epoch=123.0s
2026-07-06 11:11:18,194 [INFO] [rank=0] [TRAIN] epoch=265/400 | batch=128/205 | sample_locali=128/205 | elapsed_epoch=244.8s
2026-07-06 11:13:20,860 [INFO] [rank=0] [TRAIN] epoch=265/400 | batch=192/205 | sample_locali=192/205 | elapsed_epoch=367.5s
2026-07-06 11:13:45,351 [INFO] [rank=0] [TRAIN] epoch=265/400 | batch=205/205 | sample_locali=205/205 | elapsed_epoch=392.0s
2026-07-06 11:13:47,248 [INFO] [rank=0] [TRAIN] epoch=266/400 | batch=1/205 | sample_locali=1/205 | elapsed_epoch=1.9s
2026-07-06 11:15:51,843 [INFO] [rank=0] [TRAIN] epoch=266/400 | batch=64/205 | sample_locali=64/205 | elapsed_epoch=126.5s
2026-07-06 11:17:51,956 [INFO] [rank=0] [TRAIN] epoch=266/400 | batch=128/205 | sample_locali=128/205 | elapsed_epoch=246.6s
2026-07-06 11:19:54,957 [INFO] [rank=0] [TRAIN] epoch=266/400 | batch=192/205 | sample_locali=192/205 | elapsed_epoch=369.6s
2026-07-06 11:20:19,304 [INFO] [rank=0] [TRAIN] epoch=266/400 | batch=205/205 | sample_locali=205/205 | elapsed_epoch=393.9s
2026-07-06 11:20:21,241 [INFO] [rank=0] [TRAIN] epoch=267/400 | batch=1/205 | sample_locali=1/205 | elapsed_epoch=1.9s
2026-07-06 11:22:19,392 [INFO] [rank=0] [TRAIN] epoch=267/400 | batch=64/205 | sample_locali=64/205 | elapsed_epoch=120.0s
2026-07-06 11:24:23,348 [INFO] [rank=0] [TRAIN] epoch=267/400 | batch=128/205 | sample_locali=128/205 | elapsed_epoch=244.0s
2026-07-06 11:26:24,407 [INFO] [rank=0] [TRAIN] epoch=267/400 | batch=192/205 | sample_locali=192/205 | elapsed_epoch=365.1s
2026-07-06 11:26:49,025 [INFO] [rank=0] [TRAIN] epoch=267/400 | batch=205/205 | sample_locali=205/205 | elapsed_epoch=389.7s
2026-07-06 11:26:50,899 [INFO] [rank=0] [TRAIN] epoch=268/400 | batch=1/205 | sample_locali=1/205 | elapsed_epoch=1.9s
2026-07-06 11:28:49,291 [INFO] [rank=0] [TRAIN] epoch=268/400 | batch=64/205 | sample_locali=64/205 | elapsed_epoch=120.3s
2026-07-06 11:30:49,941 [INFO] [rank=0] [TRAIN] epoch=268/400 | batch=128/205 | sample_locali=128/205 | elapsed_epoch=240.9s
2026-07-06 11:32:51,442 [INFO] [rank=0] [TRAIN] epoch=268/400 | batch=192/205 | sample_locali=192/205 | elapsed_epoch=362.4s
2026-07-06 11:33:16,034 [INFO] [rank=0] [TRAIN] epoch=268/400 | batch=205/205 | sample_locali=205/205 | elapsed_epoch=387.0s
2026-07-06 11:33:17,933 [INFO] [rank=0] [TRAIN] epoch=269/400 | batch=1/205 | sample_locali=1/205 | elapsed_epoch=1.9s
2026-07-06 11:35:19,575 [INFO] [rank=0] [TRAIN] epoch=269/400 | batch=64/205 | sample_locali=64/205 | elapsed_epoch=123.5s
2026-07-06 11:37:21,753 [INFO] [rank=0] [TRAIN] epoch=269/400 | batch=128/205 | sample_locali=128/205 | elapsed_epoch=245.7s
2026-07-06 11:39:22,453 [INFO] [rank=0] [TRAIN] epoch=269/400 | batch=192/205 | sample_locali=192/205 | elapsed_epoch=366.4s
2026-07-06 11:39:46,716 [INFO] [rank=0] [TRAIN] epoch=269/400 | batch=205/205 | sample_locali=205/205 | elapsed_epoch=390.7s
2026-07-06 11:39:48,665 [INFO] [rank=0] [TRAIN] epoch=270/400 | batch=1/205 | sample_locali=1/205 | elapsed_epoch=1.9s
2026-07-06 11:41:49,058 [INFO] [rank=0] [TRAIN] epoch=270/400 | batch=64/205 | sample_locali=64/205 | elapsed_epoch=122.3s
2026-07-06 11:43:50,441 [INFO] [rank=0] [TRAIN] epoch=270/400 | batch=128/205 | sample_locali=128/205 | elapsed_epoch=243.7s
2026-07-06 11:45:49,937 [INFO] [rank=0] [TRAIN] epoch=270/400 | batch=192/205 | sample_locali=192/205 | elapsed_epoch=363.2s
2026-07-06 11:46:14,263 [INFO] [rank=0] [TRAIN] epoch=270/400 | batch=205/205 | sample_locali=205/205 | elapsed_epoch=387.5s
2026-07-06 11:46:14,271 [INFO] [rank=0] [TRAIN] Epoch 0270/0400 | opt_loss=4.94464965 | grad_norm=10.644914
2026-07-06 11:46:16,101 [INFO] [rank=0] [TRAIN] epoch=271/400 | batch=1/205 | sample_locali=1/205 | elapsed_epoch=1.8s
2026-07-06 11:48:13,842 [INFO] [rank=0] [TRAIN] epoch=271/400 | batch=64/205 | sample_locali=64/205 | elapsed_epoch=119.6s
2026-07-06 11:50:13,993 [INFO] [rank=0] [TRAIN] epoch=271/400 | batch=128/205 | sample_locali=128/205 | elapsed_epoch=239.7s
2026-07-06 11:52:20,066 [INFO] [rank=0] [TRAIN] epoch=271/400 | batch=192/205 | sample_locali=192/205 | elapsed_epoch=365.8s
2026-07-06 11:52:45,048 [INFO] [rank=0] [TRAIN] epoch=271/400 | batch=205/205 | sample_locali=205/205 | elapsed_epoch=390.8s
2026-07-06 11:52:46,905 [INFO] [rank=0] [TRAIN] epoch=272/400 | batch=1/205 | sample_locali=1/205 | elapsed_epoch=1.8s
2026-07-06 11:54:46,268 [INFO] [rank=0] [TRAIN] epoch=272/400 | batch=64/205 | sample_locali=64/205 | elapsed_epoch=121.2s
2026-07-06 11:56:45,902 [INFO] [rank=0] [TRAIN] epoch=272/400 | batch=128/205 | sample_locali=128/205 | elapsed_epoch=240.8s
2026-07-06 11:58:45,169 [INFO] [rank=0] [TRAIN] epoch=272/400 | batch=192/205 | sample_locali=192/205 | elapsed_epoch=360.1s
2026-07-06 11:59:09,283 [INFO] [rank=0] [TRAIN] epoch=272/400 | batch=205/205 | sample_locali=205/205 | elapsed_epoch=384.2s
2026-07-06 11:59:11,139 [INFO] [rank=0] [TRAIN] epoch=273/400 | batch=1/205 | sample_locali=1/205 | elapsed_epoch=1.8s
2026-07-06 12:01:08,268 [INFO] [rank=0] [TRAIN] epoch=273/400 | batch=64/205 | sample_locali=64/205 | elapsed_epoch=119.0s
2026-07-06 12:03:08,386 [INFO] [rank=0] [TRAIN] epoch=273/400 | batch=128/205 | sample_locali=128/205 | elapsed_epoch=239.1s
2026-07-06 12:05:08,108 [INFO] [rank=0] [TRAIN] epoch=273/400 | batch=192/205 | sample_locali=192/205 | elapsed_epoch=358.8s
2026-07-06 12:05:32,443 [INFO] [rank=0] [TRAIN] epoch=273/400 | batch=205/205 | sample_locali=205/205 | elapsed_epoch=383.2s
2026-07-06 12:05:34,289 [INFO] [rank=0] [TRAIN] epoch=274/400 | batch=1/205 | sample_locali=1/205 | elapsed_epoch=1.8s
2026-07-06 12:07:34,254 [INFO] [rank=0] [TRAIN] epoch=274/400 | batch=64/205 | sample_locali=64/205 | elapsed_epoch=121.8s
2026-07-06 12:09:35,521 [INFO] [rank=0] [TRAIN] epoch=274/400 | batch=128/205 | sample_locali=128/205 | elapsed_epoch=243.1s
2026-07-06 12:11:34,915 [INFO] [rank=0] [TRAIN] epoch=274/400 | batch=192/205 | sample_locali=192/205 | elapsed_epoch=362.5s
2026-07-06 12:11:59,118 [INFO] [rank=0] [TRAIN] epoch=274/400 | batch=205/205 | sample_locali=205/205 | elapsed_epoch=386.7s
2026-07-06 12:12:00,965 [INFO] [rank=0] [TRAIN] epoch=275/400 | batch=1/205 | sample_locali=1/205 | elapsed_epoch=1.8s
2026-07-06 12:13:59,118 [INFO] [rank=0] [TRAIN] epoch=275/400 | batch=64/205 | sample_locali=64/205 | elapsed_epoch=120.0s
2026-07-06 12:16:00,160 [INFO] [rank=0] [TRAIN] epoch=275/400 | batch=128/205 | sample_locali=128/205 | elapsed_epoch=241.0s
2026-07-06 12:18:02,947 [INFO] [rank=0] [TRAIN] epoch=275/400 | batch=192/205 | sample_locali=192/205 | elapsed_epoch=363.8s
2026-07-06 12:18:27,236 [INFO] [rank=0] [TRAIN] epoch=275/400 | batch=205/205 | sample_locali=205/205 | elapsed_epoch=388.1s
2026-07-06 12:19:56,504 [INFO] [rank=0] [TRAIN] epoch=276/400 | batch=1/205 | sample_locali=1/205 | elapsed_epoch=2.0s
2026-07-06 12:21:57,239 [INFO] [rank=0] [TRAIN] epoch=276/400 | batch=64/205 | sample_locali=64/205 | elapsed_epoch=122.7s
2026-07-06 12:23:57,307 [INFO] [rank=0] [TRAIN] epoch=276/400 | batch=128/205 | sample_locali=128/205 | elapsed_epoch=242.8s
2026-07-06 12:25:56,638 [INFO] [rank=0] [TRAIN] epoch=276/400 | batch=192/205 | sample_locali=192/205 | elapsed_epoch=362.1s
2026-07-06 12:26:20,765 [INFO] [rank=0] [TRAIN] epoch=276/400 | batch=205/205 | sample_locali=205/205 | elapsed_epoch=386.2s
2026-07-06 12:26:22,675 [INFO] [rank=0] [TRAIN] epoch=277/400 | batch=1/205 | sample_locali=1/205 | elapsed_epoch=1.9s
2026-07-06 12:28:23,836 [INFO] [rank=0] [TRAIN] epoch=277/400 | batch=64/205 | sample_locali=64/205 | elapsed_epoch=123.1s
2026-07-06 12:30:32,380 [INFO] [rank=0] [TRAIN] epoch=277/400 | batch=128/205 | sample_locali=128/205 | elapsed_epoch=251.6s
2026-07-06 12:32:51,486 [INFO] [rank=0] [TRAIN] epoch=277/400 | batch=192/205 | sample_locali=192/205 | elapsed_epoch=390.7s
2026-07-06 12:33:21,894 [INFO] [rank=0] [TRAIN] epoch=277/400 | batch=205/205 | sample_locali=205/205 | elapsed_epoch=421.1s
2026-07-06 12:33:23,904 [INFO] [rank=0] [TRAIN] epoch=278/400 | batch=1/205 | sample_locali=1/205 | elapsed_epoch=2.0s
2026-07-06 12:36:19,343 [INFO] [rank=0] [TRAIN] epoch=278/400 | batch=64/205 | sample_locali=64/205 | elapsed_epoch=177.4s
2026-07-06 12:39:54,957 [INFO] [rank=0] [TRAIN] epoch=278/400 | batch=128/205 | sample_locali=128/205 | elapsed_epoch=393.0s
2026-07-06 12:42:37,975 [INFO] [rank=0] [TRAIN] epoch=278/400 | batch=192/205 | sample_locali=192/205 | elapsed_epoch=556.0s
2026-07-06 12:43:12,272 [INFO] [rank=0] [TRAIN] epoch=278/400 | batch=205/205 | sample_locali=205/205 | elapsed_epoch=590.3s
2026-07-06 12:43:15,047 [INFO] [rank=0] [TRAIN] epoch=279/400 | batch=1/205 | sample_locali=1/205 | elapsed_epoch=2.3s
2026-07-06 12:45:39,592 [INFO] [rank=0] [TRAIN] epoch=279/400 | batch=64/205 | sample_locali=64/205 | elapsed_epoch=146.8s
2026-07-06 12:48:05,922 [INFO] [rank=0] [TRAIN] epoch=279/400 | batch=128/205 | sample_locali=128/205 | elapsed_epoch=293.2s
2026-07-06 12:51:01,523 [INFO] [rank=0] [TRAIN] epoch=279/400 | batch=192/205 | sample_locali=192/205 | elapsed_epoch=468.8s
2026-07-06 12:51:46,143 [INFO] [rank=0] [TRAIN] epoch=279/400 | batch=205/205 | sample_locali=205/205 | elapsed_epoch=513.4s
2026-07-06 12:51:49,515 [INFO] [rank=0] [TRAIN] epoch=280/400 | batch=1/205 | sample_locali=1/205 | elapsed_epoch=3.3s
2026-07-06 12:55:22,749 [INFO] [rank=0] [TRAIN] epoch=280/400 | batch=64/205 | sample_locali=64/205 | elapsed_epoch=216.5s
2026-07-06 12:58:36,699 [INFO] [rank=0] [TRAIN] epoch=280/400 | batch=128/205 | sample_locali=128/205 | elapsed_epoch=410.5s
2026-07-06 13:00:47,128 [INFO] [rank=0] [TRAIN] epoch=280/400 | batch=192/205 | sample_locali=192/205 | elapsed_epoch=540.9s
2026-07-06 13:01:13,219 [INFO] [rank=0] [TRAIN] epoch=280/400 | batch=205/205 | sample_locali=205/205 | elapsed_epoch=567.0s
2026-07-06 13:01:13,438 [INFO] [rank=0] [TRAIN] Epoch 0280/0400 | opt_loss=4.89719954 | grad_norm=10.484307
2026-07-06 13:01:15,400 [INFO] [rank=0] [TRAIN] epoch=281/400 | batch=1/205 | sample_locali=1/205 | elapsed_epoch=2.0s
2026-07-06 13:03:14,392 [INFO] [rank=0] [TRAIN] epoch=281/400 | batch=64/205 | sample_locali=64/205 | elapsed_epoch=121.0s
2026-07-06 13:05:14,164 [INFO] [rank=0] [TRAIN] epoch=281/400 | batch=128/205 | sample_locali=128/205 | elapsed_epoch=240.7s
2026-07-06 13:07:17,694 [INFO] [rank=0] [TRAIN] epoch=281/400 | batch=192/205 | sample_locali=192/205 | elapsed_epoch=364.3s
2026-07-06 13:07:42,668 [INFO] [rank=0] [TRAIN] epoch=281/400 | batch=205/205 | sample_locali=205/205 | elapsed_epoch=389.2s
2026-07-06 13:07:44,642 [INFO] [rank=0] [TRAIN] epoch=282/400 | batch=1/205 | sample_locali=1/205 | elapsed_epoch=1.9s
2026-07-06 13:09:43,976 [INFO] [rank=0] [TRAIN] epoch=282/400 | batch=64/205 | sample_locali=64/205 | elapsed_epoch=121.3s
2026-07-06 13:11:52,611 [INFO] [rank=0] [TRAIN] epoch=282/400 | batch=128/205 | sample_locali=128/205 | elapsed_epoch=249.9s
2026-07-06 13:13:54,665 [INFO] [rank=0] [TRAIN] epoch=282/400 | batch=192/205 | sample_locali=192/205 | elapsed_epoch=372.0s
2026-07-06 13:14:19,130 [INFO] [rank=0] [TRAIN] epoch=282/400 | batch=205/205 | sample_locali=205/205 | elapsed_epoch=396.4s
2026-07-06 13:14:21,026 [INFO] [rank=0] [TRAIN] epoch=283/400 | batch=1/205 | sample_locali=1/205 | elapsed_epoch=1.9s
2026-07-06 13:16:20,875 [INFO] [rank=0] [TRAIN] epoch=283/400 | batch=64/205 | sample_locali=64/205 | elapsed_epoch=121.7s
2026-07-06 13:18:23,485 [INFO] [rank=0] [TRAIN] epoch=283/400 | batch=128/205 | sample_locali=128/205 | elapsed_epoch=244.3s
2026-07-06 13:20:24,637 [INFO] [rank=0] [TRAIN] epoch=283/400 | batch=192/205 | sample_locali=192/205 | elapsed_epoch=365.5s
2026-07-06 13:20:48,686 [INFO] [rank=0] [TRAIN] epoch=283/400 | batch=205/205 | sample_locali=205/205 | elapsed_epoch=389.5s
2026-07-06 13:20:50,566 [INFO] [rank=0] [TRAIN] epoch=284/400 | batch=1/205 | sample_locali=1/205 | elapsed_epoch=1.9s
2026-07-06 13:22:49,871 [INFO] [rank=0] [TRAIN] epoch=284/400 | batch=64/205 | sample_locali=64/205 | elapsed_epoch=121.2s
2026-07-06 13:24:45,717 [INFO] [rank=0] [TRAIN] epoch=284/400 | batch=128/205 | sample_locali=128/205 | elapsed_epoch=237.0s
2026-07-06 13:26:39,368 [INFO] [rank=0] [TRAIN] epoch=284/400 | batch=192/205 | sample_locali=192/205 | elapsed_epoch=350.7s
2026-07-06 13:27:02,476 [INFO] [rank=0] [TRAIN] epoch=284/400 | batch=205/205 | sample_locali=205/205 | elapsed_epoch=373.8s
2026-07-06 13:27:04,253 [INFO] [rank=0] [TRAIN] epoch=285/400 | batch=1/205 | sample_locali=1/205 | elapsed_epoch=1.8s
2026-07-06 13:29:39,441 [INFO] [rank=0] [TRAIN] epoch=285/400 | batch=64/205 | sample_locali=64/205 | elapsed_epoch=157.0s
2026-07-06 13:32:32,367 [INFO] [rank=0] [TRAIN] epoch=285/400 | batch=128/205 | sample_locali=128/205 | elapsed_epoch=329.9s
2026-07-06 13:36:23,186 [INFO] [rank=0] [TRAIN] epoch=285/400 | batch=192/205 | sample_locali=192/205 | elapsed_epoch=560.7s
2026-07-06 13:37:13,530 [INFO] [rank=0] [TRAIN] epoch=285/400 | batch=205/205 | sample_locali=205/205 | elapsed_epoch=611.0s
2026-07-06 13:37:17,239 [INFO] [rank=0] [TRAIN] epoch=286/400 | batch=1/205 | sample_locali=1/205 | elapsed_epoch=3.7s
2026-07-06 13:40:29,242 [INFO] [rank=0] [TRAIN] epoch=286/400 | batch=64/205 | sample_locali=64/205 | elapsed_epoch=195.7s
2026-07-06 13:43:33,131 [INFO] [rank=0] [TRAIN] epoch=286/400 | batch=128/205 | sample_locali=128/205 | elapsed_epoch=379.5s
2026-07-06 13:47:42,875 [INFO] [rank=0] [TRAIN] epoch=286/400 | batch=192/205 | sample_locali=192/205 | elapsed_epoch=629.3s
2026-07-06 13:48:36,180 [INFO] [rank=0] [TRAIN] epoch=286/400 | batch=205/205 | sample_locali=205/205 | elapsed_epoch=682.6s
2026-07-06 13:48:41,216 [INFO] [rank=0] [TRAIN] epoch=287/400 | batch=1/205 | sample_locali=1/205 | elapsed_epoch=5.0s
2026-07-06 13:53:12,623 [INFO] [rank=0] [TRAIN] epoch=287/400 | batch=64/205 | sample_locali=64/205 | elapsed_epoch=276.4s
2026-07-06 13:58:22,947 [INFO] [rank=0] [TRAIN] epoch=287/400 | batch=128/205 | sample_locali=128/205 | elapsed_epoch=586.7s
2026-07-06 14:01:11,245 [INFO] [rank=0] [TRAIN] epoch=287/400 | batch=192/205 | sample_locali=192/205 | elapsed_epoch=755.0s
2026-07-06 14:01:50,539 [INFO] [rank=0] [TRAIN] epoch=287/400 | batch=205/205 | sample_locali=205/205 | elapsed_epoch=794.3s
2026-07-06 14:01:54,466 [INFO] [rank=0] [TRAIN] epoch=288/400 | batch=1/205 | sample_locali=1/205 | elapsed_epoch=3.7s
2026-07-06 14:05:11,520 [INFO] [rank=0] [TRAIN] epoch=288/400 | batch=64/205 | sample_locali=64/205 | elapsed_epoch=200.8s
2026-07-06 14:08:56,582 [INFO] [rank=0] [TRAIN] epoch=288/400 | batch=128/205 | sample_locali=128/205 | elapsed_epoch=425.9s
2026-07-06 14:12:43,217 [INFO] [rank=0] [TRAIN] epoch=288/400 | batch=192/205 | sample_locali=192/205 | elapsed_epoch=652.5s
2026-07-06 14:13:19,784 [INFO] [rank=0] [TRAIN] epoch=288/400 | batch=205/205 | sample_locali=205/205 | elapsed_epoch=689.1s
2026-07-06 14:13:22,578 [INFO] [rank=0] [TRAIN] epoch=289/400 | batch=1/205 | sample_locali=1/205 | elapsed_epoch=2.7s
2026-07-06 14:16:08,849 [INFO] [rank=0] [TRAIN] epoch=289/400 | batch=64/205 | sample_locali=64/205 | elapsed_epoch=169.0s
2026-07-06 14:18:52,879 [INFO] [rank=0] [TRAIN] epoch=289/400 | batch=128/205 | sample_locali=128/205 | elapsed_epoch=333.0s
2026-07-06 14:21:40,089 [INFO] [rank=0] [TRAIN] epoch=289/400 | batch=192/205 | sample_locali=192/205 | elapsed_epoch=500.2s
2026-07-06 14:22:13,378 [INFO] [rank=0] [TRAIN] epoch=289/400 | batch=205/205 | sample_locali=205/205 | elapsed_epoch=533.5s
2026-07-06 14:22:16,031 [INFO] [rank=0] [TRAIN] epoch=290/400 | batch=1/205 | sample_locali=1/205 | elapsed_epoch=2.6s
2026-07-06 14:24:58,182 [INFO] [rank=0] [TRAIN] epoch=290/400 | batch=64/205 | sample_locali=64/205 | elapsed_epoch=164.8s
2026-07-06 14:27:42,207 [INFO] [rank=0] [TRAIN] epoch=290/400 | batch=128/205 | sample_locali=128/205 | elapsed_epoch=328.8s
2026-07-06 14:30:22,620 [INFO] [rank=0] [TRAIN] epoch=290/400 | batch=192/205 | sample_locali=192/205 | elapsed_epoch=489.2s
2026-07-06 14:30:57,056 [INFO] [rank=0] [TRAIN] epoch=290/400 | batch=205/205 | sample_locali=205/205 | elapsed_epoch=523.7s
2026-07-06 14:30:57,067 [INFO] [rank=0] [TRAIN] Epoch 0290/0400 | opt_loss=4.85097834 | grad_norm=10.310554
2026-07-06 14:30:59,543 [INFO] [rank=0] [TRAIN] epoch=291/400 | batch=1/205 | sample_locali=1/205 | elapsed_epoch=2.5s
2026-07-07 07:13:26,039 [INFO] [rank=0] [MPI] Avvio backend distribuito JAX+PennyLane su 1 rank
2026-07-07 07:13:26,138 [INFO] [rank=0] [DATA] Frasi testuali caricate: 256 | lunghezza=17
2026-07-07 07:13:26,139 [INFO] [rank=0] [DATA] Split frasi | train=205 | test=51
2026-07-07 07:13:28,545 [INFO] [rank=0] [RESUME] Parametri inizializzati da checkpoint: results\checkpoints\20260705_201813_paper_T16active_d4_nlo2_256sent_e400_from119\best_checkpoint.npz
2026-07-07 07:13:28,545 [INFO] [rank=0] [RESUME] Stato Adam ripristinato | optimizer_step=290
2026-07-07 07:13:28,782 [INFO] [rank=0] [TRAIN] Backend JAX+PennyLane+MPI | epochs=400 | lr=0.0001 | padded_sequence_length=16
2026-07-07 07:13:28,783 [INFO] [rank=0] [RESUME] Continuazione da epoch=290; target totale=400; epoche rimanenti=110
2026-07-07 07:13:28,783 [INFO] [rank=0] [TRAIN] Run label=paper_T16active_d4_nlo2_256sent_e400_from290
2026-07-07 07:13:28,783 [INFO] [rank=0] [TRAIN] Device=lightning.qubit | interface=jax | diff_method=adjoint | train_batch_size=1
2026-07-07 07:13:28,783 [INFO] [rank=0] [MPI] ranks=1 | sample_globali=205 | sample_locali_medi~=205
2026-07-07 07:13:28,783 [INFO] [rank=0] [TRAIN] Time budget attivo: 4320.0 minuti (~72.00 ore)
2026-07-07 07:13:28,783 [INFO] [rank=0] [TRAIN] Esecuzione quantistica in mini-batch con backend Lightning
2026-07-07 07:13:41,762 [INFO] [rank=0] [TRAIN] epoch=291/400 | batch=1/205 | sample_locali=1/205 | elapsed_epoch=13.0s
2026-07-07 07:15:25,962 [INFO] [rank=0] [TRAIN] epoch=291/400 | batch=64/205 | sample_locali=64/205 | elapsed_epoch=117.2s
2026-07-07 07:17:15,101 [INFO] [rank=0] [TRAIN] epoch=291/400 | batch=128/205 | sample_locali=128/205 | elapsed_epoch=226.3s
2026-07-07 07:19:01,934 [INFO] [rank=0] [TRAIN] epoch=291/400 | batch=192/205 | sample_locali=192/205 | elapsed_epoch=333.1s
2026-07-07 07:19:23,456 [INFO] [rank=0] [TRAIN] epoch=291/400 | batch=205/205 | sample_locali=205/205 | elapsed_epoch=354.7s
2026-07-07 07:19:26,244 [INFO] [rank=0] [TRAIN] epoch=292/400 | batch=1/205 | sample_locali=1/205 | elapsed_epoch=1.7s
2026-07-07 07:21:16,971 [INFO] [rank=0] [TRAIN] epoch=292/400 | batch=64/205 | sample_locali=64/205 | elapsed_epoch=112.4s
2026-07-07 07:23:10,746 [INFO] [rank=0] [TRAIN] epoch=292/400 | batch=128/205 | sample_locali=128/205 | elapsed_epoch=226.2s
2026-07-07 07:25:05,536 [INFO] [rank=0] [TRAIN] epoch=292/400 | batch=192/205 | sample_locali=192/205 | elapsed_epoch=341.0s
2026-07-07 07:25:29,514 [INFO] [rank=0] [TRAIN] epoch=292/400 | batch=205/205 | sample_locali=205/205 | elapsed_epoch=365.0s
2026-07-07 07:25:31,472 [INFO] [rank=0] [TRAIN] epoch=293/400 | batch=1/205 | sample_locali=1/205 | elapsed_epoch=1.9s
2026-07-07 07:27:34,130 [INFO] [rank=0] [TRAIN] epoch=293/400 | batch=64/205 | sample_locali=64/205 | elapsed_epoch=124.6s
2026-07-07 07:29:33,085 [INFO] [rank=0] [TRAIN] epoch=293/400 | batch=128/205 | sample_locali=128/205 | elapsed_epoch=243.6s
2026-07-07 07:31:30,542 [INFO] [rank=0] [TRAIN] epoch=293/400 | batch=192/205 | sample_locali=192/205 | elapsed_epoch=361.0s
2026-07-07 07:31:53,914 [INFO] [rank=0] [TRAIN] epoch=293/400 | batch=205/205 | sample_locali=205/205 | elapsed_epoch=384.4s
2026-07-07 07:31:55,791 [INFO] [rank=0] [TRAIN] epoch=294/400 | batch=1/205 | sample_locali=1/205 | elapsed_epoch=1.9s
2026-07-07 07:33:45,390 [INFO] [rank=0] [TRAIN] epoch=294/400 | batch=64/205 | sample_locali=64/205 | elapsed_epoch=111.5s
2026-07-07 07:35:34,174 [INFO] [rank=0] [TRAIN] epoch=294/400 | batch=128/205 | sample_locali=128/205 | elapsed_epoch=220.3s
2026-07-07 07:37:24,241 [INFO] [rank=0] [TRAIN] epoch=294/400 | batch=192/205 | sample_locali=192/205 | elapsed_epoch=330.3s
2026-07-07 07:37:46,263 [INFO] [rank=0] [TRAIN] epoch=294/400 | batch=205/205 | sample_locali=205/205 | elapsed_epoch=352.3s
2026-07-07 07:37:48,002 [INFO] [rank=0] [TRAIN] epoch=295/400 | batch=1/205 | sample_locali=1/205 | elapsed_epoch=1.7s
2026-07-07 07:39:37,460 [INFO] [rank=0] [TRAIN] epoch=295/400 | batch=64/205 | sample_locali=64/205 | elapsed_epoch=111.2s
2026-07-07 07:41:27,047 [INFO] [rank=0] [TRAIN] epoch=295/400 | batch=128/205 | sample_locali=128/205 | elapsed_epoch=220.8s
2026-07-07 07:43:14,910 [INFO] [rank=0] [TRAIN] epoch=295/400 | batch=192/205 | sample_locali=192/205 | elapsed_epoch=328.6s
2026-07-07 07:43:36,762 [INFO] [rank=0] [TRAIN] epoch=295/400 | batch=205/205 | sample_locali=205/205 | elapsed_epoch=350.5s
2026-07-07 07:43:38,485 [INFO] [rank=0] [TRAIN] epoch=296/400 | batch=1/205 | sample_locali=1/205 | elapsed_epoch=1.7s
2026-07-07 07:45:24,543 [INFO] [rank=0] [TRAIN] epoch=296/400 | batch=64/205 | sample_locali=64/205 | elapsed_epoch=107.8s
2026-07-07 07:47:12,536 [INFO] [rank=0] [TRAIN] epoch=296/400 | batch=128/205 | sample_locali=128/205 | elapsed_epoch=215.8s
2026-07-07 07:48:59,983 [INFO] [rank=0] [TRAIN] epoch=296/400 | batch=192/205 | sample_locali=192/205 | elapsed_epoch=323.2s
2026-07-07 07:49:21,812 [INFO] [rank=0] [TRAIN] epoch=296/400 | batch=205/205 | sample_locali=205/205 | elapsed_epoch=345.0s
2026-07-07 07:49:23,524 [INFO] [rank=0] [TRAIN] epoch=297/400 | batch=1/205 | sample_locali=1/205 | elapsed_epoch=1.7s
2026-07-07 07:51:09,202 [INFO] [rank=0] [TRAIN] epoch=297/400 | batch=64/205 | sample_locali=64/205 | elapsed_epoch=107.4s
2026-07-07 07:52:56,548 [INFO] [rank=0] [TRAIN] epoch=297/400 | batch=128/205 | sample_locali=128/205 | elapsed_epoch=214.7s
2026-07-07 07:54:44,038 [INFO] [rank=0] [TRAIN] epoch=297/400 | batch=192/205 | sample_locali=192/205 | elapsed_epoch=322.2s
2026-07-07 07:55:05,875 [INFO] [rank=0] [TRAIN] epoch=297/400 | batch=205/205 | sample_locali=205/205 | elapsed_epoch=344.1s
2026-07-07 07:55:07,703 [INFO] [rank=0] [TRAIN] epoch=298/400 | batch=1/205 | sample_locali=1/205 | elapsed_epoch=1.8s
2026-07-07 07:56:53,668 [INFO] [rank=0] [TRAIN] epoch=298/400 | batch=64/205 | sample_locali=64/205 | elapsed_epoch=107.8s
2026-07-07 07:58:40,966 [INFO] [rank=0] [TRAIN] epoch=298/400 | batch=128/205 | sample_locali=128/205 | elapsed_epoch=215.1s
2026-07-07 08:00:28,090 [INFO] [rank=0] [TRAIN] epoch=298/400 | batch=192/205 | sample_locali=192/205 | elapsed_epoch=322.2s
2026-07-07 08:00:49,951 [INFO] [rank=0] [TRAIN] epoch=298/400 | batch=205/205 | sample_locali=205/205 | elapsed_epoch=344.1s
2026-07-07 08:00:51,710 [INFO] [rank=0] [TRAIN] epoch=299/400 | batch=1/205 | sample_locali=1/205 | elapsed_epoch=1.8s
2026-07-07 08:02:37,518 [INFO] [rank=0] [TRAIN] epoch=299/400 | batch=64/205 | sample_locali=64/205 | elapsed_epoch=107.6s
2026-07-07 08:04:24,794 [INFO] [rank=0] [TRAIN] epoch=299/400 | batch=128/205 | sample_locali=128/205 | elapsed_epoch=214.8s
2026-07-07 08:06:13,467 [INFO] [rank=0] [TRAIN] epoch=299/400 | batch=192/205 | sample_locali=192/205 | elapsed_epoch=323.5s
2026-07-07 08:06:35,550 [INFO] [rank=0] [TRAIN] epoch=299/400 | batch=205/205 | sample_locali=205/205 | elapsed_epoch=345.6s
2026-07-07 08:06:37,242 [INFO] [rank=0] [TRAIN] epoch=300/400 | batch=1/205 | sample_locali=1/205 | elapsed_epoch=1.7s
2026-07-07 08:08:23,329 [INFO] [rank=0] [TRAIN] epoch=300/400 | batch=64/205 | sample_locali=64/205 | elapsed_epoch=107.8s
2026-07-07 08:10:12,304 [INFO] [rank=0] [TRAIN] epoch=300/400 | batch=128/205 | sample_locali=128/205 | elapsed_epoch=216.7s
2026-07-07 08:12:00,433 [INFO] [rank=0] [TRAIN] epoch=300/400 | batch=192/205 | sample_locali=192/205 | elapsed_epoch=324.9s
2026-07-07 08:12:22,296 [INFO] [rank=0] [TRAIN] epoch=300/400 | batch=205/205 | sample_locali=205/205 | elapsed_epoch=346.7s
2026-07-07 08:13:41,324 [INFO] [rank=0] [TRAIN] Epoch 0300/0400 | opt_loss=4.80594554 | grad_norm=10.121856 | train_loss=4.80150648 | train_ppl=118.79101568 | test_loss=4.77577482 | test_ppl=115.89732057
2026-07-07 08:13:43,087 [INFO] [rank=0] [TRAIN] epoch=301/400 | batch=1/205 | sample_locali=1/205 | elapsed_epoch=1.8s
2026-07-07 08:15:29,691 [INFO] [rank=0] [TRAIN] epoch=301/400 | batch=64/205 | sample_locali=64/205 | elapsed_epoch=108.4s
2026-07-07 08:17:18,640 [INFO] [rank=0] [TRAIN] epoch=301/400 | batch=128/205 | sample_locali=128/205 | elapsed_epoch=217.3s
2026-07-07 08:19:06,358 [INFO] [rank=0] [TRAIN] epoch=301/400 | batch=192/205 | sample_locali=192/205 | elapsed_epoch=325.0s
2026-07-07 08:19:28,243 [INFO] [rank=0] [TRAIN] epoch=301/400 | batch=205/205 | sample_locali=205/205 | elapsed_epoch=346.9s
2026-07-07 08:19:29,952 [INFO] [rank=0] [TRAIN] epoch=302/400 | batch=1/205 | sample_locali=1/205 | elapsed_epoch=1.7s
2026-07-07 08:21:17,184 [INFO] [rank=0] [TRAIN] epoch=302/400 | batch=64/205 | sample_locali=64/205 | elapsed_epoch=108.9s
2026-07-07 08:23:37,415 [INFO] [rank=0] [TRAIN] epoch=302/400 | batch=128/205 | sample_locali=128/205 | elapsed_epoch=249.2s
2026-07-07 08:25:46,218 [INFO] [rank=0] [TRAIN] epoch=302/400 | batch=192/205 | sample_locali=192/205 | elapsed_epoch=378.0s
2026-07-07 08:26:09,876 [INFO] [rank=0] [TRAIN] epoch=302/400 | batch=205/205 | sample_locali=205/205 | elapsed_epoch=401.6s
2026-07-07 08:26:11,764 [INFO] [rank=0] [TRAIN] epoch=303/400 | batch=1/205 | sample_locali=1/205 | elapsed_epoch=1.9s
2026-07-07 08:28:07,874 [INFO] [rank=0] [TRAIN] epoch=303/400 | batch=64/205 | sample_locali=64/205 | elapsed_epoch=118.0s
2026-07-07 08:30:06,765 [INFO] [rank=0] [TRAIN] epoch=303/400 | batch=128/205 | sample_locali=128/205 | elapsed_epoch=236.9s
2026-07-07 08:32:03,302 [INFO] [rank=0] [TRAIN] epoch=303/400 | batch=192/205 | sample_locali=192/205 | elapsed_epoch=353.4s
2026-07-07 08:32:27,067 [INFO] [rank=0] [TRAIN] epoch=303/400 | batch=205/205 | sample_locali=205/205 | elapsed_epoch=377.2s
2026-07-07 08:32:28,950 [INFO] [rank=0] [TRAIN] epoch=304/400 | batch=1/205 | sample_locali=1/205 | elapsed_epoch=1.9s
2026-07-07 08:34:24,542 [INFO] [rank=0] [TRAIN] epoch=304/400 | batch=64/205 | sample_locali=64/205 | elapsed_epoch=117.5s
2026-07-07 08:36:25,298 [INFO] [rank=0] [TRAIN] epoch=304/400 | batch=128/205 | sample_locali=128/205 | elapsed_epoch=238.2s
2026-07-07 08:38:22,598 [INFO] [rank=0] [TRAIN] epoch=304/400 | batch=192/205 | sample_locali=192/205 | elapsed_epoch=355.5s
2026-07-07 08:38:46,348 [INFO] [rank=0] [TRAIN] epoch=304/400 | batch=205/205 | sample_locali=205/205 | elapsed_epoch=379.3s
2026-07-07 08:38:48,175 [INFO] [rank=0] [TRAIN] epoch=305/400 | batch=1/205 | sample_locali=1/205 | elapsed_epoch=1.8s
2026-07-07 08:40:43,310 [INFO] [rank=0] [TRAIN] epoch=305/400 | batch=64/205 | sample_locali=64/205 | elapsed_epoch=117.0s
2026-07-07 08:42:44,355 [INFO] [rank=0] [TRAIN] epoch=305/400 | batch=128/205 | sample_locali=128/205 | elapsed_epoch=238.0s
2026-07-07 08:44:46,325 [INFO] [rank=0] [TRAIN] epoch=305/400 | batch=192/205 | sample_locali=192/205 | elapsed_epoch=360.0s
2026-07-07 08:45:10,755 [INFO] [rank=0] [TRAIN] epoch=305/400 | batch=205/205 | sample_locali=205/205 | elapsed_epoch=384.4s
2026-07-07 08:45:12,591 [INFO] [rank=0] [TRAIN] epoch=306/400 | batch=1/205 | sample_locali=1/205 | elapsed_epoch=1.8s
2026-07-07 08:47:08,374 [INFO] [rank=0] [TRAIN] epoch=306/400 | batch=64/205 | sample_locali=64/205 | elapsed_epoch=117.6s
2026-07-07 08:49:30,506 [INFO] [rank=0] [TRAIN] epoch=306/400 | batch=128/205 | sample_locali=128/205 | elapsed_epoch=259.7s
2026-07-07 08:51:44,378 [INFO] [rank=0] [TRAIN] epoch=306/400 | batch=192/205 | sample_locali=192/205 | elapsed_epoch=393.6s
2026-07-07 08:52:09,422 [INFO] [rank=0] [TRAIN] epoch=306/400 | batch=205/205 | sample_locali=205/205 | elapsed_epoch=418.7s
2026-07-07 08:52:11,405 [INFO] [rank=0] [TRAIN] epoch=307/400 | batch=1/205 | sample_locali=1/205 | elapsed_epoch=2.0s
2026-07-07 08:54:19,014 [INFO] [rank=0] [TRAIN] epoch=307/400 | batch=64/205 | sample_locali=64/205 | elapsed_epoch=129.6s
2026-07-07 08:56:26,948 [INFO] [rank=0] [TRAIN] epoch=307/400 | batch=128/205 | sample_locali=128/205 | elapsed_epoch=257.5s
2026-07-07 08:58:44,606 [INFO] [rank=0] [TRAIN] epoch=307/400 | batch=192/205 | sample_locali=192/205 | elapsed_epoch=395.2s
2026-07-07 08:59:09,901 [INFO] [rank=0] [TRAIN] epoch=307/400 | batch=205/205 | sample_locali=205/205 | elapsed_epoch=420.5s
2026-07-07 08:59:11,806 [INFO] [rank=0] [TRAIN] epoch=308/400 | batch=1/205 | sample_locali=1/205 | elapsed_epoch=1.9s
2026-07-07 09:01:22,203 [INFO] [rank=0] [TRAIN] epoch=308/400 | batch=64/205 | sample_locali=64/205 | elapsed_epoch=132.3s
2026-07-07 09:03:29,801 [INFO] [rank=0] [TRAIN] epoch=308/400 | batch=128/205 | sample_locali=128/205 | elapsed_epoch=259.9s
2026-07-07 09:05:34,490 [INFO] [rank=0] [TRAIN] epoch=308/400 | batch=192/205 | sample_locali=192/205 | elapsed_epoch=384.6s
2026-07-07 09:05:59,449 [INFO] [rank=0] [TRAIN] epoch=308/400 | batch=205/205 | sample_locali=205/205 | elapsed_epoch=409.5s
2026-07-07 09:06:01,301 [INFO] [rank=0] [TRAIN] epoch=309/400 | batch=1/205 | sample_locali=1/205 | elapsed_epoch=1.8s
2026-07-07 09:08:06,782 [INFO] [rank=0] [TRAIN] epoch=309/400 | batch=64/205 | sample_locali=64/205 | elapsed_epoch=127.3s
2026-07-07 09:10:14,797 [INFO] [rank=0] [TRAIN] epoch=309/400 | batch=128/205 | sample_locali=128/205 | elapsed_epoch=255.3s
2026-07-07 09:12:28,508 [INFO] [rank=0] [TRAIN] epoch=309/400 | batch=192/205 | sample_locali=192/205 | elapsed_epoch=389.1s
2026-07-07 09:12:53,475 [INFO] [rank=0] [TRAIN] epoch=309/400 | batch=205/205 | sample_locali=205/205 | elapsed_epoch=414.0s
2026-07-07 09:12:55,436 [INFO] [rank=0] [TRAIN] epoch=310/400 | batch=1/205 | sample_locali=1/205 | elapsed_epoch=2.0s
2026-07-07 09:14:53,170 [INFO] [rank=0] [TRAIN] epoch=310/400 | batch=64/205 | sample_locali=64/205 | elapsed_epoch=119.7s
2026-07-07 09:16:58,611 [INFO] [rank=0] [TRAIN] epoch=310/400 | batch=128/205 | sample_locali=128/205 | elapsed_epoch=245.1s
2026-07-07 09:19:05,181 [INFO] [rank=0] [TRAIN] epoch=310/400 | batch=192/205 | sample_locali=192/205 | elapsed_epoch=371.7s
2026-07-07 09:19:30,209 [INFO] [rank=0] [TRAIN] epoch=310/400 | batch=205/205 | sample_locali=205/205 | elapsed_epoch=396.7s
2026-07-07 09:19:30,217 [INFO] [rank=0] [TRAIN] Epoch 0310/0400 | opt_loss=4.76207392 | grad_norm=9.916623
2026-07-07 09:19:32,100 [INFO] [rank=0] [TRAIN] epoch=311/400 | batch=1/205 | sample_locali=1/205 | elapsed_epoch=1.9s
2026-07-07 09:21:49,981 [INFO] [rank=0] [TRAIN] epoch=311/400 | batch=64/205 | sample_locali=64/205 | elapsed_epoch=139.8s
2026-07-07 09:24:04,031 [INFO] [rank=0] [TRAIN] epoch=311/400 | batch=128/205 | sample_locali=128/205 | elapsed_epoch=273.8s
2026-07-07 09:26:03,148 [INFO] [rank=0] [TRAIN] epoch=311/400 | batch=192/205 | sample_locali=192/205 | elapsed_epoch=392.9s
2026-07-07 09:26:27,069 [INFO] [rank=0] [TRAIN] epoch=311/400 | batch=205/205 | sample_locali=205/205 | elapsed_epoch=416.9s
2026-07-07 09:26:28,914 [INFO] [rank=0] [TRAIN] epoch=312/400 | batch=1/205 | sample_locali=1/205 | elapsed_epoch=1.8s
2026-07-07 09:28:24,177 [INFO] [rank=0] [TRAIN] epoch=312/400 | batch=64/205 | sample_locali=64/205 | elapsed_epoch=117.1s
2026-07-07 09:30:24,846 [INFO] [rank=0] [TRAIN] epoch=312/400 | batch=128/205 | sample_locali=128/205 | elapsed_epoch=237.8s
2026-07-07 09:32:22,185 [INFO] [rank=0] [TRAIN] epoch=312/400 | batch=192/205 | sample_locali=192/205 | elapsed_epoch=355.1s
2026-07-07 09:32:46,060 [INFO] [rank=0] [TRAIN] epoch=312/400 | batch=205/205 | sample_locali=205/205 | elapsed_epoch=379.0s
2026-07-07 09:32:47,866 [INFO] [rank=0] [TRAIN] epoch=313/400 | batch=1/205 | sample_locali=1/205 | elapsed_epoch=1.8s
2026-07-07 09:34:42,796 [INFO] [rank=0] [TRAIN] epoch=313/400 | batch=64/205 | sample_locali=64/205 | elapsed_epoch=116.7s
2026-07-07 09:36:44,283 [INFO] [rank=0] [TRAIN] epoch=313/400 | batch=128/205 | sample_locali=128/205 | elapsed_epoch=238.2s
2026-07-07 09:38:49,502 [INFO] [rank=0] [TRAIN] epoch=313/400 | batch=192/205 | sample_locali=192/205 | elapsed_epoch=363.4s
2026-07-07 09:39:15,113 [INFO] [rank=0] [TRAIN] epoch=313/400 | batch=205/205 | sample_locali=205/205 | elapsed_epoch=389.0s
2026-07-07 09:39:17,064 [INFO] [rank=0] [TRAIN] epoch=314/400 | batch=1/205 | sample_locali=1/205 | elapsed_epoch=1.9s
2026-07-07 09:41:20,716 [INFO] [rank=0] [TRAIN] epoch=314/400 | batch=64/205 | sample_locali=64/205 | elapsed_epoch=125.6s
2026-07-07 09:43:26,752 [INFO] [rank=0] [TRAIN] epoch=314/400 | batch=128/205 | sample_locali=128/205 | elapsed_epoch=251.6s
2026-07-07 09:45:25,898 [INFO] [rank=0] [TRAIN] epoch=314/400 | batch=192/205 | sample_locali=192/205 | elapsed_epoch=370.8s
2026-07-07 09:45:49,754 [INFO] [rank=0] [TRAIN] epoch=314/400 | batch=205/205 | sample_locali=205/205 | elapsed_epoch=394.6s
2026-07-07 09:45:51,596 [INFO] [rank=0] [TRAIN] epoch=315/400 | batch=1/205 | sample_locali=1/205 | elapsed_epoch=1.8s
2026-07-07 09:47:46,459 [INFO] [rank=0] [TRAIN] epoch=315/400 | batch=64/205 | sample_locali=64/205 | elapsed_epoch=116.7s
2026-07-07 09:49:43,196 [INFO] [rank=0] [TRAIN] epoch=315/400 | batch=128/205 | sample_locali=128/205 | elapsed_epoch=233.4s
2026-07-07 09:51:39,449 [INFO] [rank=0] [TRAIN] epoch=315/400 | batch=192/205 | sample_locali=192/205 | elapsed_epoch=349.7s
2026-07-07 09:52:02,852 [INFO] [rank=0] [TRAIN] epoch=315/400 | batch=205/205 | sample_locali=205/205 | elapsed_epoch=373.1s
2026-07-07 09:52:04,781 [INFO] [rank=0] [TRAIN] epoch=316/400 | batch=1/205 | sample_locali=1/205 | elapsed_epoch=1.9s
2026-07-07 09:53:59,356 [INFO] [rank=0] [TRAIN] epoch=316/400 | batch=64/205 | sample_locali=64/205 | elapsed_epoch=116.5s
2026-07-07 09:55:56,412 [INFO] [rank=0] [TRAIN] epoch=316/400 | batch=128/205 | sample_locali=128/205 | elapsed_epoch=233.6s
2026-07-07 09:58:09,979 [INFO] [rank=0] [TRAIN] epoch=316/400 | batch=192/205 | sample_locali=192/205 | elapsed_epoch=367.1s
2026-07-07 09:58:35,488 [INFO] [rank=0] [TRAIN] epoch=316/400 | batch=205/205 | sample_locali=205/205 | elapsed_epoch=392.6s
2026-07-07 09:58:37,362 [INFO] [rank=0] [TRAIN] epoch=317/400 | batch=1/205 | sample_locali=1/205 | elapsed_epoch=1.9s
2026-07-07 10:00:36,948 [INFO] [rank=0] [TRAIN] epoch=317/400 | batch=64/205 | sample_locali=64/205 | elapsed_epoch=121.5s
2026-07-07 10:02:35,857 [INFO] [rank=0] [TRAIN] epoch=317/400 | batch=128/205 | sample_locali=128/205 | elapsed_epoch=240.4s
2026-07-07 10:04:37,771 [INFO] [rank=0] [TRAIN] epoch=317/400 | batch=192/205 | sample_locali=192/205 | elapsed_epoch=362.3s
2026-07-07 10:05:03,325 [INFO] [rank=0] [TRAIN] epoch=317/400 | batch=205/205 | sample_locali=205/205 | elapsed_epoch=387.8s
2026-07-07 10:05:05,213 [INFO] [rank=0] [TRAIN] epoch=318/400 | batch=1/205 | sample_locali=1/205 | elapsed_epoch=1.9s
2026-07-07 10:07:07,098 [INFO] [rank=0] [TRAIN] epoch=318/400 | batch=64/205 | sample_locali=64/205 | elapsed_epoch=123.8s
2026-07-07 10:09:07,491 [INFO] [rank=0] [TRAIN] epoch=318/400 | batch=128/205 | sample_locali=128/205 | elapsed_epoch=244.2s
2026-07-07 10:11:16,922 [INFO] [rank=0] [TRAIN] epoch=318/400 | batch=192/205 | sample_locali=192/205 | elapsed_epoch=373.6s
2026-07-07 10:11:44,172 [INFO] [rank=0] [TRAIN] epoch=318/400 | batch=205/205 | sample_locali=205/205 | elapsed_epoch=400.8s
2026-07-07 10:11:46,066 [INFO] [rank=0] [TRAIN] epoch=319/400 | batch=1/205 | sample_locali=1/205 | elapsed_epoch=1.9s
2026-07-07 10:13:46,129 [INFO] [rank=0] [TRAIN] epoch=319/400 | batch=64/205 | sample_locali=64/205 | elapsed_epoch=121.9s
2026-07-07 10:15:46,658 [INFO] [rank=0] [TRAIN] epoch=319/400 | batch=128/205 | sample_locali=128/205 | elapsed_epoch=242.5s
2026-07-07 10:17:46,031 [INFO] [rank=0] [TRAIN] epoch=319/400 | batch=192/205 | sample_locali=192/205 | elapsed_epoch=361.8s
2026-07-07 10:18:10,540 [INFO] [rank=0] [TRAIN] epoch=319/400 | batch=205/205 | sample_locali=205/205 | elapsed_epoch=386.4s
2026-07-07 10:18:12,437 [INFO] [rank=0] [TRAIN] epoch=320/400 | batch=1/205 | sample_locali=1/205 | elapsed_epoch=1.9s
2026-07-07 10:20:10,064 [INFO] [rank=0] [TRAIN] epoch=320/400 | batch=64/205 | sample_locali=64/205 | elapsed_epoch=119.5s
2026-07-07 10:22:08,633 [INFO] [rank=0] [TRAIN] epoch=320/400 | batch=128/205 | sample_locali=128/205 | elapsed_epoch=238.1s
2026-07-07 10:24:07,644 [INFO] [rank=0] [TRAIN] epoch=320/400 | batch=192/205 | sample_locali=192/205 | elapsed_epoch=357.1s
2026-07-07 10:24:32,988 [INFO] [rank=0] [TRAIN] epoch=320/400 | batch=205/205 | sample_locali=205/205 | elapsed_epoch=382.4s
2026-07-07 10:24:32,996 [INFO] [rank=0] [TRAIN] Epoch 0320/0400 | opt_loss=4.71934614 | grad_norm=9.693483
2026-07-07 10:24:34,942 [INFO] [rank=0] [TRAIN] epoch=321/400 | batch=1/205 | sample_locali=1/205 | elapsed_epoch=1.9s
2026-07-07 10:26:37,912 [INFO] [rank=0] [TRAIN] epoch=321/400 | batch=64/205 | sample_locali=64/205 | elapsed_epoch=124.9s
2026-07-07 10:28:38,521 [INFO] [rank=0] [TRAIN] epoch=321/400 | batch=128/205 | sample_locali=128/205 | elapsed_epoch=245.5s
2026-07-07 10:30:44,364 [INFO] [rank=0] [TRAIN] epoch=321/400 | batch=192/205 | sample_locali=192/205 | elapsed_epoch=371.4s
2026-07-07 10:31:11,204 [INFO] [rank=0] [TRAIN] epoch=321/400 | batch=205/205 | sample_locali=205/205 | elapsed_epoch=398.2s
2026-07-07 10:31:13,271 [INFO] [rank=0] [TRAIN] epoch=322/400 | batch=1/205 | sample_locali=1/205 | elapsed_epoch=2.1s
2026-07-07 10:33:15,881 [INFO] [rank=0] [TRAIN] epoch=322/400 | batch=64/205 | sample_locali=64/205 | elapsed_epoch=124.7s
2026-07-07 10:35:15,914 [INFO] [rank=0] [TRAIN] epoch=322/400 | batch=128/205 | sample_locali=128/205 | elapsed_epoch=244.7s
2026-07-07 10:37:23,459 [INFO] [rank=0] [TRAIN] epoch=322/400 | batch=192/205 | sample_locali=192/205 | elapsed_epoch=372.2s
2026-07-07 10:37:54,740 [INFO] [rank=0] [TRAIN] epoch=322/400 | batch=205/205 | sample_locali=205/205 | elapsed_epoch=403.5s
2026-07-07 10:37:57,597 [INFO] [rank=0] [TRAIN] epoch=323/400 | batch=1/205 | sample_locali=1/205 | elapsed_epoch=2.8s
2026-07-07 10:40:08,524 [INFO] [rank=0] [TRAIN] epoch=323/400 | batch=64/205 | sample_locali=64/205 | elapsed_epoch=133.8s
2026-07-07 10:42:20,348 [INFO] [rank=0] [TRAIN] epoch=323/400 | batch=128/205 | sample_locali=128/205 | elapsed_epoch=265.6s
2026-07-07 10:44:28,083 [INFO] [rank=0] [TRAIN] epoch=323/400 | batch=192/205 | sample_locali=192/205 | elapsed_epoch=393.3s
2026-07-07 10:44:53,793 [INFO] [rank=0] [TRAIN] epoch=323/400 | batch=205/205 | sample_locali=205/205 | elapsed_epoch=419.0s
2026-07-07 10:44:55,799 [INFO] [rank=0] [TRAIN] epoch=324/400 | batch=1/205 | sample_locali=1/205 | elapsed_epoch=2.0s
2026-07-07 10:47:41,561 [INFO] [rank=0] [TRAIN] epoch=324/400 | batch=64/205 | sample_locali=64/205 | elapsed_epoch=167.8s
2026-07-07 10:49:52,414 [INFO] [rank=0] [TRAIN] epoch=324/400 | batch=128/205 | sample_locali=128/205 | elapsed_epoch=298.6s
2026-07-07 10:52:05,493 [INFO] [rank=0] [TRAIN] epoch=324/400 | batch=192/205 | sample_locali=192/205 | elapsed_epoch=431.7s
2026-07-07 10:52:32,018 [INFO] [rank=0] [TRAIN] epoch=324/400 | batch=205/205 | sample_locali=205/205 | elapsed_epoch=458.2s
2026-07-07 10:52:34,137 [INFO] [rank=0] [TRAIN] epoch=325/400 | batch=1/205 | sample_locali=1/205 | elapsed_epoch=2.1s
2026-07-07 10:54:41,266 [INFO] [rank=0] [TRAIN] epoch=325/400 | batch=64/205 | sample_locali=64/205 | elapsed_epoch=129.2s
2026-07-07 10:56:51,737 [INFO] [rank=0] [TRAIN] epoch=325/400 | batch=128/205 | sample_locali=128/205 | elapsed_epoch=259.7s
2026-07-07 10:59:02,397 [INFO] [rank=0] [TRAIN] epoch=325/400 | batch=192/205 | sample_locali=192/205 | elapsed_epoch=390.3s
2026-07-07 10:59:28,820 [INFO] [rank=0] [TRAIN] epoch=325/400 | batch=205/205 | sample_locali=205/205 | elapsed_epoch=416.8s
2026-07-07 11:01:09,513 [INFO] [rank=0] [TRAIN] epoch=326/400 | batch=1/205 | sample_locali=1/205 | elapsed_epoch=2.2s
2026-07-07 11:03:18,409 [INFO] [rank=0] [TRAIN] epoch=326/400 | batch=64/205 | sample_locali=64/205 | elapsed_epoch=131.1s
2026-07-07 11:05:26,648 [INFO] [rank=0] [TRAIN] epoch=326/400 | batch=128/205 | sample_locali=128/205 | elapsed_epoch=259.4s
2026-07-07 11:07:36,004 [INFO] [rank=0] [TRAIN] epoch=326/400 | batch=192/205 | sample_locali=192/205 | elapsed_epoch=388.7s
2026-07-07 11:08:01,927 [INFO] [rank=0] [TRAIN] epoch=326/400 | batch=205/205 | sample_locali=205/205 | elapsed_epoch=414.6s
2026-07-07 11:08:03,891 [INFO] [rank=0] [TRAIN] epoch=327/400 | batch=1/205 | sample_locali=1/205 | elapsed_epoch=2.0s
2026-07-07 11:10:17,173 [INFO] [rank=0] [TRAIN] epoch=327/400 | batch=64/205 | sample_locali=64/205 | elapsed_epoch=135.2s
2026-07-07 11:12:34,474 [INFO] [rank=0] [TRAIN] epoch=327/400 | batch=128/205 | sample_locali=128/205 | elapsed_epoch=272.5s
2026-07-07 11:14:50,132 [INFO] [rank=0] [TRAIN] epoch=327/400 | batch=192/205 | sample_locali=192/205 | elapsed_epoch=408.2s
2026-07-07 11:15:17,530 [INFO] [rank=0] [TRAIN] epoch=327/400 | batch=205/205 | sample_locali=205/205 | elapsed_epoch=435.6s
2026-07-07 11:15:19,559 [INFO] [rank=0] [TRAIN] epoch=328/400 | batch=1/205 | sample_locali=1/205 | elapsed_epoch=2.0s
2026-07-07 11:17:26,156 [INFO] [rank=0] [TRAIN] epoch=328/400 | batch=64/205 | sample_locali=64/205 | elapsed_epoch=128.6s
2026-07-07 11:19:35,976 [INFO] [rank=0] [TRAIN] epoch=328/400 | batch=128/205 | sample_locali=128/205 | elapsed_epoch=258.4s
2026-07-07 11:21:51,405 [INFO] [rank=0] [TRAIN] epoch=328/400 | batch=192/205 | sample_locali=192/205 | elapsed_epoch=393.9s
2026-07-07 11:22:18,143 [INFO] [rank=0] [TRAIN] epoch=328/400 | batch=205/205 | sample_locali=205/205 | elapsed_epoch=420.6s
2026-07-07 11:22:20,212 [INFO] [rank=0] [TRAIN] epoch=329/400 | batch=1/205 | sample_locali=1/205 | elapsed_epoch=2.1s
2026-07-07 11:24:37,788 [INFO] [rank=0] [TRAIN] epoch=329/400 | batch=64/205 | sample_locali=64/205 | elapsed_epoch=139.6s
2026-07-07 11:27:13,931 [INFO] [rank=0] [TRAIN] epoch=329/400 | batch=128/205 | sample_locali=128/205 | elapsed_epoch=295.8s
2026-07-07 11:29:50,128 [INFO] [rank=0] [TRAIN] epoch=329/400 | batch=192/205 | sample_locali=192/205 | elapsed_epoch=452.0s
2026-07-07 11:30:16,407 [INFO] [rank=0] [TRAIN] epoch=329/400 | batch=205/205 | sample_locali=205/205 | elapsed_epoch=478.2s
2026-07-07 11:30:18,504 [INFO] [rank=0] [TRAIN] epoch=330/400 | batch=1/205 | sample_locali=1/205 | elapsed_epoch=2.1s
2026-07-07 11:32:26,141 [INFO] [rank=0] [TRAIN] epoch=330/400 | batch=64/205 | sample_locali=64/205 | elapsed_epoch=129.7s
2026-07-07 11:34:32,774 [INFO] [rank=0] [TRAIN] epoch=330/400 | batch=128/205 | sample_locali=128/205 | elapsed_epoch=256.4s
2026-07-07 11:36:39,032 [INFO] [rank=0] [TRAIN] epoch=330/400 | batch=192/205 | sample_locali=192/205 | elapsed_epoch=382.6s
2026-07-07 11:37:04,465 [INFO] [rank=0] [TRAIN] epoch=330/400 | batch=205/205 | sample_locali=205/205 | elapsed_epoch=408.0s
2026-07-07 11:37:04,500 [INFO] [rank=0] [TRAIN] Epoch 0330/0400 | opt_loss=4.67775147 | grad_norm=9.451368
2026-07-07 11:37:06,548 [INFO] [rank=0] [TRAIN] epoch=331/400 | batch=1/205 | sample_locali=1/205 | elapsed_epoch=2.0s
2026-07-07 11:39:12,408 [INFO] [rank=0] [TRAIN] epoch=331/400 | batch=64/205 | sample_locali=64/205 | elapsed_epoch=127.9s
2026-07-07 11:41:44,795 [INFO] [rank=0] [TRAIN] epoch=331/400 | batch=128/205 | sample_locali=128/205 | elapsed_epoch=280.3s
2026-07-07 11:43:59,084 [INFO] [rank=0] [TRAIN] epoch=331/400 | batch=192/205 | sample_locali=192/205 | elapsed_epoch=414.6s
2026-07-07 11:44:26,712 [INFO] [rank=0] [TRAIN] epoch=331/400 | batch=205/205 | sample_locali=205/205 | elapsed_epoch=442.2s
2026-07-07 11:44:29,168 [INFO] [rank=0] [TRAIN] epoch=332/400 | batch=1/205 | sample_locali=1/205 | elapsed_epoch=2.4s
2026-07-07 11:47:47,927 [INFO] [rank=0] [TRAIN] epoch=332/400 | batch=64/205 | sample_locali=64/205 | elapsed_epoch=201.2s
2026-07-07 11:50:51,071 [INFO] [rank=0] [TRAIN] epoch=332/400 | batch=128/205 | sample_locali=128/205 | elapsed_epoch=384.3s
2026-07-07 11:52:52,673 [INFO] [rank=0] [TRAIN] epoch=332/400 | batch=192/205 | sample_locali=192/205 | elapsed_epoch=505.9s
2026-07-07 11:53:17,176 [INFO] [rank=0] [TRAIN] epoch=332/400 | batch=205/205 | sample_locali=205/205 | elapsed_epoch=530.4s
2026-07-07 11:53:19,160 [INFO] [rank=0] [TRAIN] epoch=333/400 | batch=1/205 | sample_locali=1/205 | elapsed_epoch=2.0s
2026-07-07 11:55:18,712 [INFO] [rank=0] [TRAIN] epoch=333/400 | batch=64/205 | sample_locali=64/205 | elapsed_epoch=121.5s
2026-07-07 11:57:19,113 [INFO] [rank=0] [TRAIN] epoch=333/400 | batch=128/205 | sample_locali=128/205 | elapsed_epoch=241.9s
2026-07-07 11:59:18,850 [INFO] [rank=0] [TRAIN] epoch=333/400 | batch=192/205 | sample_locali=192/205 | elapsed_epoch=361.7s
2026-07-07 11:59:43,180 [INFO] [rank=0] [TRAIN] epoch=333/400 | batch=205/205 | sample_locali=205/205 | elapsed_epoch=386.0s
2026-07-07 11:59:45,136 [INFO] [rank=0] [TRAIN] epoch=334/400 | batch=1/205 | sample_locali=1/205 | elapsed_epoch=1.9s
2026-07-07 12:01:43,464 [INFO] [rank=0] [TRAIN] epoch=334/400 | batch=64/205 | sample_locali=64/205 | elapsed_epoch=120.3s
2026-07-07 12:03:42,935 [INFO] [rank=0] [TRAIN] epoch=334/400 | batch=128/205 | sample_locali=128/205 | elapsed_epoch=239.7s
2026-07-07 12:05:42,407 [INFO] [rank=0] [TRAIN] epoch=334/400 | batch=192/205 | sample_locali=192/205 | elapsed_epoch=359.2s
2026-07-07 12:06:06,580 [INFO] [rank=0] [TRAIN] epoch=334/400 | batch=205/205 | sample_locali=205/205 | elapsed_epoch=383.4s
2026-07-07 12:06:08,533 [INFO] [rank=0] [TRAIN] epoch=335/400 | batch=1/205 | sample_locali=1/205 | elapsed_epoch=1.9s
2026-07-07 12:08:06,074 [INFO] [rank=0] [TRAIN] epoch=335/400 | batch=64/205 | sample_locali=64/205 | elapsed_epoch=119.5s
2026-07-07 12:10:05,616 [INFO] [rank=0] [TRAIN] epoch=335/400 | batch=128/205 | sample_locali=128/205 | elapsed_epoch=239.0s
2026-07-07 12:12:07,527 [INFO] [rank=0] [TRAIN] epoch=335/400 | batch=192/205 | sample_locali=192/205 | elapsed_epoch=360.9s
2026-07-07 12:12:31,781 [INFO] [rank=0] [TRAIN] epoch=335/400 | batch=205/205 | sample_locali=205/205 | elapsed_epoch=385.2s
2026-07-07 12:12:33,698 [INFO] [rank=0] [TRAIN] epoch=336/400 | batch=1/205 | sample_locali=1/205 | elapsed_epoch=1.9s
2026-07-07 12:14:30,983 [INFO] [rank=0] [TRAIN] epoch=336/400 | batch=64/205 | sample_locali=64/205 | elapsed_epoch=119.2s
2026-07-07 12:16:30,190 [INFO] [rank=0] [TRAIN] epoch=336/400 | batch=128/205 | sample_locali=128/205 | elapsed_epoch=238.4s
2026-07-07 12:18:45,077 [INFO] [rank=0] [TRAIN] epoch=336/400 | batch=192/205 | sample_locali=192/205 | elapsed_epoch=373.3s
2026-07-07 12:19:19,087 [INFO] [rank=0] [TRAIN] epoch=336/400 | batch=205/205 | sample_locali=205/205 | elapsed_epoch=407.3s
2026-07-07 12:19:21,170 [INFO] [rank=0] [TRAIN] epoch=337/400 | batch=1/205 | sample_locali=1/205 | elapsed_epoch=2.1s
2026-07-07 12:21:25,427 [INFO] [rank=0] [TRAIN] epoch=337/400 | batch=64/205 | sample_locali=64/205 | elapsed_epoch=126.3s
2026-07-07 12:23:29,499 [INFO] [rank=0] [TRAIN] epoch=337/400 | batch=128/205 | sample_locali=128/205 | elapsed_epoch=250.4s
2026-07-07 12:25:31,392 [INFO] [rank=0] [TRAIN] epoch=337/400 | batch=192/205 | sample_locali=192/205 | elapsed_epoch=372.3s
2026-07-07 12:25:55,960 [INFO] [rank=0] [TRAIN] epoch=337/400 | batch=205/205 | sample_locali=205/205 | elapsed_epoch=396.9s
2026-07-07 12:25:57,933 [INFO] [rank=0] [TRAIN] epoch=338/400 | batch=1/205 | sample_locali=1/205 | elapsed_epoch=2.0s
2026-07-07 12:27:56,961 [INFO] [rank=0] [TRAIN] epoch=338/400 | batch=64/205 | sample_locali=64/205 | elapsed_epoch=121.0s
2026-07-07 12:29:58,003 [INFO] [rank=0] [TRAIN] epoch=338/400 | batch=128/205 | sample_locali=128/205 | elapsed_epoch=242.0s
2026-07-07 12:31:58,803 [INFO] [rank=0] [TRAIN] epoch=338/400 | batch=192/205 | sample_locali=192/205 | elapsed_epoch=362.8s
2026-07-07 12:32:23,309 [INFO] [rank=0] [TRAIN] epoch=338/400 | batch=205/205 | sample_locali=205/205 | elapsed_epoch=387.3s
2026-07-07 12:32:25,222 [INFO] [rank=0] [TRAIN] epoch=339/400 | batch=1/205 | sample_locali=1/205 | elapsed_epoch=1.9s
2026-07-07 12:34:23,901 [INFO] [rank=0] [TRAIN] epoch=339/400 | batch=64/205 | sample_locali=64/205 | elapsed_epoch=120.5s
2026-07-07 12:36:24,313 [INFO] [rank=0] [TRAIN] epoch=339/400 | batch=128/205 | sample_locali=128/205 | elapsed_epoch=241.0s
2026-07-07 12:38:25,919 [INFO] [rank=0] [TRAIN] epoch=339/400 | batch=192/205 | sample_locali=192/205 | elapsed_epoch=362.6s
2026-07-07 12:38:50,625 [INFO] [rank=0] [TRAIN] epoch=339/400 | batch=205/205 | sample_locali=205/205 | elapsed_epoch=387.3s
2026-07-07 12:38:52,539 [INFO] [rank=0] [TRAIN] epoch=340/400 | batch=1/205 | sample_locali=1/205 | elapsed_epoch=1.9s
2026-07-07 12:40:51,819 [INFO] [rank=0] [TRAIN] epoch=340/400 | batch=64/205 | sample_locali=64/205 | elapsed_epoch=121.2s
2026-07-07 12:42:53,041 [INFO] [rank=0] [TRAIN] epoch=340/400 | batch=128/205 | sample_locali=128/205 | elapsed_epoch=242.4s
2026-07-07 12:44:53,876 [INFO] [rank=0] [TRAIN] epoch=340/400 | batch=192/205 | sample_locali=192/205 | elapsed_epoch=363.2s
2026-07-07 12:45:18,433 [INFO] [rank=0] [TRAIN] epoch=340/400 | batch=205/205 | sample_locali=205/205 | elapsed_epoch=387.8s
2026-07-07 12:45:18,441 [INFO] [rank=0] [TRAIN] Epoch 0340/0400 | opt_loss=4.63728236 | grad_norm=9.189559
2026-07-07 12:45:20,316 [INFO] [rank=0] [TRAIN] epoch=341/400 | batch=1/205 | sample_locali=1/205 | elapsed_epoch=1.9s
2026-07-07 12:47:22,296 [INFO] [rank=0] [TRAIN] epoch=341/400 | batch=64/205 | sample_locali=64/205 | elapsed_epoch=123.9s
2026-07-07 12:49:46,564 [INFO] [rank=0] [TRAIN] epoch=341/400 | batch=128/205 | sample_locali=128/205 | elapsed_epoch=268.1s
2026-07-07 12:51:47,347 [INFO] [rank=0] [TRAIN] epoch=341/400 | batch=192/205 | sample_locali=192/205 | elapsed_epoch=388.9s
2026-07-07 12:52:11,781 [INFO] [rank=0] [TRAIN] epoch=341/400 | batch=205/205 | sample_locali=205/205 | elapsed_epoch=413.3s
2026-07-07 12:52:13,666 [INFO] [rank=0] [TRAIN] epoch=342/400 | batch=1/205 | sample_locali=1/205 | elapsed_epoch=1.9s
2026-07-07 12:54:11,900 [INFO] [rank=0] [TRAIN] epoch=342/400 | batch=64/205 | sample_locali=64/205 | elapsed_epoch=120.1s
2026-07-07 12:56:11,660 [INFO] [rank=0] [TRAIN] epoch=342/400 | batch=128/205 | sample_locali=128/205 | elapsed_epoch=239.8s
2026-07-07 12:58:10,570 [INFO] [rank=0] [TRAIN] epoch=342/400 | batch=192/205 | sample_locali=192/205 | elapsed_epoch=358.8s
2026-07-07 12:58:34,704 [INFO] [rank=0] [TRAIN] epoch=342/400 | batch=205/205 | sample_locali=205/205 | elapsed_epoch=382.9s
2026-07-07 12:58:36,595 [INFO] [rank=0] [TRAIN] epoch=343/400 | batch=1/205 | sample_locali=1/205 | elapsed_epoch=1.9s
2026-07-07 13:00:33,638 [INFO] [rank=0] [TRAIN] epoch=343/400 | batch=64/205 | sample_locali=64/205 | elapsed_epoch=118.9s
2026-07-07 13:02:32,546 [INFO] [rank=0] [TRAIN] epoch=343/400 | batch=128/205 | sample_locali=128/205 | elapsed_epoch=237.8s
2026-07-07 13:04:31,203 [INFO] [rank=0] [TRAIN] epoch=343/400 | batch=192/205 | sample_locali=192/205 | elapsed_epoch=356.5s
2026-07-07 13:04:55,331 [INFO] [rank=0] [TRAIN] epoch=343/400 | batch=205/205 | sample_locali=205/205 | elapsed_epoch=380.6s
2026-07-07 13:04:57,243 [INFO] [rank=0] [TRAIN] epoch=344/400 | batch=1/205 | sample_locali=1/205 | elapsed_epoch=1.9s
2026-07-07 13:06:54,063 [INFO] [rank=0] [TRAIN] epoch=344/400 | batch=64/205 | sample_locali=64/205 | elapsed_epoch=118.7s
2026-07-07 13:08:52,799 [INFO] [rank=0] [TRAIN] epoch=344/400 | batch=128/205 | sample_locali=128/205 | elapsed_epoch=237.5s
2026-07-07 13:10:52,141 [INFO] [rank=0] [TRAIN] epoch=344/400 | batch=192/205 | sample_locali=192/205 | elapsed_epoch=356.8s
2026-07-07 13:11:16,453 [INFO] [rank=0] [TRAIN] epoch=344/400 | batch=205/205 | sample_locali=205/205 | elapsed_epoch=381.1s
2026-07-07 13:11:18,324 [INFO] [rank=0] [TRAIN] epoch=345/400 | batch=1/205 | sample_locali=1/205 | elapsed_epoch=1.9s
2026-07-07 13:13:15,359 [INFO] [rank=0] [TRAIN] epoch=345/400 | batch=64/205 | sample_locali=64/205 | elapsed_epoch=118.9s
2026-07-07 13:15:14,088 [INFO] [rank=0] [TRAIN] epoch=345/400 | batch=128/205 | sample_locali=128/205 | elapsed_epoch=237.6s
2026-07-07 13:17:12,627 [INFO] [rank=0] [TRAIN] epoch=345/400 | batch=192/205 | sample_locali=192/205 | elapsed_epoch=356.2s
2026-07-07 13:17:36,790 [INFO] [rank=0] [TRAIN] epoch=345/400 | batch=205/205 | sample_locali=205/205 | elapsed_epoch=380.3s
2026-07-07 13:17:38,620 [INFO] [rank=0] [TRAIN] epoch=346/400 | batch=1/205 | sample_locali=1/205 | elapsed_epoch=1.8s
2026-07-07 13:19:35,338 [INFO] [rank=0] [TRAIN] epoch=346/400 | batch=64/205 | sample_locali=64/205 | elapsed_epoch=118.5s
2026-07-07 13:21:34,401 [INFO] [rank=0] [TRAIN] epoch=346/400 | batch=128/205 | sample_locali=128/205 | elapsed_epoch=237.6s
2026-07-07 13:23:33,122 [INFO] [rank=0] [TRAIN] epoch=346/400 | batch=192/205 | sample_locali=192/205 | elapsed_epoch=356.3s
2026-07-07 13:23:57,261 [INFO] [rank=0] [TRAIN] epoch=346/400 | batch=205/205 | sample_locali=205/205 | elapsed_epoch=380.5s
2026-07-07 13:23:59,102 [INFO] [rank=0] [TRAIN] epoch=347/400 | batch=1/205 | sample_locali=1/205 | elapsed_epoch=1.8s
2026-07-07 13:25:56,189 [INFO] [rank=0] [TRAIN] epoch=347/400 | batch=64/205 | sample_locali=64/205 | elapsed_epoch=118.9s
2026-07-07 13:27:54,859 [INFO] [rank=0] [TRAIN] epoch=347/400 | batch=128/205 | sample_locali=128/205 | elapsed_epoch=237.6s
2026-07-07 13:29:53,567 [INFO] [rank=0] [TRAIN] epoch=347/400 | batch=192/205 | sample_locali=192/205 | elapsed_epoch=356.3s
2026-07-07 13:30:17,811 [INFO] [rank=0] [TRAIN] epoch=347/400 | batch=205/205 | sample_locali=205/205 | elapsed_epoch=380.5s
2026-07-07 13:30:19,684 [INFO] [rank=0] [TRAIN] epoch=348/400 | batch=1/205 | sample_locali=1/205 | elapsed_epoch=1.9s
2026-07-07 13:32:16,467 [INFO] [rank=0] [TRAIN] epoch=348/400 | batch=64/205 | sample_locali=64/205 | elapsed_epoch=118.6s
2026-07-07 13:34:15,009 [INFO] [rank=0] [TRAIN] epoch=348/400 | batch=128/205 | sample_locali=128/205 | elapsed_epoch=237.2s
2026-07-07 13:36:13,949 [INFO] [rank=0] [TRAIN] epoch=348/400 | batch=192/205 | sample_locali=192/205 | elapsed_epoch=356.1s
2026-07-07 13:36:37,979 [INFO] [rank=0] [TRAIN] epoch=348/400 | batch=205/205 | sample_locali=205/205 | elapsed_epoch=380.2s
2026-07-07 13:36:39,835 [INFO] [rank=0] [TRAIN] epoch=349/400 | batch=1/205 | sample_locali=1/205 | elapsed_epoch=1.8s
2026-07-07 13:38:36,695 [INFO] [rank=0] [TRAIN] epoch=349/400 | batch=64/205 | sample_locali=64/205 | elapsed_epoch=118.7s
2026-07-07 13:40:35,341 [INFO] [rank=0] [TRAIN] epoch=349/400 | batch=128/205 | sample_locali=128/205 | elapsed_epoch=237.4s
2026-07-07 13:42:34,177 [INFO] [rank=0] [TRAIN] epoch=349/400 | batch=192/205 | sample_locali=192/205 | elapsed_epoch=356.2s
2026-07-07 13:42:58,345 [INFO] [rank=0] [TRAIN] epoch=349/400 | batch=205/205 | sample_locali=205/205 | elapsed_epoch=380.4s
2026-07-07 13:43:00,246 [INFO] [rank=0] [TRAIN] epoch=350/400 | batch=1/205 | sample_locali=1/205 | elapsed_epoch=1.9s
2026-07-07 13:44:57,445 [INFO] [rank=0] [TRAIN] epoch=350/400 | batch=64/205 | sample_locali=64/205 | elapsed_epoch=119.1s
2026-07-07 13:46:56,169 [INFO] [rank=0] [TRAIN] epoch=350/400 | batch=128/205 | sample_locali=128/205 | elapsed_epoch=237.8s
2026-07-07 13:48:55,164 [INFO] [rank=0] [TRAIN] epoch=350/400 | batch=192/205 | sample_locali=192/205 | elapsed_epoch=356.8s
2026-07-07 13:49:19,256 [INFO] [rank=0] [TRAIN] epoch=350/400 | batch=205/205 | sample_locali=205/205 | elapsed_epoch=380.9s
2026-07-07 13:50:43,411 [INFO] [rank=0] [TRAIN] Epoch 0350/0400 | opt_loss=4.59793028 | grad_norm=8.907773 | train_loss=4.59405604 | train_ppl=96.95540095 | test_loss=4.57041807 | test_ppl=94.82193020
2026-07-07 13:50:45,275 [INFO] [rank=0] [TRAIN] epoch=351/400 | batch=1/205 | sample_locali=1/205 | elapsed_epoch=1.9s
2026-07-07 13:52:41,641 [INFO] [rank=0] [TRAIN] epoch=351/400 | batch=64/205 | sample_locali=64/205 | elapsed_epoch=118.2s
2026-07-07 13:54:39,677 [INFO] [rank=0] [TRAIN] epoch=351/400 | batch=128/205 | sample_locali=128/205 | elapsed_epoch=236.3s
2026-07-07 13:56:38,160 [INFO] [rank=0] [TRAIN] epoch=351/400 | batch=192/205 | sample_locali=192/205 | elapsed_epoch=354.7s
2026-07-07 13:57:02,143 [INFO] [rank=0] [TRAIN] epoch=351/400 | batch=205/205 | sample_locali=205/205 | elapsed_epoch=378.7s
2026-07-07 13:57:04,055 [INFO] [rank=0] [TRAIN] epoch=352/400 | batch=1/205 | sample_locali=1/205 | elapsed_epoch=1.9s
2026-07-07 13:59:00,344 [INFO] [rank=0] [TRAIN] epoch=352/400 | batch=64/205 | sample_locali=64/205 | elapsed_epoch=118.2s
2026-07-07 14:00:58,630 [INFO] [rank=0] [TRAIN] epoch=352/400 | batch=128/205 | sample_locali=128/205 | elapsed_epoch=236.5s
2026-07-07 14:02:56,589 [INFO] [rank=0] [TRAIN] epoch=352/400 | batch=192/205 | sample_locali=192/205 | elapsed_epoch=354.4s
2026-07-07 14:03:20,531 [INFO] [rank=0] [TRAIN] epoch=352/400 | batch=205/205 | sample_locali=205/205 | elapsed_epoch=378.4s
2026-07-07 14:03:22,374 [INFO] [rank=0] [TRAIN] epoch=353/400 | batch=1/205 | sample_locali=1/205 | elapsed_epoch=1.8s
2026-07-07 14:05:19,013 [INFO] [rank=0] [TRAIN] epoch=353/400 | batch=64/205 | sample_locali=64/205 | elapsed_epoch=118.5s
2026-07-07 14:07:17,461 [INFO] [rank=0] [TRAIN] epoch=353/400 | batch=128/205 | sample_locali=128/205 | elapsed_epoch=236.9s
2026-07-07 14:09:16,288 [INFO] [rank=0] [TRAIN] epoch=353/400 | batch=192/205 | sample_locali=192/205 | elapsed_epoch=355.7s
2026-07-07 14:09:40,550 [INFO] [rank=0] [TRAIN] epoch=353/400 | batch=205/205 | sample_locali=205/205 | elapsed_epoch=380.0s
2026-07-07 14:09:42,411 [INFO] [rank=0] [TRAIN] epoch=354/400 | batch=1/205 | sample_locali=1/205 | elapsed_epoch=1.9s
2026-07-07 14:11:39,157 [INFO] [rank=0] [TRAIN] epoch=354/400 | batch=64/205 | sample_locali=64/205 | elapsed_epoch=118.6s
2026-07-07 14:13:38,036 [INFO] [rank=0] [TRAIN] epoch=354/400 | batch=128/205 | sample_locali=128/205 | elapsed_epoch=237.5s
2026-07-07 14:15:36,733 [INFO] [rank=0] [TRAIN] epoch=354/400 | batch=192/205 | sample_locali=192/205 | elapsed_epoch=356.2s
2026-07-07 14:16:00,887 [INFO] [rank=0] [TRAIN] epoch=354/400 | batch=205/205 | sample_locali=205/205 | elapsed_epoch=380.3s
2026-07-07 14:16:02,725 [INFO] [rank=0] [TRAIN] epoch=355/400 | batch=1/205 | sample_locali=1/205 | elapsed_epoch=1.8s
2026-07-07 14:18:00,155 [INFO] [rank=0] [TRAIN] epoch=355/400 | batch=64/205 | sample_locali=64/205 | elapsed_epoch=119.3s
2026-07-07 14:19:59,004 [INFO] [rank=0] [TRAIN] epoch=355/400 | batch=128/205 | sample_locali=128/205 | elapsed_epoch=238.1s
2026-07-07 14:21:59,954 [INFO] [rank=0] [TRAIN] epoch=355/400 | batch=192/205 | sample_locali=192/205 | elapsed_epoch=359.1s
2026-07-07 14:22:25,112 [INFO] [rank=0] [TRAIN] epoch=355/400 | batch=205/205 | sample_locali=205/205 | elapsed_epoch=384.2s
2026-07-07 14:22:26,957 [INFO] [rank=0] [TRAIN] epoch=356/400 | batch=1/205 | sample_locali=1/205 | elapsed_epoch=1.8s
2026-07-07 14:24:24,919 [INFO] [rank=0] [TRAIN] epoch=356/400 | batch=64/205 | sample_locali=64/205 | elapsed_epoch=119.8s
2026-07-07 14:26:24,424 [INFO] [rank=0] [TRAIN] epoch=356/400 | batch=128/205 | sample_locali=128/205 | elapsed_epoch=239.3s
2026-07-07 14:28:23,435 [INFO] [rank=0] [TRAIN] epoch=356/400 | batch=192/205 | sample_locali=192/205 | elapsed_epoch=358.3s
2026-07-07 14:28:47,732 [INFO] [rank=0] [TRAIN] epoch=356/400 | batch=205/205 | sample_locali=205/205 | elapsed_epoch=382.6s
2026-07-07 14:28:49,622 [INFO] [rank=0] [TRAIN] epoch=357/400 | batch=1/205 | sample_locali=1/205 | elapsed_epoch=1.9s
2026-07-07 14:30:47,233 [INFO] [rank=0] [TRAIN] epoch=357/400 | batch=64/205 | sample_locali=64/205 | elapsed_epoch=119.5s
2026-07-07 14:32:46,595 [INFO] [rank=0] [TRAIN] epoch=357/400 | batch=128/205 | sample_locali=128/205 | elapsed_epoch=238.9s
2026-07-07 14:34:46,264 [INFO] [rank=0] [TRAIN] epoch=357/400 | batch=192/205 | sample_locali=192/205 | elapsed_epoch=358.5s
2026-07-07 14:35:10,462 [INFO] [rank=0] [TRAIN] epoch=357/400 | batch=205/205 | sample_locali=205/205 | elapsed_epoch=382.7s
2026-07-07 14:35:12,293 [INFO] [rank=0] [TRAIN] epoch=358/400 | batch=1/205 | sample_locali=1/205 | elapsed_epoch=1.8s
2026-07-07 14:37:09,803 [INFO] [rank=0] [TRAIN] epoch=358/400 | batch=64/205 | sample_locali=64/205 | elapsed_epoch=119.3s
2026-07-07 14:39:09,486 [INFO] [rank=0] [TRAIN] epoch=358/400 | batch=128/205 | sample_locali=128/205 | elapsed_epoch=239.0s
2026-07-07 14:41:24,297 [INFO] [rank=0] [TRAIN] epoch=358/400 | batch=192/205 | sample_locali=192/205 | elapsed_epoch=373.8s
2026-07-07 14:41:52,325 [INFO] [rank=0] [TRAIN] epoch=358/400 | batch=205/205 | sample_locali=205/205 | elapsed_epoch=401.9s
2026-07-07 14:41:54,437 [INFO] [rank=0] [TRAIN] epoch=359/400 | batch=1/205 | sample_locali=1/205 | elapsed_epoch=2.1s
2026-07-07 14:44:03,403 [INFO] [rank=0] [TRAIN] epoch=359/400 | batch=64/205 | sample_locali=64/205 | elapsed_epoch=131.1s
2026-07-07 14:46:13,531 [INFO] [rank=0] [TRAIN] epoch=359/400 | batch=128/205 | sample_locali=128/205 | elapsed_epoch=261.2s
2026-07-07 14:49:26,800 [INFO] [rank=0] [TRAIN] epoch=359/400 | batch=192/205 | sample_locali=192/205 | elapsed_epoch=454.5s
2026-07-07 14:50:10,564 [INFO] [rank=0] [TRAIN] epoch=359/400 | batch=205/205 | sample_locali=205/205 | elapsed_epoch=498.2s
2026-07-07 14:50:13,962 [INFO] [rank=0] [TRAIN] epoch=360/400 | batch=1/205 | sample_locali=1/205 | elapsed_epoch=3.4s
2026-07-07 14:54:00,276 [INFO] [rank=0] [TRAIN] epoch=360/400 | batch=64/205 | sample_locali=64/205 | elapsed_epoch=229.7s
2026-07-07 14:56:19,793 [INFO] [rank=0] [TRAIN] epoch=360/400 | batch=128/205 | sample_locali=128/205 | elapsed_epoch=369.2s
2026-07-07 14:58:30,092 [INFO] [rank=0] [TRAIN] epoch=360/400 | batch=192/205 | sample_locali=192/205 | elapsed_epoch=499.5s
2026-07-07 14:58:55,906 [INFO] [rank=0] [TRAIN] epoch=360/400 | batch=205/205 | sample_locali=205/205 | elapsed_epoch=525.3s
2026-07-07 14:58:55,915 [INFO] [rank=0] [TRAIN] Epoch 0360/0400 | opt_loss=4.55968113 | grad_norm=8.606265
2026-07-07 14:58:57,929 [INFO] [rank=0] [TRAIN] epoch=361/400 | batch=1/205 | sample_locali=1/205 | elapsed_epoch=2.0s
2026-07-07 15:01:08,230 [INFO] [rank=0] [TRAIN] epoch=361/400 | batch=64/205 | sample_locali=64/205 | elapsed_epoch=132.3s
2026-07-07 15:03:15,590 [INFO] [rank=0] [TRAIN] epoch=361/400 | batch=128/205 | sample_locali=128/205 | elapsed_epoch=259.7s
2026-07-07 15:05:23,987 [INFO] [rank=0] [TRAIN] epoch=361/400 | batch=192/205 | sample_locali=192/205 | elapsed_epoch=388.1s
2026-07-07 15:05:49,942 [INFO] [rank=0] [TRAIN] epoch=361/400 | batch=205/205 | sample_locali=205/205 | elapsed_epoch=414.0s
2026-07-07 15:05:51,957 [INFO] [rank=0] [TRAIN] epoch=362/400 | batch=1/205 | sample_locali=1/205 | elapsed_epoch=2.0s
2026-07-07 15:08:00,616 [INFO] [rank=0] [TRAIN] epoch=362/400 | batch=64/205 | sample_locali=64/205 | elapsed_epoch=130.6s
2026-07-07 15:10:10,532 [INFO] [rank=0] [TRAIN] epoch=362/400 | batch=128/205 | sample_locali=128/205 | elapsed_epoch=260.6s
2026-07-07 15:12:33,125 [INFO] [rank=0] [TRAIN] epoch=362/400 | batch=192/205 | sample_locali=192/205 | elapsed_epoch=403.1s
2026-07-07 15:12:59,154 [INFO] [rank=0] [TRAIN] epoch=362/400 | batch=205/205 | sample_locali=205/205 | elapsed_epoch=429.2s
2026-07-07 15:13:01,156 [INFO] [rank=0] [TRAIN] epoch=363/400 | batch=1/205 | sample_locali=1/205 | elapsed_epoch=2.0s
2026-07-07 15:15:07,073 [INFO] [rank=0] [TRAIN] epoch=363/400 | batch=64/205 | sample_locali=64/205 | elapsed_epoch=127.9s
2026-07-07 15:17:24,697 [INFO] [rank=0] [TRAIN] epoch=363/400 | batch=128/205 | sample_locali=128/205 | elapsed_epoch=265.5s
2026-07-07 15:19:37,628 [INFO] [rank=0] [TRAIN] epoch=363/400 | batch=192/205 | sample_locali=192/205 | elapsed_epoch=398.5s
2026-07-07 15:20:04,665 [INFO] [rank=0] [TRAIN] epoch=363/400 | batch=205/205 | sample_locali=205/205 | elapsed_epoch=425.5s
2026-07-07 15:20:06,814 [INFO] [rank=0] [TRAIN] epoch=364/400 | batch=1/205 | sample_locali=1/205 | elapsed_epoch=2.1s
2026-07-07 15:22:14,974 [INFO] [rank=0] [TRAIN] epoch=364/400 | batch=64/205 | sample_locali=64/205 | elapsed_epoch=130.3s
2026-07-07 15:24:24,359 [INFO] [rank=0] [TRAIN] epoch=364/400 | batch=128/205 | sample_locali=128/205 | elapsed_epoch=259.7s
2026-07-07 15:26:34,726 [INFO] [rank=0] [TRAIN] epoch=364/400 | batch=192/205 | sample_locali=192/205 | elapsed_epoch=390.1s
2026-07-07 15:27:00,790 [INFO] [rank=0] [TRAIN] epoch=364/400 | batch=205/205 | sample_locali=205/205 | elapsed_epoch=416.1s
2026-07-07 15:27:02,919 [INFO] [rank=0] [TRAIN] epoch=365/400 | batch=1/205 | sample_locali=1/205 | elapsed_epoch=2.1s
2026-07-07 15:29:13,203 [INFO] [rank=0] [TRAIN] epoch=365/400 | batch=64/205 | sample_locali=64/205 | elapsed_epoch=132.4s
2026-07-07 15:31:28,704 [INFO] [rank=0] [TRAIN] epoch=365/400 | batch=128/205 | sample_locali=128/205 | elapsed_epoch=267.9s
2026-07-07 15:34:01,954 [INFO] [rank=0] [TRAIN] epoch=365/400 | batch=192/205 | sample_locali=192/205 | elapsed_epoch=421.2s
2026-07-07 15:34:33,642 [INFO] [rank=0] [TRAIN] epoch=365/400 | batch=205/205 | sample_locali=205/205 | elapsed_epoch=452.8s
2026-07-07 15:34:36,006 [INFO] [rank=0] [TRAIN] epoch=366/400 | batch=1/205 | sample_locali=1/205 | elapsed_epoch=2.3s
2026-07-07 15:37:07,374 [INFO] [rank=0] [TRAIN] epoch=366/400 | batch=64/205 | sample_locali=64/205 | elapsed_epoch=153.7s
2026-07-07 15:39:36,617 [INFO] [rank=0] [TRAIN] epoch=366/400 | batch=128/205 | sample_locali=128/205 | elapsed_epoch=303.0s
2026-07-07 15:41:59,404 [INFO] [rank=0] [TRAIN] epoch=366/400 | batch=192/205 | sample_locali=192/205 | elapsed_epoch=445.7s
2026-07-07 15:42:27,119 [INFO] [rank=0] [TRAIN] epoch=366/400 | batch=205/205 | sample_locali=205/205 | elapsed_epoch=473.5s
2026-07-07 15:42:29,123 [INFO] [rank=0] [TRAIN] epoch=367/400 | batch=1/205 | sample_locali=1/205 | elapsed_epoch=2.0s
2026-07-07 15:44:39,559 [INFO] [rank=0] [TRAIN] epoch=367/400 | batch=64/205 | sample_locali=64/205 | elapsed_epoch=132.4s
2026-07-07 15:46:49,021 [INFO] [rank=0] [TRAIN] epoch=367/400 | batch=128/205 | sample_locali=128/205 | elapsed_epoch=261.9s
2026-07-07 15:48:59,574 [INFO] [rank=0] [TRAIN] epoch=367/400 | batch=192/205 | sample_locali=192/205 | elapsed_epoch=392.4s
2026-07-07 15:49:25,955 [INFO] [rank=0] [TRAIN] epoch=367/400 | batch=205/205 | sample_locali=205/205 | elapsed_epoch=418.8s
2026-07-07 15:49:28,161 [INFO] [rank=0] [TRAIN] epoch=368/400 | batch=1/205 | sample_locali=1/205 | elapsed_epoch=2.2s
2026-07-07 15:51:36,215 [INFO] [rank=0] [TRAIN] epoch=368/400 | batch=64/205 | sample_locali=64/205 | elapsed_epoch=130.2s
2026-07-07 15:53:45,278 [INFO] [rank=0] [TRAIN] epoch=368/400 | batch=128/205 | sample_locali=128/205 | elapsed_epoch=259.3s
2026-07-07 15:55:53,494 [INFO] [rank=0] [TRAIN] epoch=368/400 | batch=192/205 | sample_locali=192/205 | elapsed_epoch=387.5s
2026-07-07 15:56:19,822 [INFO] [rank=0] [TRAIN] epoch=368/400 | batch=205/205 | sample_locali=205/205 | elapsed_epoch=413.8s
2026-07-07 15:56:21,919 [INFO] [rank=0] [TRAIN] epoch=369/400 | batch=1/205 | sample_locali=1/205 | elapsed_epoch=2.1s
2026-07-07 15:58:28,685 [INFO] [rank=0] [TRAIN] epoch=369/400 | batch=64/205 | sample_locali=64/205 | elapsed_epoch=128.9s
2026-07-07 16:00:37,905 [INFO] [rank=0] [TRAIN] epoch=369/400 | batch=128/205 | sample_locali=128/205 | elapsed_epoch=258.1s
2026-07-07 16:02:47,447 [INFO] [rank=0] [TRAIN] epoch=369/400 | batch=192/205 | sample_locali=192/205 | elapsed_epoch=387.6s
2026-07-07 16:03:13,625 [INFO] [rank=0] [TRAIN] epoch=369/400 | batch=205/205 | sample_locali=205/205 | elapsed_epoch=413.8s
2026-07-07 16:03:15,851 [INFO] [rank=0] [TRAIN] epoch=370/400 | batch=1/205 | sample_locali=1/205 | elapsed_epoch=2.2s
2026-07-07 16:05:23,085 [INFO] [rank=0] [TRAIN] epoch=370/400 | batch=64/205 | sample_locali=64/205 | elapsed_epoch=129.5s
2026-07-07 16:07:31,585 [INFO] [rank=0] [TRAIN] epoch=370/400 | batch=128/205 | sample_locali=128/205 | elapsed_epoch=258.0s
2026-07-07 16:09:40,745 [INFO] [rank=0] [TRAIN] epoch=370/400 | batch=192/205 | sample_locali=192/205 | elapsed_epoch=387.1s
2026-07-07 16:10:07,041 [INFO] [rank=0] [TRAIN] epoch=370/400 | batch=205/205 | sample_locali=205/205 | elapsed_epoch=413.4s
2026-07-07 16:10:07,081 [INFO] [rank=0] [TRAIN] Epoch 0370/0400 | opt_loss=4.52251046 | grad_norm=8.285909
2026-07-07 16:10:09,246 [INFO] [rank=0] [TRAIN] epoch=371/400 | batch=1/205 | sample_locali=1/205 | elapsed_epoch=2.2s
2026-07-07 16:12:16,609 [INFO] [rank=0] [TRAIN] epoch=371/400 | batch=64/205 | sample_locali=64/205 | elapsed_epoch=129.5s
2026-07-07 16:14:24,613 [INFO] [rank=0] [TRAIN] epoch=371/400 | batch=128/205 | sample_locali=128/205 | elapsed_epoch=257.5s
2026-07-07 16:16:33,192 [INFO] [rank=0] [TRAIN] epoch=371/400 | batch=192/205 | sample_locali=192/205 | elapsed_epoch=386.1s
2026-07-07 16:16:59,201 [INFO] [rank=0] [TRAIN] epoch=371/400 | batch=205/205 | sample_locali=205/205 | elapsed_epoch=412.1s
2026-07-07 16:17:01,337 [INFO] [rank=0] [TRAIN] epoch=372/400 | batch=1/205 | sample_locali=1/205 | elapsed_epoch=2.1s
2026-07-07 16:19:08,009 [INFO] [rank=0] [TRAIN] epoch=372/400 | batch=64/205 | sample_locali=64/205 | elapsed_epoch=128.8s
2026-07-07 17:14:15,193 [INFO] [rank=0] [MPI] Avvio backend distribuito JAX+PennyLane su 1 rank
2026-07-07 17:14:15,290 [INFO] [rank=0] [DATA] Frasi testuali caricate: 256 | lunghezza=17
2026-07-07 17:14:15,291 [INFO] [rank=0] [DATA] Split frasi | train=205 | test=51
2026-07-07 17:14:18,055 [INFO] [rank=0] [RESUME] Parametri inizializzati da checkpoint: results\checkpoints\20260707_071328_paper_T16active_d4_nlo2_256sent_e400_from290\best_checkpoint.npz
2026-07-07 17:14:18,055 [INFO] [rank=0] [RESUME] Stato Adam ripristinato | optimizer_step=371
2026-07-07 17:14:18,333 [INFO] [rank=0] [TRAIN] Backend JAX+PennyLane+MPI | epochs=400 | lr=0.0001 | padded_sequence_length=16
2026-07-07 17:14:18,333 [INFO] [rank=0] [RESUME] Continuazione da epoch=371; target totale=400; epoche rimanenti=29
2026-07-07 17:14:18,333 [INFO] [rank=0] [TRAIN] Run label=paper_T16active_d4_nlo2_256sent_e400_from371
2026-07-07 17:14:18,333 [INFO] [rank=0] [TRAIN] Device=lightning.qubit | interface=jax | diff_method=adjoint | train_batch_size=1
2026-07-07 17:14:18,334 [INFO] [rank=0] [MPI] ranks=1 | sample_globali=205 | sample_locali_medi~=205
2026-07-07 17:14:18,334 [INFO] [rank=0] [TRAIN] Time budget attivo: 4320.0 minuti (~72.00 ore)
2026-07-07 17:14:18,334 [INFO] [rank=0] [TRAIN] Esecuzione quantistica in mini-batch con backend Lightning
2026-07-07 17:14:33,103 [INFO] [rank=0] [TRAIN] epoch=372/400 | batch=1/205 | sample_locali=1/205 | elapsed_epoch=14.8s
2026-07-07 17:16:28,213 [INFO] [rank=0] [TRAIN] epoch=372/400 | batch=64/205 | sample_locali=64/205 | elapsed_epoch=129.9s
2026-07-07 17:18:21,960 [INFO] [rank=0] [TRAIN] epoch=372/400 | batch=128/205 | sample_locali=128/205 | elapsed_epoch=243.6s
2026-07-07 17:20:19,851 [INFO] [rank=0] [TRAIN] epoch=372/400 | batch=192/205 | sample_locali=192/205 | elapsed_epoch=361.5s
2026-07-07 17:20:44,659 [INFO] [rank=0] [TRAIN] epoch=372/400 | batch=205/205 | sample_locali=205/205 | elapsed_epoch=386.3s
2026-07-07 17:20:47,732 [INFO] [rank=0] [TRAIN] epoch=373/400 | batch=1/205 | sample_locali=1/205 | elapsed_epoch=1.8s
2026-07-07 17:22:45,976 [INFO] [rank=0] [TRAIN] epoch=373/400 | batch=64/205 | sample_locali=64/205 | elapsed_epoch=120.1s
2026-07-07 17:24:43,451 [INFO] [rank=0] [TRAIN] epoch=373/400 | batch=128/205 | sample_locali=128/205 | elapsed_epoch=237.5s
2026-07-07 17:26:37,245 [INFO] [rank=0] [TRAIN] epoch=373/400 | batch=192/205 | sample_locali=192/205 | elapsed_epoch=351.3s
2026-07-07 17:27:00,317 [INFO] [rank=0] [TRAIN] epoch=373/400 | batch=205/205 | sample_locali=205/205 | elapsed_epoch=374.4s
2026-07-07 17:27:02,099 [INFO] [rank=0] [TRAIN] epoch=374/400 | batch=1/205 | sample_locali=1/205 | elapsed_epoch=1.8s
2026-07-07 17:28:53,325 [INFO] [rank=0] [TRAIN] epoch=374/400 | batch=64/205 | sample_locali=64/205 | elapsed_epoch=113.0s
2026-07-07 17:30:47,228 [INFO] [rank=0] [TRAIN] epoch=374/400 | batch=128/205 | sample_locali=128/205 | elapsed_epoch=226.9s
2026-07-07 17:32:40,620 [INFO] [rank=0] [TRAIN] epoch=374/400 | batch=192/205 | sample_locali=192/205 | elapsed_epoch=340.3s
2026-07-07 17:33:03,604 [INFO] [rank=0] [TRAIN] epoch=374/400 | batch=205/205 | sample_locali=205/205 | elapsed_epoch=363.3s
2026-07-07 17:33:05,381 [INFO] [rank=0] [TRAIN] epoch=375/400 | batch=1/205 | sample_locali=1/205 | elapsed_epoch=1.8s
2026-07-07 17:34:56,671 [INFO] [rank=0] [TRAIN] epoch=375/400 | batch=64/205 | sample_locali=64/205 | elapsed_epoch=113.1s
2026-07-07 17:36:51,307 [INFO] [rank=0] [TRAIN] epoch=375/400 | batch=128/205 | sample_locali=128/205 | elapsed_epoch=227.7s
2026-07-07 17:38:56,276 [INFO] [rank=0] [TRAIN] epoch=375/400 | batch=192/205 | sample_locali=192/205 | elapsed_epoch=352.7s
2026-07-07 17:39:21,139 [INFO] [rank=0] [TRAIN] epoch=375/400 | batch=205/205 | sample_locali=205/205 | elapsed_epoch=377.5s
2026-07-07 17:40:53,749 [INFO] [rank=0] [TRAIN] epoch=376/400 | batch=1/205 | sample_locali=1/205 | elapsed_epoch=1.9s
2026-07-07 17:42:46,724 [INFO] [rank=0] [TRAIN] epoch=376/400 | batch=64/205 | sample_locali=64/205 | elapsed_epoch=114.9s
2026-07-07 17:44:40,409 [INFO] [rank=0] [TRAIN] epoch=376/400 | batch=128/205 | sample_locali=128/205 | elapsed_epoch=228.6s
2026-07-07 17:46:33,811 [INFO] [rank=0] [TRAIN] epoch=376/400 | batch=192/205 | sample_locali=192/205 | elapsed_epoch=342.0s
2026-07-07 17:46:56,816 [INFO] [rank=0] [TRAIN] epoch=376/400 | batch=205/205 | sample_locali=205/205 | elapsed_epoch=365.0s
2026-07-07 17:46:58,578 [INFO] [rank=0] [TRAIN] epoch=377/400 | batch=1/205 | sample_locali=1/205 | elapsed_epoch=1.8s
2026-07-07 17:49:01,913 [INFO] [rank=0] [TRAIN] epoch=377/400 | batch=64/205 | sample_locali=64/205 | elapsed_epoch=125.1s
2026-07-07 17:52:12,129 [INFO] [rank=0] [TRAIN] epoch=377/400 | batch=128/205 | sample_locali=128/205 | elapsed_epoch=315.3s
2026-07-07 17:54:31,496 [INFO] [rank=0] [TRAIN] epoch=377/400 | batch=192/205 | sample_locali=192/205 | elapsed_epoch=454.7s
2026-07-07 17:54:55,184 [INFO] [rank=0] [TRAIN] epoch=377/400 | batch=205/205 | sample_locali=205/205 | elapsed_epoch=478.4s
2026-07-07 17:54:57,019 [INFO] [rank=0] [TRAIN] epoch=378/400 | batch=1/205 | sample_locali=1/205 | elapsed_epoch=1.8s
2026-07-07 17:56:59,630 [INFO] [rank=0] [TRAIN] epoch=378/400 | batch=64/205 | sample_locali=64/205 | elapsed_epoch=124.4s
2026-07-07 17:58:57,479 [INFO] [rank=0] [TRAIN] epoch=378/400 | batch=128/205 | sample_locali=128/205 | elapsed_epoch=242.3s
2026-07-07 18:00:51,911 [INFO] [rank=0] [TRAIN] epoch=378/400 | batch=192/205 | sample_locali=192/205 | elapsed_epoch=356.7s
2026-07-07 18:01:15,083 [INFO] [rank=0] [TRAIN] epoch=378/400 | batch=205/205 | sample_locali=205/205 | elapsed_epoch=379.9s
2026-07-07 18:01:16,856 [INFO] [rank=0] [TRAIN] epoch=379/400 | batch=1/205 | sample_locali=1/205 | elapsed_epoch=1.8s
2026-07-07 18:03:15,547 [INFO] [rank=0] [TRAIN] epoch=379/400 | batch=64/205 | sample_locali=64/205 | elapsed_epoch=120.5s
2026-07-07 18:05:58,078 [INFO] [rank=0] [TRAIN] epoch=379/400 | batch=128/205 | sample_locali=128/205 | elapsed_epoch=283.0s
2026-07-07 18:08:42,997 [INFO] [rank=0] [TRAIN] epoch=379/400 | batch=192/205 | sample_locali=192/205 | elapsed_epoch=447.9s
2026-07-07 18:09:19,227 [INFO] [rank=0] [TRAIN] epoch=379/400 | batch=205/205 | sample_locali=205/205 | elapsed_epoch=484.1s
2026-07-07 18:09:22,217 [INFO] [rank=0] [TRAIN] epoch=380/400 | batch=1/205 | sample_locali=1/205 | elapsed_epoch=3.0s
2026-07-07 18:12:31,519 [INFO] [rank=0] [TRAIN] epoch=380/400 | batch=64/205 | sample_locali=64/205 | elapsed_epoch=192.3s
2026-07-07 18:16:29,762 [INFO] [rank=0] [TRAIN] epoch=380/400 | batch=128/205 | sample_locali=128/205 | elapsed_epoch=430.5s
2026-07-07 18:21:30,612 [INFO] [rank=0] [TRAIN] epoch=380/400 | batch=192/205 | sample_locali=192/205 | elapsed_epoch=731.4s
2026-07-07 18:22:15,822 [INFO] [rank=0] [TRAIN] epoch=380/400 | batch=205/205 | sample_locali=205/205 | elapsed_epoch=776.6s
2026-07-07 18:22:15,842 [INFO] [rank=0] [TRAIN] Epoch 0380/0400 | opt_loss=4.48637869 | grad_norm=7.948223
2026-07-07 18:22:20,835 [INFO] [rank=0] [TRAIN] epoch=381/400 | batch=1/205 | sample_locali=1/205 | elapsed_epoch=5.0s
2026-07-07 18:28:52,898 [INFO] [rank=0] [MPI] Avvio backend distribuito JAX+PennyLane su 1 rank
2026-07-07 18:28:53,017 [INFO] [rank=0] [DATA] Frasi testuali caricate: 256 | lunghezza=17
2026-07-07 18:28:53,018 [INFO] [rank=0] [DATA] Split frasi | train=205 | test=51
2026-07-07 18:28:55,591 [INFO] [rank=0] [RESUME] Parametri inizializzati da checkpoint: results\checkpoints\20260707_171418_paper_T16active_d4_nlo2_256sent_e400_from371\best_checkpoint.npz
2026-07-07 18:28:55,591 [INFO] [rank=0] [RESUME] Stato Adam ripristinato | optimizer_step=380
2026-07-07 18:28:55,844 [INFO] [rank=0] [TRAIN] Backend JAX+PennyLane+MPI | epochs=400 | lr=0.0001 | padded_sequence_length=16
2026-07-07 18:28:55,844 [INFO] [rank=0] [RESUME] Continuazione da epoch=380; target totale=400; epoche rimanenti=20
2026-07-07 18:28:55,844 [INFO] [rank=0] [TRAIN] Run label=paper_T16active_d4_nlo2_256sent_e400_from380
2026-07-07 18:28:55,845 [INFO] [rank=0] [TRAIN] Device=lightning.qubit | interface=jax | diff_method=adjoint | train_batch_size=1
2026-07-07 18:28:55,845 [INFO] [rank=0] [MPI] ranks=1 | sample_globali=205 | sample_locali_medi~=205
2026-07-07 18:28:55,845 [INFO] [rank=0] [TRAIN] Time budget attivo: 4320.0 minuti (~72.00 ore)
2026-07-07 18:28:55,845 [INFO] [rank=0] [TRAIN] Esecuzione quantistica in mini-batch con backend Lightning
2026-07-07 18:29:12,094 [INFO] [rank=0] [TRAIN] epoch=381/400 | batch=1/205 | sample_locali=1/205 | elapsed_epoch=16.2s
2026-07-07 18:31:06,837 [INFO] [rank=0] [TRAIN] epoch=381/400 | batch=64/205 | sample_locali=64/205 | elapsed_epoch=131.0s
2026-07-07 18:32:58,217 [INFO] [rank=0] [TRAIN] epoch=381/400 | batch=128/205 | sample_locali=128/205 | elapsed_epoch=242.4s
2026-07-07 18:34:46,709 [INFO] [rank=0] [TRAIN] epoch=381/400 | batch=192/205 | sample_locali=192/205 | elapsed_epoch=350.9s
2026-07-07 18:35:08,607 [INFO] [rank=0] [TRAIN] epoch=381/400 | batch=205/205 | sample_locali=205/205 | elapsed_epoch=372.8s
2026-07-07 18:35:11,412 [INFO] [rank=0] [TRAIN] epoch=382/400 | batch=1/205 | sample_locali=1/205 | elapsed_epoch=1.7s
2026-07-07 18:37:00,005 [INFO] [rank=0] [TRAIN] epoch=382/400 | batch=64/205 | sample_locali=64/205 | elapsed_epoch=110.3s
2026-07-07 18:38:52,059 [INFO] [rank=0] [TRAIN] epoch=382/400 | batch=128/205 | sample_locali=128/205 | elapsed_epoch=222.4s
2026-07-07 18:40:39,987 [INFO] [rank=0] [TRAIN] epoch=382/400 | batch=192/205 | sample_locali=192/205 | elapsed_epoch=330.3s
2026-07-07 18:41:02,270 [INFO] [rank=0] [TRAIN] epoch=382/400 | batch=205/205 | sample_locali=205/205 | elapsed_epoch=352.6s
2026-07-07 18:41:04,004 [INFO] [rank=0] [TRAIN] epoch=383/400 | batch=1/205 | sample_locali=1/205 | elapsed_epoch=1.7s
2026-07-07 18:42:50,052 [INFO] [rank=0] [TRAIN] epoch=383/400 | batch=64/205 | sample_locali=64/205 | elapsed_epoch=107.8s
2026-07-07 18:44:40,165 [INFO] [rank=0] [TRAIN] epoch=383/400 | batch=128/205 | sample_locali=128/205 | elapsed_epoch=217.9s
2026-07-07 18:46:28,256 [INFO] [rank=0] [TRAIN] epoch=383/400 | batch=192/205 | sample_locali=192/205 | elapsed_epoch=326.0s
2026-07-07 18:46:50,498 [INFO] [rank=0] [TRAIN] epoch=383/400 | batch=205/205 | sample_locali=205/205 | elapsed_epoch=348.2s
2026-07-07 18:46:52,276 [INFO] [rank=0] [TRAIN] epoch=384/400 | batch=1/205 | sample_locali=1/205 | elapsed_epoch=1.8s
2026-07-07 18:48:39,540 [INFO] [rank=0] [TRAIN] epoch=384/400 | batch=64/205 | sample_locali=64/205 | elapsed_epoch=109.0s
2026-07-07 18:50:27,535 [INFO] [rank=0] [TRAIN] epoch=384/400 | batch=128/205 | sample_locali=128/205 | elapsed_epoch=217.0s
2026-07-07 18:52:15,653 [INFO] [rank=0] [TRAIN] epoch=384/400 | batch=192/205 | sample_locali=192/205 | elapsed_epoch=325.1s
2026-07-07 18:52:37,491 [INFO] [rank=0] [TRAIN] epoch=384/400 | batch=205/205 | sample_locali=205/205 | elapsed_epoch=347.0s
2026-07-07 18:52:39,220 [INFO] [rank=0] [TRAIN] epoch=385/400 | batch=1/205 | sample_locali=1/205 | elapsed_epoch=1.7s
2026-07-07 18:54:25,431 [INFO] [rank=0] [TRAIN] epoch=385/400 | batch=64/205 | sample_locali=64/205 | elapsed_epoch=107.9s
2026-07-07 18:56:12,959 [INFO] [rank=0] [TRAIN] epoch=385/400 | batch=128/205 | sample_locali=128/205 | elapsed_epoch=215.5s
2026-07-07 18:58:01,156 [INFO] [rank=0] [TRAIN] epoch=385/400 | batch=192/205 | sample_locali=192/205 | elapsed_epoch=323.7s
2026-07-07 18:58:23,064 [INFO] [rank=0] [TRAIN] epoch=385/400 | batch=205/205 | sample_locali=205/205 | elapsed_epoch=345.6s
2026-07-07 18:58:24,780 [INFO] [rank=0] [TRAIN] epoch=386/400 | batch=1/205 | sample_locali=1/205 | elapsed_epoch=1.7s
2026-07-07 19:00:10,581 [INFO] [rank=0] [TRAIN] epoch=386/400 | batch=64/205 | sample_locali=64/205 | elapsed_epoch=107.5s
2026-07-07 19:01:57,972 [INFO] [rank=0] [TRAIN] epoch=386/400 | batch=128/205 | sample_locali=128/205 | elapsed_epoch=214.9s
2026-07-07 19:03:45,346 [INFO] [rank=0] [TRAIN] epoch=386/400 | batch=192/205 | sample_locali=192/205 | elapsed_epoch=322.3s
2026-07-07 19:04:07,147 [INFO] [rank=0] [TRAIN] epoch=386/400 | batch=205/205 | sample_locali=205/205 | elapsed_epoch=344.1s
2026-07-07 19:04:08,913 [INFO] [rank=0] [TRAIN] epoch=387/400 | batch=1/205 | sample_locali=1/205 | elapsed_epoch=1.8s
2026-07-07 19:05:54,778 [INFO] [rank=0] [TRAIN] epoch=387/400 | batch=64/205 | sample_locali=64/205 | elapsed_epoch=107.6s
2026-07-07 19:07:42,136 [INFO] [rank=0] [TRAIN] epoch=387/400 | batch=128/205 | sample_locali=128/205 | elapsed_epoch=215.0s
2026-07-07 19:09:29,171 [INFO] [rank=0] [TRAIN] epoch=387/400 | batch=192/205 | sample_locali=192/205 | elapsed_epoch=322.0s
2026-07-07 19:09:51,158 [INFO] [rank=0] [TRAIN] epoch=387/400 | batch=205/205 | sample_locali=205/205 | elapsed_epoch=344.0s
2026-07-07 19:09:52,949 [INFO] [rank=0] [TRAIN] epoch=388/400 | batch=1/205 | sample_locali=1/205 | elapsed_epoch=1.8s
2026-07-07 19:11:39,812 [INFO] [rank=0] [TRAIN] epoch=388/400 | batch=64/205 | sample_locali=64/205 | elapsed_epoch=108.6s
2026-07-07 19:13:27,828 [INFO] [rank=0] [TRAIN] epoch=388/400 | batch=128/205 | sample_locali=128/205 | elapsed_epoch=216.7s
2026-07-07 19:15:15,490 [INFO] [rank=0] [TRAIN] epoch=388/400 | batch=192/205 | sample_locali=192/205 | elapsed_epoch=324.3s
2026-07-07 19:15:37,486 [INFO] [rank=0] [TRAIN] epoch=388/400 | batch=205/205 | sample_locali=205/205 | elapsed_epoch=346.3s
2026-07-07 19:15:39,215 [INFO] [rank=0] [TRAIN] epoch=389/400 | batch=1/205 | sample_locali=1/205 | elapsed_epoch=1.7s
2026-07-07 19:17:24,886 [INFO] [rank=0] [TRAIN] epoch=389/400 | batch=64/205 | sample_locali=64/205 | elapsed_epoch=107.4s
2026-07-07 19:19:12,646 [INFO] [rank=0] [TRAIN] epoch=389/400 | batch=128/205 | sample_locali=128/205 | elapsed_epoch=215.2s
2026-07-07 19:21:00,426 [INFO] [rank=0] [TRAIN] epoch=389/400 | batch=192/205 | sample_locali=192/205 | elapsed_epoch=322.9s
2026-07-07 19:21:22,322 [INFO] [rank=0] [TRAIN] epoch=389/400 | batch=205/205 | sample_locali=205/205 | elapsed_epoch=344.8s
2026-07-07 19:21:24,037 [INFO] [rank=0] [TRAIN] epoch=390/400 | batch=1/205 | sample_locali=1/205 | elapsed_epoch=1.7s
2026-07-07 19:23:09,933 [INFO] [rank=0] [TRAIN] epoch=390/400 | batch=64/205 | sample_locali=64/205 | elapsed_epoch=107.6s
2026-07-07 19:24:57,775 [INFO] [rank=0] [TRAIN] epoch=390/400 | batch=128/205 | sample_locali=128/205 | elapsed_epoch=215.4s
2026-07-07 19:26:45,893 [INFO] [rank=0] [TRAIN] epoch=390/400 | batch=192/205 | sample_locali=192/205 | elapsed_epoch=323.6s
2026-07-07 19:27:07,848 [INFO] [rank=0] [TRAIN] epoch=390/400 | batch=205/205 | sample_locali=205/205 | elapsed_epoch=345.5s
2026-07-07 19:27:07,856 [INFO] [rank=0] [TRAIN] Epoch 0390/0400 | opt_loss=4.45122661 | grad_norm=7.595367
2026-07-07 19:27:09,578 [INFO] [rank=0] [TRAIN] epoch=391/400 | batch=1/205 | sample_locali=1/205 | elapsed_epoch=1.7s
2026-07-07 19:28:55,829 [INFO] [rank=0] [TRAIN] epoch=391/400 | batch=64/205 | sample_locali=64/205 | elapsed_epoch=108.0s
2026-07-07 19:30:43,273 [INFO] [rank=0] [TRAIN] epoch=391/400 | batch=128/205 | sample_locali=128/205 | elapsed_epoch=215.4s
2026-07-07 19:32:32,253 [INFO] [rank=0] [TRAIN] epoch=391/400 | batch=192/205 | sample_locali=192/205 | elapsed_epoch=324.4s
2026-07-07 19:32:55,155 [INFO] [rank=0] [TRAIN] epoch=391/400 | batch=205/205 | sample_locali=205/205 | elapsed_epoch=347.3s
2026-07-07 19:32:56,949 [INFO] [rank=0] [TRAIN] epoch=392/400 | batch=1/205 | sample_locali=1/205 | elapsed_epoch=1.8s
2026-07-07 19:34:43,562 [INFO] [rank=0] [TRAIN] epoch=392/400 | batch=64/205 | sample_locali=64/205 | elapsed_epoch=108.4s
2026-07-07 19:36:31,279 [INFO] [rank=0] [TRAIN] epoch=392/400 | batch=128/205 | sample_locali=128/205 | elapsed_epoch=216.1s
2026-07-07 19:38:19,042 [INFO] [rank=0] [TRAIN] epoch=392/400 | batch=192/205 | sample_locali=192/205 | elapsed_epoch=323.9s
2026-07-07 19:38:40,950 [INFO] [rank=0] [TRAIN] epoch=392/400 | batch=205/205 | sample_locali=205/205 | elapsed_epoch=345.8s
2026-07-07 19:38:42,671 [INFO] [rank=0] [TRAIN] epoch=393/400 | batch=1/205 | sample_locali=1/205 | elapsed_epoch=1.7s
2026-07-07 19:40:28,897 [INFO] [rank=0] [TRAIN] epoch=393/400 | batch=64/205 | sample_locali=64/205 | elapsed_epoch=107.9s
2026-07-07 19:42:16,993 [INFO] [rank=0] [TRAIN] epoch=393/400 | batch=128/205 | sample_locali=128/205 | elapsed_epoch=216.0s
2026-07-07 19:44:04,542 [INFO] [rank=0] [TRAIN] epoch=393/400 | batch=192/205 | sample_locali=192/205 | elapsed_epoch=323.6s
2026-07-07 19:44:26,353 [INFO] [rank=0] [TRAIN] epoch=393/400 | batch=205/205 | sample_locali=205/205 | elapsed_epoch=345.4s
2026-07-07 19:44:28,090 [INFO] [rank=0] [TRAIN] epoch=394/400 | batch=1/205 | sample_locali=1/205 | elapsed_epoch=1.7s
2026-07-07 19:46:13,937 [INFO] [rank=0] [TRAIN] epoch=394/400 | batch=64/205 | sample_locali=64/205 | elapsed_epoch=107.6s
2026-07-07 19:48:01,454 [INFO] [rank=0] [TRAIN] epoch=394/400 | batch=128/205 | sample_locali=128/205 | elapsed_epoch=215.1s
2026-07-07 19:49:48,950 [INFO] [rank=0] [TRAIN] epoch=394/400 | batch=192/205 | sample_locali=192/205 | elapsed_epoch=322.6s
2026-07-07 19:50:10,764 [INFO] [rank=0] [TRAIN] epoch=394/400 | batch=205/205 | sample_locali=205/205 | elapsed_epoch=344.4s
2026-07-07 19:50:12,516 [INFO] [rank=0] [TRAIN] epoch=395/400 | batch=1/205 | sample_locali=1/205 | elapsed_epoch=1.7s
2026-07-07 19:51:58,061 [INFO] [rank=0] [TRAIN] epoch=395/400 | batch=64/205 | sample_locali=64/205 | elapsed_epoch=107.3s
2026-07-07 19:53:45,427 [INFO] [rank=0] [TRAIN] epoch=395/400 | batch=128/205 | sample_locali=128/205 | elapsed_epoch=214.7s
2026-07-07 19:55:32,634 [INFO] [rank=0] [TRAIN] epoch=395/400 | batch=192/205 | sample_locali=192/205 | elapsed_epoch=321.9s
2026-07-07 19:55:54,453 [INFO] [rank=0] [TRAIN] epoch=395/400 | batch=205/205 | sample_locali=205/205 | elapsed_epoch=343.7s
2026-07-07 19:55:56,182 [INFO] [rank=0] [TRAIN] epoch=396/400 | batch=1/205 | sample_locali=1/205 | elapsed_epoch=1.7s
2026-07-07 19:57:41,509 [INFO] [rank=0] [TRAIN] epoch=396/400 | batch=64/205 | sample_locali=64/205 | elapsed_epoch=107.0s
2026-07-07 19:59:28,885 [INFO] [rank=0] [TRAIN] epoch=396/400 | batch=128/205 | sample_locali=128/205 | elapsed_epoch=214.4s
2026-07-07 20:01:16,379 [INFO] [rank=0] [TRAIN] epoch=396/400 | batch=192/205 | sample_locali=192/205 | elapsed_epoch=321.9s
2026-07-07 20:01:38,279 [INFO] [rank=0] [TRAIN] epoch=396/400 | batch=205/205 | sample_locali=205/205 | elapsed_epoch=343.8s
2026-07-07 20:01:40,076 [INFO] [rank=0] [TRAIN] epoch=397/400 | batch=1/205 | sample_locali=1/205 | elapsed_epoch=1.8s
2026-07-07 20:03:25,895 [INFO] [rank=0] [TRAIN] epoch=397/400 | batch=64/205 | sample_locali=64/205 | elapsed_epoch=107.6s
2026-07-07 20:05:13,055 [INFO] [rank=0] [TRAIN] epoch=397/400 | batch=128/205 | sample_locali=128/205 | elapsed_epoch=214.8s
2026-07-07 20:07:00,258 [INFO] [rank=0] [TRAIN] epoch=397/400 | batch=192/205 | sample_locali=192/205 | elapsed_epoch=322.0s
2026-07-07 20:07:21,951 [INFO] [rank=0] [TRAIN] epoch=397/400 | batch=205/205 | sample_locali=205/205 | elapsed_epoch=343.7s
2026-07-07 20:07:23,664 [INFO] [rank=0] [TRAIN] epoch=398/400 | batch=1/205 | sample_locali=1/205 | elapsed_epoch=1.7s
2026-07-07 20:09:09,508 [INFO] [rank=0] [TRAIN] epoch=398/400 | batch=64/205 | sample_locali=64/205 | elapsed_epoch=107.5s
2026-07-07 20:10:57,024 [INFO] [rank=0] [TRAIN] epoch=398/400 | batch=128/205 | sample_locali=128/205 | elapsed_epoch=215.1s
2026-07-07 20:12:44,412 [INFO] [rank=0] [TRAIN] epoch=398/400 | batch=192/205 | sample_locali=192/205 | elapsed_epoch=322.5s
2026-07-07 20:13:06,245 [INFO] [rank=0] [TRAIN] epoch=398/400 | batch=205/205 | sample_locali=205/205 | elapsed_epoch=344.3s
2026-07-07 20:13:08,003 [INFO] [rank=0] [TRAIN] epoch=399/400 | batch=1/205 | sample_locali=1/205 | elapsed_epoch=1.8s
2026-07-07 20:14:54,125 [INFO] [rank=0] [TRAIN] epoch=399/400 | batch=64/205 | sample_locali=64/205 | elapsed_epoch=107.9s
2026-07-07 20:16:41,486 [INFO] [rank=0] [TRAIN] epoch=399/400 | batch=128/205 | sample_locali=128/205 | elapsed_epoch=215.2s
2026-07-07 20:18:28,970 [INFO] [rank=0] [TRAIN] epoch=399/400 | batch=192/205 | sample_locali=192/205 | elapsed_epoch=322.7s
2026-07-07 20:18:50,865 [INFO] [rank=0] [TRAIN] epoch=399/400 | batch=205/205 | sample_locali=205/205 | elapsed_epoch=344.6s
2026-07-07 20:18:52,599 [INFO] [rank=0] [TRAIN] epoch=400/400 | batch=1/205 | sample_locali=1/205 | elapsed_epoch=1.7s
2026-07-07 20:20:38,311 [INFO] [rank=0] [TRAIN] epoch=400/400 | batch=64/205 | sample_locali=64/205 | elapsed_epoch=107.4s
2026-07-07 20:22:25,555 [INFO] [rank=0] [TRAIN] epoch=400/400 | batch=128/205 | sample_locali=128/205 | elapsed_epoch=214.7s
2026-07-07 20:24:13,074 [INFO] [rank=0] [TRAIN] epoch=400/400 | batch=192/205 | sample_locali=192/205 | elapsed_epoch=322.2s
2026-07-07 20:24:34,941 [INFO] [rank=0] [TRAIN] epoch=400/400 | batch=205/205 | sample_locali=205/205 | elapsed_epoch=344.1s
2026-07-07 20:25:53,718 [INFO] [rank=0] [TRAIN] Epoch 0400/0400 | opt_loss=4.41697159 | grad_norm=7.230090 | train_loss=4.41359148 | train_ppl=81.20865050 | test_loss=4.39215554 | test_ppl=79.62749009
2026-07-07 20:25:53,718 [INFO] [rank=0] [EVAL] Valutazione finale su train/test holdout
2026-07-07 20:27:12,243 [INFO] [rank=0] [EVAL] Final train | loss=4.41359148 | ppl=81.20865050
2026-07-07 20:27:12,243 [INFO] [rank=0] [EVAL] Final test  | loss=4.39215554 | ppl=79.62749009
2026-07-07 20:27:12,243 [INFO] [rank=0] [SAVE] Run completata: results\run_20260707_202710_seed42_paper_T16active_d4_nlo2_256sent_e400_from380
2026-07-07 20:27:12,243 [INFO] [rank=0] [SAVE] Matrici: results\run_20260707_202710_seed42_paper_T16active_d4_nlo2_256sent_e400_from380\matrices
2026-07-07 20:27:12,243 [INFO] [rank=0] [SAVE] Parametri: results\run_20260707_202710_seed42_paper_T16active_d4_nlo2_256sent_e400_from380\parameters
2026-07-07 20:27:12,244 [INFO] [rank=0] [SAVE] Summary: results\run_20260707_202710_seed42_paper_T16active_d4_nlo2_256sent_e400_from380\summaries
2026-07-07 20:27:12,244 [INFO] [rank=0] [SAVE] Plots: results\run_20260707_202710_seed42_paper_T16active_d4_nlo2_256sent_e400_from380\plots
2026-07-07 20:27:12,820 [INFO] [rank=0] [Rank 0] Uscita pulita (exit=0)
2026-07-13 17:19:10,821 [INFO] [rank=0] [MPI] Avvio backend distribuito JAX+PennyLane su 1 rank
2026-07-13 17:19:13,477 [INFO] [rank=0] [QSA] Section-2 training | T=2 d=4 k=2 n_qubits=8 epochs=2
2026-07-13 17:19:14,365 [INFO] [rank=0] [QSA] epoch=001/2 loss=5.801087
2026-07-13 17:19:14,365 [INFO] [rank=0] [QSA] epoch=002/2 loss=5.779121
2026-07-13 17:19:14,387 [INFO] [rank=0] [QSA] mean_O_ij=0.056205 | ref d^-1/2=0.500000 | ref sqrt(k/d)=0.707107
2026-07-13 17:19:14,394 [INFO] [rank=0] [QSA] Risultati salvati in results\run_20260713_171910_seed42_smoke_section2
2026-07-13 17:19:14,394 [INFO] [rank=0] [Rank 0] Uscita pulita (exit=0)
